solid OpenSCAD_Model
  facet normal 1 0 0
    outer loop
      vertex 14.049999237060547 -5 2.59999942779541
      vertex 14.049999237060547 5 2.299999237060547
      vertex 14.049999237060547 5 2.59999942779541
    endloop
  endfacet
  facet normal 1 0 0
    outer loop
      vertex 14.049999237060547 5 2.299999237060547
      vertex 14.049999237060547 -5 2.59999942779541
      vertex 14.049999237060547 -5 2.299999237060547
    endloop
  endfacet
  facet normal 0 0 1
    outer loop
      vertex 14.049999237060547 5 2.59999942779541
      vertex 13.565427780151367 1.5908565521240234 2.59999942779541
      vertex 14.049999237060547 -5 2.59999942779541
    endloop
  endfacet
  facet normal 0 0 1
    outer loop
      vertex 14.049999237060547 5 2.59999942779541
      vertex 11.974571228027344 1.5908565521240234 2.59999942779541
      vertex 13.565427780151367 1.5908565521240234 2.59999942779541
    endloop
  endfacet
  facet normal 0 0 1
    outer loop
      vertex 11.974571228027344 1.5908565521240234 2.59999942779541
      vertex 11.25 5 2.59999942779541
      vertex 11.974571228027344 -1.5908565521240234 2.59999942779541
    endloop
  endfacet
  facet normal 0 0 1
    outer loop
      vertex 11.25 5 2.59999942779541
      vertex 11.974571228027344 1.5908565521240234 2.59999942779541
      vertex 14.049999237060547 5 2.59999942779541
    endloop
  endfacet
  facet normal 0 0 1
    outer loop
      vertex 13.565427780151367 -1.5908565521240234 2.59999942779541
      vertex 14.049999237060547 -5 2.59999942779541
      vertex 13.565427780151367 1.5908565521240234 2.59999942779541
    endloop
  endfacet
  facet normal 0 0 1
    outer loop
      vertex 11.974571228027344 -1.5908565521240234 2.59999942779541
      vertex 14.049999237060547 -5 2.59999942779541
      vertex 13.565427780151367 -1.5908565521240234 2.59999942779541
    endloop
  endfacet
  facet normal 0 0 1
    outer loop
      vertex 11.974571228027344 -1.5908565521240234 2.59999942779541
      vertex 11.25 -5 2.59999942779541
      vertex 14.049999237060547 -5 2.59999942779541
    endloop
  endfacet
  facet normal 0 0 1
    outer loop
      vertex 11.25 -5 2.59999942779541
      vertex 11.974571228027344 -1.5908565521240234 2.59999942779541
      vertex 11.25 5 2.59999942779541
    endloop
  endfacet
  facet normal 0 0 -1
    outer loop
      vertex 8.391640663146973 8.4375 0
      vertex -7.266640663146973 9.5625 0
      vertex 7.266640663146973 9.5625 0
    endloop
  endfacet
  facet normal 0 0 -1
    outer loop
      vertex -7.266640663146973 9.5625 0
      vertex 8.391640663146973 8.4375 0
      vertex -8.391640663146973 8.4375 0
    endloop
  endfacet
  facet normal 0 0 -1
    outer loop
      vertex 10.5 6.1875 0
      vertex -9.516640663146973 7.3125 0
      vertex 9.516640663146973 7.3125 0
    endloop
  endfacet
  facet normal 0 0 -1
    outer loop
      vertex -9.516640663146973 7.3125 0
      vertex 10.5 6.1875 0
      vertex -10.5 6.1875 0
    endloop
  endfacet
  facet normal 0 0 -1
    outer loop
      vertex -10.5 3.9375 0
      vertex 10.5 5.0625 0
      vertex 10.5 3.9375 0
    endloop
  endfacet
  facet normal 0 0 -1
    outer loop
      vertex 10.5 5.0625 0
      vertex -10.5 3.9375 0
      vertex -10.5 5.0625 0
    endloop
  endfacet
  facet normal 0 0 -1
    outer loop
      vertex -10.5 1.6875 0
      vertex 10.5 2.8125 0
      vertex 10.5 1.6875 0
    endloop
  endfacet
  facet normal 0 0 -1
    outer loop
      vertex 10.5 2.8125 0
      vertex -10.5 1.6875 0
      vertex -10.5 2.8125 0
    endloop
  endfacet
  facet normal 0 0 -1
    outer loop
      vertex -10.5 -0.5625 0
      vertex 10.5 0.5625 0
      vertex 10.5 -0.5625 0
    endloop
  endfacet
  facet normal 0 0 -1
    outer loop
      vertex 10.5 0.5625 0
      vertex -10.5 -0.5625 0
      vertex -10.5 0.5625 0
    endloop
  endfacet
  facet normal 0 0 -1
    outer loop
      vertex -10.5 -2.8125 0
      vertex 10.5 -1.6875 0
      vertex 10.5 -2.8125 0
    endloop
  endfacet
  facet normal 0 0 -1
    outer loop
      vertex 10.5 -1.6875 0
      vertex -10.5 -2.8125 0
      vertex -10.5 -1.6875 0
    endloop
  endfacet
  facet normal 0 0 -1
    outer loop
      vertex -10.5 -5.0625 0
      vertex 10.5 -3.9375 0
      vertex 10.5 -5.0625 0
    endloop
  endfacet
  facet normal 0 0 -1
    outer loop
      vertex 10.5 -3.9375 0
      vertex -10.5 -5.0625 0
      vertex -10.5 -3.9375 0
    endloop
  endfacet
  facet normal 0 0 -1
    outer loop
      vertex 10.5 -5.0625 0
      vertex 14.25 -14.25 0
      vertex 10.5 -6.1875 0
    endloop
  endfacet
  facet normal 0 0 -1
    outer loop
      vertex 14.25 -14.25 0
      vertex 9.516640663146973 -7.3125 0
      vertex 10.5 -6.1875 0
    endloop
  endfacet
  facet normal 0 0 -1
    outer loop
      vertex 14.25 -14.25 0
      vertex 8.391640663146973 -8.4375 0
      vertex 9.516640663146973 -7.3125 0
    endloop
  endfacet
  facet normal 0 0 -1
    outer loop
      vertex 14.25 -14.25 0
      vertex 7.266640663146973 -9.5625 0
      vertex 8.391640663146973 -8.4375 0
    endloop
  endfacet
  facet normal 0 0 -1
    outer loop
      vertex 14.25 -14.25 0
      vertex 6.329140663146973 -10.5 0
      vertex 7.266640663146973 -9.5625 0
    endloop
  endfacet
  facet normal 0 0 -1
    outer loop
      vertex 14.25 -14.25 0
      vertex -6.329140663146973 -10.5 0
      vertex 6.329140663146973 -10.5 0
    endloop
  endfacet
  facet normal 0 0 -1
    outer loop
      vertex -14.25 -14.25 0
      vertex -7.266640663146973 -9.5625 0
      vertex -6.329140663146973 -10.5 0
    endloop
  endfacet
  facet normal 0 0 -1
    outer loop
      vertex -7.266640663146973 -9.5625 0
      vertex -14.25 -14.25 0
      vertex -8.391640663146973 -8.4375 0
    endloop
  endfacet
  facet normal 0 0 -1
    outer loop
      vertex -14.25 -14.25 0
      vertex -10.5 -5.0625 0
      vertex -10.5 -6.1875 0
    endloop
  endfacet
  facet normal 0 0 -1
    outer loop
      vertex -10.5 -5.0625 0
      vertex -14.25 -14.25 0
      vertex -10.5 -3.9375 0
    endloop
  endfacet
  facet normal 0 0 -1
    outer loop
      vertex -10.5 -3.9375 0
      vertex -14.25 -14.25 0
      vertex -10.5 -2.8125 0
    endloop
  endfacet
  facet normal 0 0 -1
    outer loop
      vertex -10.5 -2.8125 0
      vertex -14.25 -14.25 0
      vertex -10.5 -1.6875 0
    endloop
  endfacet
  facet normal 0 0 -1
    outer loop
      vertex -10.5 -1.6875 0
      vertex -14.25 -14.25 0
      vertex -10.5 -0.5625 0
    endloop
  endfacet
  facet normal 0 0 -1
    outer loop
      vertex -10.5 -0.5625 0
      vertex -14.25 -14.25 0
      vertex -10.5 0.5625 0
    endloop
  endfacet
  facet normal 0 0 -1
    outer loop
      vertex -14.25 14.25 0
      vertex -10.5 0.5625 0
      vertex -14.25 -14.25 0
    endloop
  endfacet
  facet normal 0 0 -1
    outer loop
      vertex -10.5 0.5625 0
      vertex -14.25 14.25 0
      vertex -10.5 1.6875 0
    endloop
  endfacet
  facet normal 0 0 -1
    outer loop
      vertex -10.5 1.6875 0
      vertex -14.25 14.25 0
      vertex -10.5 2.8125 0
    endloop
  endfacet
  facet normal 0 0 -1
    outer loop
      vertex -10.5 2.8125 0
      vertex -14.25 14.25 0
      vertex -10.5 3.9375 0
    endloop
  endfacet
  facet normal 0 0 -1
    outer loop
      vertex -10.5 3.9375 0
      vertex -14.25 14.25 0
      vertex -10.5 5.0625 0
    endloop
  endfacet
  facet normal 0 0 -1
    outer loop
      vertex -9.516640663146973 -7.3125 0
      vertex -14.25 -14.25 0
      vertex -10.5 -6.1875 0
    endloop
  endfacet
  facet normal 0 0 -1
    outer loop
      vertex -8.391640663146973 -8.4375 0
      vertex -14.25 -14.25 0
      vertex -9.516640663146973 -7.3125 0
    endloop
  endfacet
  facet normal 0 0 -1
    outer loop
      vertex -14.25 -14.25 0
      vertex -6.329140663146973 -10.5 0
      vertex 14.25 -14.25 0
    endloop
  endfacet
  facet normal 0 0 -1
    outer loop
      vertex 10.5 -3.9375 0
      vertex 14.25 -14.25 0
      vertex 10.5 -5.0625 0
    endloop
  endfacet
  facet normal 0 0 -1
    outer loop
      vertex 10.5 -2.8125 0
      vertex 14.25 -14.25 0
      vertex 10.5 -3.9375 0
    endloop
  endfacet
  facet normal 0 0 -1
    outer loop
      vertex 10.5 -1.6875 0
      vertex 14.25 -14.25 0
      vertex 10.5 -2.8125 0
    endloop
  endfacet
  facet normal 0 0 -1
    outer loop
      vertex 10.5 -0.5625 0
      vertex 14.25 -14.25 0
      vertex 10.5 -1.6875 0
    endloop
  endfacet
  facet normal 0 0 -1
    outer loop
      vertex 14.25 -14.25 0
      vertex 10.5 -0.5625 0
      vertex 14.25 14.25 0
    endloop
  endfacet
  facet normal 0 0 -1
    outer loop
      vertex 10.5 0.5625 0
      vertex 14.25 14.25 0
      vertex 10.5 -0.5625 0
    endloop
  endfacet
  facet normal 0 0 -1
    outer loop
      vertex 10.5 1.6875 0
      vertex 14.25 14.25 0
      vertex 10.5 0.5625 0
    endloop
  endfacet
  facet normal 0 0 -1
    outer loop
      vertex 10.5 2.8125 0
      vertex 14.25 14.25 0
      vertex 10.5 1.6875 0
    endloop
  endfacet
  facet normal 0 0 -1
    outer loop
      vertex 10.5 3.9375 0
      vertex 14.25 14.25 0
      vertex 10.5 2.8125 0
    endloop
  endfacet
  facet normal 0 0 -1
    outer loop
      vertex 10.5 5.0625 0
      vertex 14.25 14.25 0
      vertex 10.5 3.9375 0
    endloop
  endfacet
  facet normal 0 0 -1
    outer loop
      vertex 10.5 6.1875 0
      vertex 14.25 14.25 0
      vertex 10.5 5.0625 0
    endloop
  endfacet
  facet normal 0 0 -1
    outer loop
      vertex 9.516640663146973 7.3125 0
      vertex 14.25 14.25 0
      vertex 10.5 6.1875 0
    endloop
  endfacet
  facet normal 0 0 -1
    outer loop
      vertex 8.391640663146973 8.4375 0
      vertex 14.25 14.25 0
      vertex 9.516640663146973 7.3125 0
    endloop
  endfacet
  facet normal 0 0 -1
    outer loop
      vertex 7.266640663146973 9.5625 0
      vertex 14.25 14.25 0
      vertex 8.391640663146973 8.4375 0
    endloop
  endfacet
  facet normal 0 0 -1
    outer loop
      vertex 6.329140663146973 10.5 0
      vertex 14.25 14.25 0
      vertex 7.266640663146973 9.5625 0
    endloop
  endfacet
  facet normal 0 0 -1
    outer loop
      vertex -6.329140663146973 10.5 0
      vertex 14.25 14.25 0
      vertex 6.329140663146973 10.5 0
    endloop
  endfacet
  facet normal 0 0 -1
    outer loop
      vertex -14.25 14.25 0
      vertex -7.266640663146973 9.5625 0
      vertex -8.391640663146973 8.4375 0
    endloop
  endfacet
  facet normal 0 0 -1
    outer loop
      vertex -14.25 14.25 0
      vertex -8.391640663146973 8.4375 0
      vertex -9.516640663146973 7.3125 0
    endloop
  endfacet
  facet normal 0 0 -1
    outer loop
      vertex -6.329140663146973 10.5 0
      vertex -14.25 14.25 0
      vertex 14.25 14.25 0
    endloop
  endfacet
  facet normal 0 0 -1
    outer loop
      vertex -7.266640663146973 9.5625 0
      vertex -14.25 14.25 0
      vertex -6.329140663146973 10.5 0
    endloop
  endfacet
  facet normal 0 0 -1
    outer loop
      vertex -10.5 6.1875 0
      vertex -14.25 14.25 0
      vertex -9.516640663146973 7.3125 0
    endloop
  endfacet
  facet normal 0 0 -1
    outer loop
      vertex -10.5 5.0625 0
      vertex -14.25 14.25 0
      vertex -10.5 6.1875 0
    endloop
  endfacet
  facet normal 0 0 -1
    outer loop
      vertex -9.516640663146973 -7.3125 0
      vertex 10.5 -6.1875 0
      vertex 9.516640663146973 -7.3125 0
    endloop
  endfacet
  facet normal 0 0 -1
    outer loop
      vertex 10.5 -6.1875 0
      vertex -9.516640663146973 -7.3125 0
      vertex -10.5 -6.1875 0
    endloop
  endfacet
  facet normal 0 0 -1
    outer loop
      vertex -7.266640663146973 -9.5625 0
      vertex 8.391640663146973 -8.4375 0
      vertex 7.266640663146973 -9.5625 0
    endloop
  endfacet
  facet normal 0 0 -1
    outer loop
      vertex 8.391640663146973 -8.4375 0
      vertex -7.266640663146973 -9.5625 0
      vertex -8.391640663146973 -8.4375 0
    endloop
  endfacet
  facet normal -1 0 0
    outer loop
      vertex 11.25 -5 2.299999237060547
      vertex 11.25 5 2.59999942779541
      vertex 11.25 5 2.299999237060547
    endloop
  endfacet
  facet normal -1 0 0
    outer loop
      vertex 11.25 5 2.59999942779541
      vertex 11.25 -5 2.299999237060547
      vertex 11.25 -5 2.59999942779541
    endloop
  endfacet
  facet normal 0 1 0
    outer loop
      vertex 14.049999237060547 5 2.299999237060547
      vertex 11.25 5 2.59999942779541
      vertex 14.049999237060547 5 2.59999942779541
    endloop
  endfacet
  facet normal 0 1 0
    outer loop
      vertex 11.25 5 2.59999942779541
      vertex 14.049999237060547 5 2.299999237060547
      vertex 11.25 5 2.299999237060547
    endloop
  endfacet
  facet normal 0 -1 0
    outer loop
      vertex 11.25 -5 2.299999237060547
      vertex 14.049999237060547 -5 2.59999942779541
      vertex 11.25 -5 2.59999942779541
    endloop
  endfacet
  facet normal 0 -1 0
    outer loop
      vertex 14.049999237060547 -5 2.59999942779541
      vertex 11.25 -5 2.299999237060547
      vertex 14.049999237060547 -5 2.299999237060547
    endloop
  endfacet
  facet normal 0 0 1
    outer loop
      vertex 1.5908565521240234 11.974571228027344 2.59999942779541
      vertex 5 14.049999237060547 2.59999942779541
      vertex 1.5908565521240234 13.565427780151367 2.59999942779541
    endloop
  endfacet
  facet normal 0 0 1
    outer loop
      vertex 5 14.049999237060547 2.59999942779541
      vertex -1.5908565521240234 13.565427780151367 2.59999942779541
      vertex 1.5908565521240234 13.565427780151367 2.59999942779541
    endloop
  endfacet
  facet normal 0 0 1
    outer loop
      vertex -1.5908565521240234 13.565427780151367 2.59999942779541
      vertex -5 14.049999237060547 2.59999942779541
      vertex -1.5908565521240234 11.974571228027344 2.59999942779541
    endloop
  endfacet
  facet normal 0 0 1
    outer loop
      vertex -5 14.049999237060547 2.59999942779541
      vertex -1.5908565521240234 13.565427780151367 2.59999942779541
      vertex 5 14.049999237060547 2.59999942779541
    endloop
  endfacet
  facet normal 0 0 1
    outer loop
      vertex 5 14.049999237060547 2.59999942779541
      vertex 1.5908565521240234 11.974571228027344 2.59999942779541
      vertex 5 11.25 2.59999942779541
    endloop
  endfacet
  facet normal 0 0 1
    outer loop
      vertex -1.5908565521240234 11.974571228027344 2.59999942779541
      vertex 5 11.25 2.59999942779541
      vertex 1.5908565521240234 11.974571228027344 2.59999942779541
    endloop
  endfacet
  facet normal 0 0 1
    outer loop
      vertex -1.5908565521240234 11.974571228027344 2.59999942779541
      vertex -5 11.25 2.59999942779541
      vertex 5 11.25 2.59999942779541
    endloop
  endfacet
  facet normal 0 0 1
    outer loop
      vertex -5 11.25 2.59999942779541
      vertex -1.5908565521240234 11.974571228027344 2.59999942779541
      vertex -5 14.049999237060547 2.59999942779541
    endloop
  endfacet
  facet normal 0 -1 0
    outer loop
      vertex -5 11.25 2.299999237060547
      vertex 5 11.25 2.59999942779541
      vertex -5 11.25 2.59999942779541
    endloop
  endfacet
  facet normal 0 -1 0
    outer loop
      vertex 5 11.25 2.59999942779541
      vertex -5 11.25 2.299999237060547
      vertex 5 11.25 2.299999237060547
    endloop
  endfacet
  facet normal -1 0 0
    outer loop
      vertex -5 11.25 2.299999237060547
      vertex -5 14.049999237060547 2.59999942779541
      vertex -5 14.049999237060547 2.299999237060547
    endloop
  endfacet
  facet normal -1 0 0
    outer loop
      vertex -5 14.049999237060547 2.59999942779541
      vertex -5 11.25 2.299999237060547
      vertex -5 11.25 2.59999942779541
    endloop
  endfacet
  facet normal 1 0 0
    outer loop
      vertex 5 11.25 2.59999942779541
      vertex 5 14.049999237060547 2.299999237060547
      vertex 5 14.049999237060547 2.59999942779541
    endloop
  endfacet
  facet normal 1 0 0
    outer loop
      vertex 5 14.049999237060547 2.299999237060547
      vertex 5 11.25 2.59999942779541
      vertex 5 11.25 2.299999237060547
    endloop
  endfacet
  facet normal 0 1 0
    outer loop
      vertex 5 14.049999237060547 2.299999237060547
      vertex -5 14.049999237060547 2.59999942779541
      vertex 5 14.049999237060547 2.59999942779541
    endloop
  endfacet
  facet normal 0 1 0
    outer loop
      vertex -5 14.049999237060547 2.59999942779541
      vertex 5 14.049999237060547 2.299999237060547
      vertex -5 14.049999237060547 2.299999237060547
    endloop
  endfacet
  facet normal 0 0 1
    outer loop
      vertex -11.25 5 2.59999942779541
      vertex -11.974571228027344 1.5908565521240234 2.59999942779541
      vertex -11.25 -5 2.59999942779541
    endloop
  endfacet
  facet normal 0 0 1
    outer loop
      vertex -14.049999237060547 5 2.59999942779541
      vertex -11.974571228027344 1.5908565521240234 2.59999942779541
      vertex -11.25 5 2.59999942779541
    endloop
  endfacet
  facet normal 0 0 1
    outer loop
      vertex -13.565427780151367 1.5908565521240234 2.59999942779541
      vertex -14.049999237060547 5 2.59999942779541
      vertex -13.565427780151367 -1.5908565521240234 2.59999942779541
    endloop
  endfacet
  facet normal 0 0 1
    outer loop
      vertex -11.974571228027344 1.5908565521240234 2.59999942779541
      vertex -14.049999237060547 5 2.59999942779541
      vertex -13.565427780151367 1.5908565521240234 2.59999942779541
    endloop
  endfacet
  facet normal 0 0 1
    outer loop
      vertex -11.974571228027344 -1.5908565521240234 2.59999942779541
      vertex -11.25 -5 2.59999942779541
      vertex -11.974571228027344 1.5908565521240234 2.59999942779541
    endloop
  endfacet
  facet normal 0 0 1
    outer loop
      vertex -14.049999237060547 -5 2.59999942779541
      vertex -11.974571228027344 -1.5908565521240234 2.59999942779541
      vertex -13.565427780151367 -1.5908565521240234 2.59999942779541
    endloop
  endfacet
  facet normal 0 0 1
    outer loop
      vertex -11.974571228027344 -1.5908565521240234 2.59999942779541
      vertex -14.049999237060547 -5 2.59999942779541
      vertex -11.25 -5 2.59999942779541
    endloop
  endfacet
  facet normal 0 0 1
    outer loop
      vertex -14.049999237060547 -5 2.59999942779541
      vertex -13.565427780151367 -1.5908565521240234 2.59999942779541
      vertex -14.049999237060547 5 2.59999942779541
    endloop
  endfacet
  facet normal 1 0 0
    outer loop
      vertex -11.25 -5 2.59999942779541
      vertex -11.25 5 2.299999237060547
      vertex -11.25 5 2.59999942779541
    endloop
  endfacet
  facet normal 1 0 0
    outer loop
      vertex -11.25 5 2.299999237060547
      vertex -11.25 -5 2.59999942779541
      vertex -11.25 -5 2.299999237060547
    endloop
  endfacet
  facet normal 0 -1 0
    outer loop
      vertex -14.049999237060547 -5 2.299999237060547
      vertex -11.25 -5 2.59999942779541
      vertex -14.049999237060547 -5 2.59999942779541
    endloop
  endfacet
  facet normal 0 -1 0
    outer loop
      vertex -11.25 -5 2.59999942779541
      vertex -14.049999237060547 -5 2.299999237060547
      vertex -11.25 -5 2.299999237060547
    endloop
  endfacet
  facet normal 0 1 0
    outer loop
      vertex -11.25 5 2.299999237060547
      vertex -14.049999237060547 5 2.59999942779541
      vertex -11.25 5 2.59999942779541
    endloop
  endfacet
  facet normal 0 1 0
    outer loop
      vertex -14.049999237060547 5 2.59999942779541
      vertex -11.25 5 2.299999237060547
      vertex -14.049999237060547 5 2.299999237060547
    endloop
  endfacet
  facet normal -1 0 0
    outer loop
      vertex -14.049999237060547 -5 2.299999237060547
      vertex -14.049999237060547 5 2.59999942779541
      vertex -14.049999237060547 5 2.299999237060547
    endloop
  endfacet
  facet normal -1 0 0
    outer loop
      vertex -14.049999237060547 5 2.59999942779541
      vertex -14.049999237060547 -5 2.299999237060547
      vertex -14.049999237060547 -5 2.59999942779541
    endloop
  endfacet
  facet normal 0 -1 0
    outer loop
      vertex -5 -14.049999237060547 2.299999237060547
      vertex 5 -14.049999237060547 2.59999942779541
      vertex -5 -14.049999237060547 2.59999942779541
    endloop
  endfacet
  facet normal 0 -1 0
    outer loop
      vertex 5 -14.049999237060547 2.59999942779541
      vertex -5 -14.049999237060547 2.299999237060547
      vertex 5 -14.049999237060547 2.299999237060547
    endloop
  endfacet
  facet normal 0 0 1
    outer loop
      vertex 5 -11.25 2.59999942779541
      vertex 1.5908565521240234 -11.974571228027344 2.59999942779541
      vertex 5 -14.049999237060547 2.59999942779541
    endloop
  endfacet
  facet normal 0 0 1
    outer loop
      vertex 5 -11.25 2.59999942779541
      vertex -1.5908565521240234 -11.974571228027344 2.59999942779541
      vertex 1.5908565521240234 -11.974571228027344 2.59999942779541
    endloop
  endfacet
  facet normal 0 0 1
    outer loop
      vertex -5 -14.049999237060547 2.59999942779541
      vertex -1.5908565521240234 -11.974571228027344 2.59999942779541
      vertex -5 -11.25 2.59999942779541
    endloop
  endfacet
  facet normal 0 0 1
    outer loop
      vertex -5 -11.25 2.59999942779541
      vertex -1.5908565521240234 -11.974571228027344 2.59999942779541
      vertex 5 -11.25 2.59999942779541
    endloop
  endfacet
  facet normal 0 0 1
    outer loop
      vertex 1.5908565521240234 -13.565427780151367 2.59999942779541
      vertex 5 -14.049999237060547 2.59999942779541
      vertex 1.5908565521240234 -11.974571228027344 2.59999942779541
    endloop
  endfacet
  facet normal 0 0 1
    outer loop
      vertex -1.5908565521240234 -13.565427780151367 2.59999942779541
      vertex 5 -14.049999237060547 2.59999942779541
      vertex 1.5908565521240234 -13.565427780151367 2.59999942779541
    endloop
  endfacet
  facet normal 0 0 1
    outer loop
      vertex -1.5908565521240234 -13.565427780151367 2.59999942779541
      vertex -5 -14.049999237060547 2.59999942779541
      vertex 5 -14.049999237060547 2.59999942779541
    endloop
  endfacet
  facet normal 0 0 1
    outer loop
      vertex -1.5908565521240234 -11.974571228027344 2.59999942779541
      vertex -5 -14.049999237060547 2.59999942779541
      vertex -1.5908565521240234 -13.565427780151367 2.59999942779541
    endloop
  endfacet
  facet normal 0 1 0
    outer loop
      vertex 5 -11.25 2.299999237060547
      vertex -5 -11.25 2.59999942779541
      vertex 5 -11.25 2.59999942779541
    endloop
  endfacet
  facet normal 0 1 0
    outer loop
      vertex -5 -11.25 2.59999942779541
      vertex 5 -11.25 2.299999237060547
      vertex -5 -11.25 2.299999237060547
    endloop
  endfacet
  facet normal 1 0 0
    outer loop
      vertex 5 -14.049999237060547 2.59999942779541
      vertex 5 -11.25 2.299999237060547
      vertex 5 -11.25 2.59999942779541
    endloop
  endfacet
  facet normal 1 0 0
    outer loop
      vertex 5 -11.25 2.299999237060547
      vertex 5 -14.049999237060547 2.59999942779541
      vertex 5 -14.049999237060547 2.299999237060547
    endloop
  endfacet
  facet normal -1 0 0
    outer loop
      vertex -5 -14.049999237060547 2.299999237060547
      vertex -5 -11.25 2.59999942779541
      vertex -5 -11.25 2.299999237060547
    endloop
  endfacet
  facet normal -1 0 0
    outer loop
      vertex -5 -11.25 2.59999942779541
      vertex -5 -14.049999237060547 2.299999237060547
      vertex -5 -14.049999237060547 2.59999942779541
    endloop
  endfacet
  facet normal 0 0.9995359223752575 0.030462105663325217
    outer loop
      vertex 13.565427780151367 1.5908565521240234 2.59999942779541
      vertex 12.001999855041504 1.5359992980957031 4.399999618530273
      vertex 13.537999153137207 1.5359992980957031 4.399999618530273
    endloop
  endfacet
  facet normal 0 0.9995359223752573 0.030462105663325214
    outer loop
      vertex 12.001999855041504 1.5359992980957031 4.399999618530273
      vertex 13.565427780151367 1.5908565521240234 2.59999942779541
      vertex 11.974571228027344 1.5908565521240234 2.59999942779541
    endloop
  endfacet
  facet normal 0 -0.9995359223752575 0.030462105663325217
    outer loop
      vertex 11.974571228027344 -1.5908565521240234 2.59999942779541
      vertex 13.537999153137207 -1.5359992980957031 4.399999618530273
      vertex 12.001999855041504 -1.5359992980957031 4.399999618530273
    endloop
  endfacet
  facet normal 0 -0.9995359223752573 0.030462105663325214
    outer loop
      vertex 13.537999153137207 -1.5359992980957031 4.399999618530273
      vertex 11.974571228027344 -1.5908565521240234 2.59999942779541
      vertex 13.565427780151367 -1.5908565521240234 2.59999942779541
    endloop
  endfacet
  facet normal -0.9998839199957757 0 0.015236355662731264
    outer loop
      vertex 11.974571228027344 1.5908565521240234 2.59999942779541
      vertex 12.001999855041504 -1.5359992980957031 4.399999618530273
      vertex 12.001999855041504 1.5359992980957031 4.399999618530273
    endloop
  endfacet
  facet normal -0.9998839199957757 0 0.015236355662731262
    outer loop
      vertex 12.001999855041504 -1.5359992980957031 4.399999618530273
      vertex 11.974571228027344 1.5908565521240234 2.59999942779541
      vertex 11.974571228027344 -1.5908565521240234 2.59999942779541
    endloop
  endfacet
  facet normal 0 0 1
    outer loop
      vertex 12.001999855041504 1.5359992980957031 4.399999618530273
      vertex 13.537999153137207 -1.5359992980957031 4.399999618530273
      vertex 13.537999153137207 1.5359992980957031 4.399999618530273
    endloop
  endfacet
  facet normal 0 0 1
    outer loop
      vertex 13.537999153137207 -1.5359992980957031 4.399999618530273
      vertex 12.001999855041504 1.5359992980957031 4.399999618530273
      vertex 12.001999855041504 -1.5359992980957031 4.399999618530273
    endloop
  endfacet
  facet normal 0.9998839199957757 0 0.015236355662731264
    outer loop
      vertex 13.537999153137207 -1.5359992980957031 4.399999618530273
      vertex 13.565427780151367 1.5908565521240234 2.59999942779541
      vertex 13.537999153137207 1.5359992980957031 4.399999618530273
    endloop
  endfacet
  facet normal 0.9998839199957757 0 0.015236355662731262
    outer loop
      vertex 13.565427780151367 1.5908565521240234 2.59999942779541
      vertex 13.537999153137207 -1.5359992980957031 4.399999618530273
      vertex 13.565427780151367 -1.5908565521240234 2.59999942779541
    endloop
  endfacet
  facet normal -0.9995359223752575 0 0.030462105663325217
    outer loop
      vertex -1.5908565521240234 13.565427780151367 2.59999942779541
      vertex -1.5359992980957031 12.001999855041504 4.399999618530273
      vertex -1.5359992980957031 13.537999153137207 4.399999618530273
    endloop
  endfacet
  facet normal -0.9995359223752573 0 0.030462105663325214
    outer loop
      vertex -1.5359992980957031 12.001999855041504 4.399999618530273
      vertex -1.5908565521240234 13.565427780151367 2.59999942779541
      vertex -1.5908565521240234 11.974571228027344 2.59999942779541
    endloop
  endfacet
  facet normal 0 0 1
    outer loop
      vertex -1.5359992980957031 13.537999153137207 4.399999618530273
      vertex 1.5359992980957031 12.001999855041504 4.399999618530273
      vertex 1.5359992980957031 13.537999153137207 4.399999618530273
    endloop
  endfacet
  facet normal 0 0 1
    outer loop
      vertex 1.5359992980957031 12.001999855041504 4.399999618530273
      vertex -1.5359992980957031 13.537999153137207 4.399999618530273
      vertex -1.5359992980957031 12.001999855041504 4.399999618530273
    endloop
  endfacet
  facet normal 0.9995359223752575 0 0.030462105663325217
    outer loop
      vertex 1.5359992980957031 12.001999855041504 4.399999618530273
      vertex 1.5908565521240234 13.565427780151367 2.59999942779541
      vertex 1.5359992980957031 13.537999153137207 4.399999618530273
    endloop
  endfacet
  facet normal 0.9995359223752573 0 0.030462105663325214
    outer loop
      vertex 1.5908565521240234 13.565427780151367 2.59999942779541
      vertex 1.5359992980957031 12.001999855041504 4.399999618530273
      vertex 1.5908565521240234 11.974571228027344 2.59999942779541
    endloop
  endfacet
  facet normal 0 0.9998839199957757 0.015236355662731264
    outer loop
      vertex 1.5908565521240234 13.565427780151367 2.59999942779541
      vertex -1.5359992980957031 13.537999153137207 4.399999618530273
      vertex 1.5359992980957031 13.537999153137207 4.399999618530273
    endloop
  endfacet
  facet normal 0 0.9998839199957757 0.015236355662731262
    outer loop
      vertex -1.5359992980957031 13.537999153137207 4.399999618530273
      vertex 1.5908565521240234 13.565427780151367 2.59999942779541
      vertex -1.5908565521240234 13.565427780151367 2.59999942779541
    endloop
  endfacet
  facet normal 0 -0.9998839199957757 0.015236355662731264
    outer loop
      vertex -1.5908565521240234 11.974571228027344 2.59999942779541
      vertex 1.5359992980957031 12.001999855041504 4.399999618530273
      vertex -1.5359992980957031 12.001999855041504 4.399999618530273
    endloop
  endfacet
  facet normal 0 -0.9998839199957757 0.015236355662731262
    outer loop
      vertex 1.5359992980957031 12.001999855041504 4.399999618530273
      vertex -1.5908565521240234 11.974571228027344 2.59999942779541
      vertex 1.5908565521240234 11.974571228027344 2.59999942779541
    endloop
  endfacet
  facet normal 0 -0.9995359223752575 0.030462105663325217
    outer loop
      vertex -13.565427780151367 -1.5908565521240234 2.59999942779541
      vertex -12.001999855041504 -1.5359992980957031 4.399999618530273
      vertex -13.537999153137207 -1.5359992980957031 4.399999618530273
    endloop
  endfacet
  facet normal 0 -0.9995359223752573 0.030462105663325214
    outer loop
      vertex -12.001999855041504 -1.5359992980957031 4.399999618530273
      vertex -13.565427780151367 -1.5908565521240234 2.59999942779541
      vertex -11.974571228027344 -1.5908565521240234 2.59999942779541
    endloop
  endfacet
  facet normal 0 0 1
    outer loop
      vertex -13.537999153137207 1.5359992980957031 4.399999618530273
      vertex -12.001999855041504 -1.5359992980957031 4.399999618530273
      vertex -12.001999855041504 1.5359992980957031 4.399999618530273
    endloop
  endfacet
  facet normal 0 0 1
    outer loop
      vertex -12.001999855041504 -1.5359992980957031 4.399999618530273
      vertex -13.537999153137207 1.5359992980957031 4.399999618530273
      vertex -13.537999153137207 -1.5359992980957031 4.399999618530273
    endloop
  endfacet
  facet normal 0 0.9995359223752575 0.030462105663325217
    outer loop
      vertex -11.974571228027344 1.5908565521240234 2.59999942779541
      vertex -13.537999153137207 1.5359992980957031 4.399999618530273
      vertex -12.001999855041504 1.5359992980957031 4.399999618530273
    endloop
  endfacet
  facet normal 0 0.9995359223752573 0.030462105663325214
    outer loop
      vertex -13.537999153137207 1.5359992980957031 4.399999618530273
      vertex -11.974571228027344 1.5908565521240234 2.59999942779541
      vertex -13.565427780151367 1.5908565521240234 2.59999942779541
    endloop
  endfacet
  facet normal -0.9998839199957757 0 0.015236355662731264
    outer loop
      vertex -13.565427780151367 1.5908565521240234 2.59999942779541
      vertex -13.537999153137207 -1.5359992980957031 4.399999618530273
      vertex -13.537999153137207 1.5359992980957031 4.399999618530273
    endloop
  endfacet
  facet normal -0.9998839199957757 0 0.015236355662731262
    outer loop
      vertex -13.537999153137207 -1.5359992980957031 4.399999618530273
      vertex -13.565427780151367 1.5908565521240234 2.59999942779541
      vertex -13.565427780151367 -1.5908565521240234 2.59999942779541
    endloop
  endfacet
  facet normal 0.9998839199957757 0 0.015236355662731264
    outer loop
      vertex -12.001999855041504 -1.5359992980957031 4.399999618530273
      vertex -11.974571228027344 1.5908565521240234 2.59999942779541
      vertex -12.001999855041504 1.5359992980957031 4.399999618530273
    endloop
  endfacet
  facet normal 0.9998839199957757 0 0.015236355662731262
    outer loop
      vertex -11.974571228027344 1.5908565521240234 2.59999942779541
      vertex -12.001999855041504 -1.5359992980957031 4.399999618530273
      vertex -11.974571228027344 -1.5908565521240234 2.59999942779541
    endloop
  endfacet
  facet normal 0.9995359223752575 0 0.030462105663325217
    outer loop
      vertex 1.5359992980957031 -13.537999153137207 4.399999618530273
      vertex 1.5908565521240234 -11.974571228027344 2.59999942779541
      vertex 1.5359992980957031 -12.001999855041504 4.399999618530273
    endloop
  endfacet
  facet normal 0.9995359223752573 0 0.030462105663325214
    outer loop
      vertex 1.5908565521240234 -11.974571228027344 2.59999942779541
      vertex 1.5359992980957031 -13.537999153137207 4.399999618530273
      vertex 1.5908565521240234 -13.565427780151367 2.59999942779541
    endloop
  endfacet
  facet normal -0.9995359223752575 0 0.030462105663325217
    outer loop
      vertex -1.5908565521240234 -11.974571228027344 2.59999942779541
      vertex -1.5359992980957031 -13.537999153137207 4.399999618530273
      vertex -1.5359992980957031 -12.001999855041504 4.399999618530273
    endloop
  endfacet
  facet normal -0.9995359223752573 0 0.030462105663325214
    outer loop
      vertex -1.5359992980957031 -13.537999153137207 4.399999618530273
      vertex -1.5908565521240234 -11.974571228027344 2.59999942779541
      vertex -1.5908565521240234 -13.565427780151367 2.59999942779541
    endloop
  endfacet
  facet normal 0 -0.9998839199957757 0.015236355662731264
    outer loop
      vertex -1.5908565521240234 -13.565427780151367 2.59999942779541
      vertex 1.5359992980957031 -13.537999153137207 4.399999618530273
      vertex -1.5359992980957031 -13.537999153137207 4.399999618530273
    endloop
  endfacet
  facet normal 0 -0.9998839199957757 0.015236355662731262
    outer loop
      vertex 1.5359992980957031 -13.537999153137207 4.399999618530273
      vertex -1.5908565521240234 -13.565427780151367 2.59999942779541
      vertex 1.5908565521240234 -13.565427780151367 2.59999942779541
    endloop
  endfacet
  facet normal 0 0.9998839199957757 0.015236355662731264
    outer loop
      vertex 1.5908565521240234 -11.974571228027344 2.59999942779541
      vertex -1.5359992980957031 -12.001999855041504 4.399999618530273
      vertex 1.5359992980957031 -12.001999855041504 4.399999618530273
    endloop
  endfacet
  facet normal 0 0.9998839199957757 0.015236355662731262
    outer loop
      vertex -1.5359992980957031 -12.001999855041504 4.399999618530273
      vertex 1.5908565521240234 -11.974571228027344 2.59999942779541
      vertex -1.5908565521240234 -11.974571228027344 2.59999942779541
    endloop
  endfacet
  facet normal 0 0 1
    outer loop
      vertex -1.5359992980957031 -12.001999855041504 4.399999618530273
      vertex 1.5359992980957031 -13.537999153137207 4.399999618530273
      vertex 1.5359992980957031 -12.001999855041504 4.399999618530273
    endloop
  endfacet
  facet normal 0 0 1
    outer loop
      vertex 1.5359992980957031 -13.537999153137207 4.399999618530273
      vertex -1.5359992980957031 -12.001999855041504 4.399999618530273
      vertex -1.5359992980957031 -13.537999153137207 4.399999618530273
    endloop
  endfacet
  facet normal 0 0 1
    outer loop
      vertex 10.5 10.5 1.5999994277954102
      vertex 8.963696479797363 9.5625 1.5999994277954102
      vertex 10.5 9.5625 1.5999994277954102
    endloop
  endfacet
  facet normal 0 0 1
    outer loop
      vertex 8.963696479797363 9.5625 1.5999994277954102
      vertex 10.5 10.5 1.5999994277954102
      vertex 8.02619743347168 10.5 1.5999994277954102
    endloop
  endfacet
  facet normal 0 0 0
    outer loop
      vertex 8.02619743347168 10.5 1.5999994277954102
      vertex 10.5 10.5 1.5999994277954102
      vertex 6.329140663146973 10.5 1.5999994277954102
    endloop
  endfacet
  facet normal 0 0 0
    outer loop
      vertex 6.329141139984131 10.5 1.5999994277954102
      vertex 8.02619743347168 10.5 1.5999994277954102
      vertex 6.329140663146973 10.5 1.5999994277954102
    endloop
  endfacet
  facet normal 0 0 1
    outer loop
      vertex 10.5 8.4375 1.5999994277954102
      vertex 10.088696479797363 8.4375 1.5999994277954102
      vertex 10.5 8.02619743347168 1.5999994277954102
    endloop
  endfacet
  facet normal 0 0 0
    outer loop
      vertex 10.5 8.4375 1.5999994277954102
      vertex 10.5 8.02619743347168 1.5999994277954102
      vertex 10.5 7.3125 1.5999994277954102
    endloop
  endfacet
  facet normal 0 0 1
    outer loop
      vertex 8.02619743347168 10.5 1.5999994277954102
      vertex 6.329141139984131 10.5 1.5999994277954102
      vertex 7.266640663146973 9.5625 1.5999994277954102
    endloop
  endfacet
  facet normal 0 0 1
    outer loop
      vertex 8.391640663146973 8.4375 1.5999994277954102
      vertex 10.088696479797363 8.4375 1.5999994277954102
      vertex 8.963696479797363 9.5625 1.5999994277954102
    endloop
  endfacet
  facet normal 0 0 1
    outer loop
      vertex 10.088696479797363 8.4375 1.5999994277954102
      vertex 8.391640663146973 8.4375 1.5999994277954102
      vertex 9.516640663146973 7.3125 1.5999994277954102
    endloop
  endfacet
  facet normal 0 0 1
    outer loop
      vertex 8.963696479797363 9.5625 1.5999994277954102
      vertex 8.108798027038574 8.4375 1.5999994277954102
      vertex 8.391640663146973 8.4375 1.5999994277954102
    endloop
  endfacet
  facet normal 0 0 1
    outer loop
      vertex 7.266640663146973 9.5625 1.5999994277954102
      vertex 8.963696479797363 9.5625 1.5999994277954102
      vertex 8.02619743347168 10.5 1.5999994277954102
    endloop
  endfacet
  facet normal 0 0 1
    outer loop
      vertex 8.963696479797363 9.5625 1.5999994277954102
      vertex 7.266640663146973 9.5625 1.5999994277954102
      vertex 8.108798027038574 8.4375 1.5999994277954102
    endloop
  endfacet
  facet normal 0 0 1
    outer loop
      vertex 8.108798027038574 8.4375 1.5999994277954102
      vertex 7.266640663146973 9.5625 1.5999994277954102
      vertex 6.983798503875732 9.5625 1.5999994277954102
    endloop
  endfacet
  facet normal 0 0 1
    outer loop
      vertex 9.516640663146973 7.3125 1.5999994277954102
      vertex 10.5 7.3125 1.5999994277954102
      vertex 10.5 8.02619743347168 1.5999994277954102
    endloop
  endfacet
  facet normal 0 0 1
    outer loop
      vertex 10.5 7.3125 1.5999994277954102
      vertex 10.358798027038574 6.1875 1.5999994277954102
      vertex 10.5 6.1875 1.5999994277954102
    endloop
  endfacet
  facet normal 0 0 1
    outer loop
      vertex 9.516640663146973 7.3125 1.5999994277954102
      vertex 10.5 8.02619743347168 1.5999994277954102
      vertex 10.088696479797363 8.4375 1.5999994277954102
    endloop
  endfacet
  facet normal 0 0 1
    outer loop
      vertex 10.5 7.3125 1.5999994277954102
      vertex 9.516640663146973 7.3125 1.5999994277954102
      vertex 10.358798027038574 6.1875 1.5999994277954102
    endloop
  endfacet
  facet normal 0 0 1
    outer loop
      vertex 10.358798027038574 6.1875 1.5999994277954102
      vertex 9.516640663146973 7.3125 1.5999994277954102
      vertex 9.233798027038574 7.3125 1.5999994277954102
    endloop
  endfacet
  facet normal 1 0 0
    outer loop
      vertex 10.217156410217285 8.309040069580078 4.299999713897705
      vertex 10.217156410217285 8.591882705688477 3.59999942779541
      vertex 10.217156410217285 8.591882705688477 4.199999809265137
    endloop
  endfacet
  facet normal 1 0 0
    outer loop
      vertex 10.217156410217285 8.591882705688477 3.59999942779541
      vertex 10.217156410217285 8.309040069580078 4.299999713897705
      vertex 10.217156410217285 8.309040069580078 3.3999996185302734
    endloop
  endfacet
  facet normal 0 1 0
    outer loop
      vertex 8.591882705688477 10.217156410217285 3.59999942779541
      vertex 8.309040069580078 10.217156410217285 4.299999713897705
      vertex 8.591882705688477 10.217156410217285 4.199999809265137
    endloop
  endfacet
  facet normal 0 1 0
    outer loop
      vertex 8.309040069580078 10.217156410217285 4.299999713897705
      vertex 8.591882705688477 10.217156410217285 3.59999942779541
      vertex 8.309040069580078 10.217156410217285 3.3999996185302734
    endloop
  endfacet
  facet normal 0.7071067811865475 0.7071067811865475 0
    outer loop
      vertex 10.217156410217285 8.591882705688477 4.199999809265137
      vertex 8.591882705688477 10.217156410217285 3.59999942779541
      vertex 8.591882705688477 10.217156410217285 4.199999809265137
    endloop
  endfacet
  facet normal 0.7071067811865475 0.7071067811865475 0
    outer loop
      vertex 8.591882705688477 10.217156410217285 3.59999942779541
      vertex 10.217156410217285 8.591882705688477 4.199999809265137
      vertex 10.217156410217285 8.591882705688477 3.59999942779541
    endloop
  endfacet
  facet normal 0.49999982908012763 0.49999982908012763 -0.7071070229036664
    outer loop
      vertex 10.217156410217285 8.309040069580078 3.3999996185302734
      vertex 8.591882705688477 10.217156410217285 3.59999942779541
      vertex 10.217156410217285 8.591882705688477 3.59999942779541
    endloop
  endfacet
  facet normal 0.4999998290801276 0.4999998290801276 -0.7071070229036664
    outer loop
      vertex 8.591882705688477 10.217156410217285 3.59999942779541
      vertex 10.217156410217285 8.309040069580078 3.3999996185302734
      vertex 8.309040069580078 10.217156410217285 3.3999996185302734
    endloop
  endfacet
  facet normal -0.7071067811865318 -0.7071067811865318 2.1073431791893045e-7
    outer loop
      vertex 7.266640663146973 9.5625 0
      vertex 6.329141139984131 10.5 1.5999994277954102
      vertex 6.329140663146973 10.5 0
    endloop
  endfacet
  facet normal -0.7071069610131241 -0.7071066013599253 0
    outer loop
      vertex 6.329141139984131 10.5 1.5999994277954102
      vertex 7.266640663146973 9.5625 0
      vertex 7.266640663146973 9.5625 1.5999994277954102
    endloop
  endfacet
  facet normal 0 -1 0
    outer loop
      vertex 6.329140663146973 10.5 1.5999994277954102
      vertex 6.329140663146973 10.5 0
      vertex 6.329141139984131 10.5 1.5999994277954102
    endloop
  endfacet
  facet normal -0.7071067811865475 -0.7071067811865475 0
    outer loop
      vertex 9.516640663146973 7.3125 0
      vertex 8.391640663146973 8.4375 1.5999994277954102
      vertex 8.391640663146973 8.4375 0
    endloop
  endfacet
  facet normal -0.7071067811865475 -0.7071067811865475 0
    outer loop
      vertex 8.391640663146973 8.4375 1.5999994277954102
      vertex 9.516640663146973 7.3125 0
      vertex 9.516640663146973 7.3125 1.5999994277954102
    endloop
  endfacet
  facet normal 0.316227593058141 0.316227593058141 0.8944273133001415
    outer loop
      vertex 8.591882705688477 10.217156410217285 4.199999809265137
      vertex 10.217156410217285 8.309040069580078 4.299999713897705
      vertex 10.217156410217285 8.591882705688477 4.199999809265137
    endloop
  endfacet
  facet normal 0.316227593058141 0.316227593058141 0.8944273133001415
    outer loop
      vertex 10.217156410217285 8.309040069580078 4.299999713897705
      vertex 8.591882705688477 10.217156410217285 4.199999809265137
      vertex 8.309040069580078 10.217156410217285 4.299999713897705
    endloop
  endfacet
  facet normal 0 0 1
    outer loop
      vertex -10.5 10.5 1.5999994277954102
      vertex -8.963696479797363 9.5625 1.5999994277954102
      vertex -8.02619743347168 10.5 1.5999994277954102
    endloop
  endfacet
  facet normal 0 0 1
    outer loop
      vertex -8.963696479797363 9.5625 1.5999994277954102
      vertex -10.5 10.5 1.5999994277954102
      vertex -10.5 9.5625 1.5999994277954102
    endloop
  endfacet
  facet normal 0 0 0
    outer loop
      vertex -10.5 10.5 1.5999994277954102
      vertex -8.02619743347168 10.5 1.5999994277954102
      vertex -6.329141139984131 10.5 1.5999994277954102
    endloop
  endfacet
  facet normal 0 0 0
    outer loop
      vertex -10.5 10.5 1.5999994277954102
      vertex -6.329141139984131 10.5 1.5999994277954102
      vertex -6.329140663146973 10.5 1.5999994277954102
    endloop
  endfacet
  facet normal 0 0 1
    outer loop
      vertex -10.088696479797363 8.4375 1.5999994277954102
      vertex -10.5 8.4375 1.5999994277954102
      vertex -10.5 8.02619743347168 1.5999994277954102
    endloop
  endfacet
  facet normal 0 0 0
    outer loop
      vertex -10.5 8.4375 1.5999994277954102
      vertex -10.5 7.3125 1.5999994277954102
      vertex -10.5 8.02619743347168 1.5999994277954102
    endloop
  endfacet
  facet normal 0 0 1
    outer loop
      vertex -6.329141139984131 10.5 1.5999994277954102
      vertex -8.02619743347168 10.5 1.5999994277954102
      vertex -7.266640663146973 9.5625 1.5999994277954102
    endloop
  endfacet
  facet normal 0 0 1
    outer loop
      vertex -7.266640663146973 9.5625 1.5999994277954102
      vertex -8.108798027038574 8.4375 1.5999994277954102
      vertex -6.983798503875732 9.5625 1.5999994277954102
    endloop
  endfacet
  facet normal 0 0 1
    outer loop
      vertex -8.963696479797363 9.5625 1.5999994277954102
      vertex -7.266640663146973 9.5625 1.5999994277954102
      vertex -8.02619743347168 10.5 1.5999994277954102
    endloop
  endfacet
  facet normal 0 0 1
    outer loop
      vertex -7.266640663146973 9.5625 1.5999994277954102
      vertex -8.963696479797363 9.5625 1.5999994277954102
      vertex -8.108798027038574 8.4375 1.5999994277954102
    endloop
  endfacet
  facet normal 0 0 1
    outer loop
      vertex -8.108798027038574 8.4375 1.5999994277954102
      vertex -8.963696479797363 9.5625 1.5999994277954102
      vertex -8.391640663146973 8.4375 1.5999994277954102
    endloop
  endfacet
  facet normal 0 0 1
    outer loop
      vertex -10.088696479797363 8.4375 1.5999994277954102
      vertex -8.391640663146973 8.4375 1.5999994277954102
      vertex -8.963696479797363 9.5625 1.5999994277954102
    endloop
  endfacet
  facet normal 0 0 1
    outer loop
      vertex -8.391640663146973 8.4375 1.5999994277954102
      vertex -10.088696479797363 8.4375 1.5999994277954102
      vertex -9.516640663146973 7.3125 1.5999994277954102
    endloop
  endfacet
  facet normal 0 0 1
    outer loop
      vertex -9.516640663146973 7.3125 1.5999994277954102
      vertex -10.358798027038574 6.1875 1.5999994277954102
      vertex -9.233798027038574 7.3125 1.5999994277954102
    endloop
  endfacet
  facet normal 0 0 1
    outer loop
      vertex -10.5 8.02619743347168 1.5999994277954102
      vertex -9.516640663146973 7.3125 1.5999994277954102
      vertex -10.088696479797363 8.4375 1.5999994277954102
    endloop
  endfacet
  facet normal 0 0 1
    outer loop
      vertex -9.516640663146973 7.3125 1.5999994277954102
      vertex -10.5 8.02619743347168 1.5999994277954102
      vertex -10.5 7.3125 1.5999994277954102
    endloop
  endfacet
  facet normal 0 0 1
    outer loop
      vertex -9.516640663146973 7.3125 1.5999994277954102
      vertex -10.5 7.3125 1.5999994277954102
      vertex -10.358798027038574 6.1875 1.5999994277954102
    endloop
  endfacet
  facet normal 0 0 1
    outer loop
      vertex -10.358798027038574 6.1875 1.5999994277954102
      vertex -10.5 7.3125 1.5999994277954102
      vertex -10.5 6.1875 1.5999994277954102
    endloop
  endfacet
  facet normal 0 1 0
    outer loop
      vertex -8.309040069580078 10.217156410217285 4.299999713897705
      vertex -8.591882705688477 10.217156410217285 3.59999942779541
      vertex -8.591882705688477 10.217156410217285 4.199999809265137
    endloop
  endfacet
  facet normal 0 1 0
    outer loop
      vertex -8.591882705688477 10.217156410217285 3.59999942779541
      vertex -8.309040069580078 10.217156410217285 4.299999713897705
      vertex -8.309040069580078 10.217156410217285 3.3999996185302734
    endloop
  endfacet
  facet normal -1 0 0
    outer loop
      vertex -10.217156410217285 8.309040069580078 4.299999713897705
      vertex -10.217156410217285 8.591882705688477 3.59999942779541
      vertex -10.217156410217285 8.309040069580078 3.3999996185302734
    endloop
  endfacet
  facet normal -1 0 0
    outer loop
      vertex -10.217156410217285 8.591882705688477 3.59999942779541
      vertex -10.217156410217285 8.309040069580078 4.299999713897705
      vertex -10.217156410217285 8.591882705688477 4.199999809265137
    endloop
  endfacet
  facet normal -0.7071067811865475 0.7071067811865475 0
    outer loop
      vertex -10.217156410217285 8.591882705688477 3.59999942779541
      vertex -8.591882705688477 10.217156410217285 4.199999809265137
      vertex -8.591882705688477 10.217156410217285 3.59999942779541
    endloop
  endfacet
  facet normal -0.7071067811865475 0.7071067811865475 0
    outer loop
      vertex -8.591882705688477 10.217156410217285 4.199999809265137
      vertex -10.217156410217285 8.591882705688477 3.59999942779541
      vertex -10.217156410217285 8.591882705688477 4.199999809265137
    endloop
  endfacet
  facet normal -0.4999998290801276 0.4999998290801276 -0.7071070229036664
    outer loop
      vertex -10.217156410217285 8.309040069580078 3.3999996185302734
      vertex -8.591882705688477 10.217156410217285 3.59999942779541
      vertex -8.309040069580078 10.217156410217285 3.3999996185302734
    endloop
  endfacet
  facet normal -0.49999982908012763 0.49999982908012763 -0.7071070229036664
    outer loop
      vertex -8.591882705688477 10.217156410217285 3.59999942779541
      vertex -10.217156410217285 8.309040069580078 3.3999996185302734
      vertex -10.217156410217285 8.591882705688477 3.59999942779541
    endloop
  endfacet
  facet normal 0.7071067811865476 -0.7071067811865476 0
    outer loop
      vertex -7.266640663146973 9.5625 1.5999994277954102
      vertex -6.329140663146973 10.5 0
      vertex -6.329140663146973 10.5 1.5999994277954102
    endloop
  endfacet
  facet normal 0.7071067811865476 -0.7071067811865476 0
    outer loop
      vertex -6.329140663146973 10.5 0
      vertex -7.266640663146973 9.5625 1.5999994277954102
      vertex -7.266640663146973 9.5625 0
    endloop
  endfacet
  facet normal 0 0 1
    outer loop
      vertex -7.266640663146973 9.5625 1.5999994277954102
      vertex -6.329140663146973 10.5 1.5999994277954102
      vertex -6.329141139984131 10.5 1.5999994277954102
    endloop
  endfacet
  facet normal 0.7071067811865475 -0.7071067811865475 0
    outer loop
      vertex -9.516640663146973 7.3125 1.5999994277954102
      vertex -8.391640663146973 8.4375 0
      vertex -8.391640663146973 8.4375 1.5999994277954102
    endloop
  endfacet
  facet normal 0.7071067811865475 -0.7071067811865475 0
    outer loop
      vertex -8.391640663146973 8.4375 0
      vertex -9.516640663146973 7.3125 1.5999994277954102
      vertex -9.516640663146973 7.3125 0
    endloop
  endfacet
  facet normal -0.316227593058141 0.316227593058141 0.8944273133001415
    outer loop
      vertex -10.217156410217285 8.591882705688477 4.199999809265137
      vertex -8.309040069580078 10.217156410217285 4.299999713897705
      vertex -8.591882705688477 10.217156410217285 4.199999809265137
    endloop
  endfacet
  facet normal -0.316227593058141 0.316227593058141 0.8944273133001415
    outer loop
      vertex -8.309040069580078 10.217156410217285 4.299999713897705
      vertex -10.217156410217285 8.591882705688477 4.199999809265137
      vertex -10.217156410217285 8.309040069580078 4.299999713897705
    endloop
  endfacet
  facet normal 0 0 1
    outer loop
      vertex -10.5 -10.5 1.5999994277954102
      vertex -8.963696479797363 -9.5625 1.5999994277954102
      vertex -10.5 -9.5625 1.5999994277954102
    endloop
  endfacet
  facet normal 0 0 1
    outer loop
      vertex -8.963696479797363 -9.5625 1.5999994277954102
      vertex -10.5 -10.5 1.5999994277954102
      vertex -8.02619743347168 -10.5 1.5999994277954102
    endloop
  endfacet
  facet normal 0 0 0
    outer loop
      vertex -6.329140663146973 -10.5 1.5999994277954102
      vertex -6.329141139984131 -10.5 1.5999994277954102
      vertex -8.02619743347168 -10.5 1.5999994277954102
    endloop
  endfacet
  facet normal 0 0 0
    outer loop
      vertex -10.5 -10.5 1.5999994277954102
      vertex -6.329140663146973 -10.5 1.5999994277954102
      vertex -8.02619743347168 -10.5 1.5999994277954102
    endloop
  endfacet
  facet normal 0 0 1
    outer loop
      vertex -10.088696479797363 -8.4375 1.5999994277954102
      vertex -10.5 -8.02619743347168 1.5999994277954102
      vertex -10.5 -8.4375 1.5999994277954102
    endloop
  endfacet
  facet normal 0 0 0
    outer loop
      vertex -10.5 -8.4375 1.5999994277954102
      vertex -10.5 -8.02619743347168 1.5999994277954102
      vertex -10.5 -7.3125 1.5999994277954102
    endloop
  endfacet
  facet normal 0 0 1
    outer loop
      vertex -10.358798027038574 -6.1875 1.5999994277954102
      vertex -9.516640663146973 -7.3125 1.5999994277954102
      vertex -9.233798027038574 -7.3125 1.5999994277954102
    endloop
  endfacet
  facet normal 0 0 1
    outer loop
      vertex -10.5 -7.3125 1.5999994277954102
      vertex -9.516640663146973 -7.3125 1.5999994277954102
      vertex -10.358798027038574 -6.1875 1.5999994277954102
    endloop
  endfacet
  facet normal 0 0 1
    outer loop
      vertex -10.5 -7.3125 1.5999994277954102
      vertex -10.358798027038574 -6.1875 1.5999994277954102
      vertex -10.5 -6.1875 1.5999994277954102
    endloop
  endfacet
  facet normal 0 0 1
    outer loop
      vertex -10.5 -8.02619743347168 1.5999994277954102
      vertex -9.516640663146973 -7.3125 1.5999994277954102
      vertex -10.5 -7.3125 1.5999994277954102
    endloop
  endfacet
  facet normal 0 0 1
    outer loop
      vertex -9.516640663146973 -7.3125 1.5999994277954102
      vertex -10.5 -8.02619743347168 1.5999994277954102
      vertex -10.088696479797363 -8.4375 1.5999994277954102
    endloop
  endfacet
  facet normal 0 0 1
    outer loop
      vertex -8.108798027038574 -8.4375 1.5999994277954102
      vertex -7.266640663146973 -9.5625 1.5999994277954102
      vertex -6.983798503875732 -9.5625 1.5999994277954102
    endloop
  endfacet
  facet normal 0 0 1
    outer loop
      vertex -8.963696479797363 -9.5625 1.5999994277954102
      vertex -7.266640663146973 -9.5625 1.5999994277954102
      vertex -8.108798027038574 -8.4375 1.5999994277954102
    endloop
  endfacet
  facet normal 0 0 1
    outer loop
      vertex -8.963696479797363 -9.5625 1.5999994277954102
      vertex -8.108798027038574 -8.4375 1.5999994277954102
      vertex -8.391640663146973 -8.4375 1.5999994277954102
    endloop
  endfacet
  facet normal 0 0 1
    outer loop
      vertex -7.266640663146973 -9.5625 1.5999994277954102
      vertex -8.963696479797363 -9.5625 1.5999994277954102
      vertex -8.02619743347168 -10.5 1.5999994277954102
    endloop
  endfacet
  facet normal 0 0 1
    outer loop
      vertex -10.088696479797363 -8.4375 1.5999994277954102
      vertex -8.391640663146973 -8.4375 1.5999994277954102
      vertex -9.516640663146973 -7.3125 1.5999994277954102
    endloop
  endfacet
  facet normal 0 0 1
    outer loop
      vertex -8.391640663146973 -8.4375 1.5999994277954102
      vertex -10.088696479797363 -8.4375 1.5999994277954102
      vertex -8.963696479797363 -9.5625 1.5999994277954102
    endloop
  endfacet
  facet normal 0 0 1
    outer loop
      vertex -6.329141139984131 -10.5 1.5999994277954102
      vertex -7.266640663146973 -9.5625 1.5999994277954102
      vertex -8.02619743347168 -10.5 1.5999994277954102
    endloop
  endfacet
  facet normal -1 0 0
    outer loop
      vertex -10.217156410217285 -8.591882705688477 3.59999942779541
      vertex -10.217156410217285 -8.309040069580078 4.299999713897705
      vertex -10.217156410217285 -8.309040069580078 3.3999996185302734
    endloop
  endfacet
  facet normal -1 0 0
    outer loop
      vertex -10.217156410217285 -8.309040069580078 4.299999713897705
      vertex -10.217156410217285 -8.591882705688477 3.59999942779541
      vertex -10.217156410217285 -8.591882705688477 4.199999809265137
    endloop
  endfacet
  facet normal 0 -1 0
    outer loop
      vertex -8.591882705688477 -10.217156410217285 3.59999942779541
      vertex -8.309040069580078 -10.217156410217285 4.299999713897705
      vertex -8.591882705688477 -10.217156410217285 4.199999809265137
    endloop
  endfacet
  facet normal 0 -1 0
    outer loop
      vertex -8.309040069580078 -10.217156410217285 4.299999713897705
      vertex -8.591882705688477 -10.217156410217285 3.59999942779541
      vertex -8.309040069580078 -10.217156410217285 3.3999996185302734
    endloop
  endfacet
  facet normal -0.7071067811865475 -0.7071067811865475 0
    outer loop
      vertex -8.591882705688477 -10.217156410217285 3.59999942779541
      vertex -10.217156410217285 -8.591882705688477 4.199999809265137
      vertex -10.217156410217285 -8.591882705688477 3.59999942779541
    endloop
  endfacet
  facet normal -0.7071067811865475 -0.7071067811865475 0
    outer loop
      vertex -10.217156410217285 -8.591882705688477 4.199999809265137
      vertex -8.591882705688477 -10.217156410217285 3.59999942779541
      vertex -8.591882705688477 -10.217156410217285 4.199999809265137
    endloop
  endfacet
  facet normal -0.49999982908012763 -0.49999982908012763 -0.7071070229036664
    outer loop
      vertex -10.217156410217285 -8.591882705688477 3.59999942779541
      vertex -8.309040069580078 -10.217156410217285 3.3999996185302734
      vertex -8.591882705688477 -10.217156410217285 3.59999942779541
    endloop
  endfacet
  facet normal -0.4999998290801276 -0.4999998290801276 -0.7071070229036664
    outer loop
      vertex -8.309040069580078 -10.217156410217285 3.3999996185302734
      vertex -10.217156410217285 -8.591882705688477 3.59999942779541
      vertex -10.217156410217285 -8.309040069580078 3.3999996185302734
    endloop
  endfacet
  facet normal 0.7071069610131241 0.7071066013599253 0
    outer loop
      vertex -6.329141139984131 -10.5 1.5999994277954102
      vertex -7.266640663146973 -9.5625 0
      vertex -7.266640663146973 -9.5625 1.5999994277954102
    endloop
  endfacet
  facet normal 0.7071067811865318 0.7071067811865318 2.1073431791893045e-7
    outer loop
      vertex -7.266640663146973 -9.5625 0
      vertex -6.329141139984131 -10.5 1.5999994277954102
      vertex -6.329140663146973 -10.5 0
    endloop
  endfacet
  facet normal 0 1 0
    outer loop
      vertex -6.329140663146973 -10.5 0
      vertex -6.329141139984131 -10.5 1.5999994277954102
      vertex -6.329140663146973 -10.5 1.5999994277954102
    endloop
  endfacet
  facet normal 0.7071067811865475 0.7071067811865475 0
    outer loop
      vertex -8.391640663146973 -8.4375 1.5999994277954102
      vertex -9.516640663146973 -7.3125 0
      vertex -9.516640663146973 -7.3125 1.5999994277954102
    endloop
  endfacet
  facet normal 0.7071067811865475 0.7071067811865475 0
    outer loop
      vertex -9.516640663146973 -7.3125 0
      vertex -8.391640663146973 -8.4375 1.5999994277954102
      vertex -8.391640663146973 -8.4375 0
    endloop
  endfacet
  facet normal -0.316227593058141 -0.316227593058141 0.8944273133001415
    outer loop
      vertex -10.217156410217285 -8.309040069580078 4.299999713897705
      vertex -8.591882705688477 -10.217156410217285 4.199999809265137
      vertex -8.309040069580078 -10.217156410217285 4.299999713897705
    endloop
  endfacet
  facet normal -0.316227593058141 -0.316227593058141 0.8944273133001415
    outer loop
      vertex -8.591882705688477 -10.217156410217285 4.199999809265137
      vertex -10.217156410217285 -8.309040069580078 4.299999713897705
      vertex -10.217156410217285 -8.591882705688477 4.199999809265137
    endloop
  endfacet
  facet normal 0 0 1
    outer loop
      vertex 8.963696479797363 -9.5625 1.5999994277954102
      vertex 10.5 -10.5 1.5999994277954102
      vertex 10.5 -9.5625 1.5999994277954102
    endloop
  endfacet
  facet normal 0 0 1
    outer loop
      vertex 10.5 -10.5 1.5999994277954102
      vertex 8.963696479797363 -9.5625 1.5999994277954102
      vertex 8.02619743347168 -10.5 1.5999994277954102
    endloop
  endfacet
  facet normal 0 0 0
    outer loop
      vertex 8.02619743347168 -10.5 1.5999994277954102
      vertex 6.329141139984131 -10.5 1.5999994277954102
      vertex 6.329140663146973 -10.5 1.5999994277954102
    endloop
  endfacet
  facet normal 0 0 0
    outer loop
      vertex 10.5 -10.5 1.5999994277954102
      vertex 8.02619743347168 -10.5 1.5999994277954102
      vertex 6.329140663146973 -10.5 1.5999994277954102
    endloop
  endfacet
  facet normal 0 0 1
    outer loop
      vertex 10.5 -8.02619743347168 1.5999994277954102
      vertex 10.088696479797363 -8.4375 1.5999994277954102
      vertex 10.5 -8.4375 1.5999994277954102
    endloop
  endfacet
  facet normal 0 0 0
    outer loop
      vertex 10.5 -8.02619743347168 1.5999994277954102
      vertex 10.5 -8.4375 1.5999994277954102
      vertex 10.5 -7.3125 1.5999994277954102
    endloop
  endfacet
  facet normal 0 0 1
    outer loop
      vertex 10.358798027038574 -6.1875 1.5999994277954102
      vertex 10.5 -7.3125 1.5999994277954102
      vertex 10.5 -6.1875 1.5999994277954102
    endloop
  endfacet
  facet normal 0 0 1
    outer loop
      vertex 9.516640663146973 -7.3125 1.5999994277954102
      vertex 10.5 -7.3125 1.5999994277954102
      vertex 10.358798027038574 -6.1875 1.5999994277954102
    endloop
  endfacet
  facet normal 0 0 1
    outer loop
      vertex 10.5 -7.3125 1.5999994277954102
      vertex 9.516640663146973 -7.3125 1.5999994277954102
      vertex 10.5 -8.02619743347168 1.5999994277954102
    endloop
  endfacet
  facet normal 0 0 1
    outer loop
      vertex 10.5 -8.02619743347168 1.5999994277954102
      vertex 9.516640663146973 -7.3125 1.5999994277954102
      vertex 10.088696479797363 -8.4375 1.5999994277954102
    endloop
  endfacet
  facet normal 0 0 1
    outer loop
      vertex 9.516640663146973 -7.3125 1.5999994277954102
      vertex 10.358798027038574 -6.1875 1.5999994277954102
      vertex 9.233798027038574 -7.3125 1.5999994277954102
    endloop
  endfacet
  facet normal 0 0 1
    outer loop
      vertex 8.391640663146973 -8.4375 1.5999994277954102
      vertex 10.088696479797363 -8.4375 1.5999994277954102
      vertex 9.516640663146973 -7.3125 1.5999994277954102
    endloop
  endfacet
  facet normal 0 0 1
    outer loop
      vertex 10.088696479797363 -8.4375 1.5999994277954102
      vertex 8.391640663146973 -8.4375 1.5999994277954102
      vertex 8.963696479797363 -9.5625 1.5999994277954102
    endloop
  endfacet
  facet normal 0 0 1
    outer loop
      vertex 8.108798027038574 -8.4375 1.5999994277954102
      vertex 8.963696479797363 -9.5625 1.5999994277954102
      vertex 8.391640663146973 -8.4375 1.5999994277954102
    endloop
  endfacet
  facet normal 0 0 1
    outer loop
      vertex 7.266640663146973 -9.5625 1.5999994277954102
      vertex 8.963696479797363 -9.5625 1.5999994277954102
      vertex 8.108798027038574 -8.4375 1.5999994277954102
    endloop
  endfacet
  facet normal 0 0 1
    outer loop
      vertex 8.963696479797363 -9.5625 1.5999994277954102
      vertex 7.266640663146973 -9.5625 1.5999994277954102
      vertex 8.02619743347168 -10.5 1.5999994277954102
    endloop
  endfacet
  facet normal 0 0 1
    outer loop
      vertex 7.266640663146973 -9.5625 1.5999994277954102
      vertex 8.108798027038574 -8.4375 1.5999994277954102
      vertex 6.983798503875732 -9.5625 1.5999994277954102
    endloop
  endfacet
  facet normal 0 0 1
    outer loop
      vertex 8.02619743347168 -10.5 1.5999994277954102
      vertex 7.266640663146973 -9.5625 1.5999994277954102
      vertex 6.329141139984131 -10.5 1.5999994277954102
    endloop
  endfacet
  facet normal 0 -1 0
    outer loop
      vertex 8.309040069580078 -10.217156410217285 4.299999713897705
      vertex 8.591882705688477 -10.217156410217285 3.59999942779541
      vertex 8.591882705688477 -10.217156410217285 4.199999809265137
    endloop
  endfacet
  facet normal 0 -1 0
    outer loop
      vertex 8.591882705688477 -10.217156410217285 3.59999942779541
      vertex 8.309040069580078 -10.217156410217285 4.299999713897705
      vertex 8.309040069580078 -10.217156410217285 3.3999996185302734
    endloop
  endfacet
  facet normal 1 0 0
    outer loop
      vertex 10.217156410217285 -8.591882705688477 3.59999942779541
      vertex 10.217156410217285 -8.309040069580078 4.299999713897705
      vertex 10.217156410217285 -8.591882705688477 4.199999809265137
    endloop
  endfacet
  facet normal 1 0 0
    outer loop
      vertex 10.217156410217285 -8.309040069580078 4.299999713897705
      vertex 10.217156410217285 -8.591882705688477 3.59999942779541
      vertex 10.217156410217285 -8.309040069580078 3.3999996185302734
    endloop
  endfacet
  facet normal 0.7071067811865475 -0.7071067811865475 0
    outer loop
      vertex 8.591882705688477 -10.217156410217285 4.199999809265137
      vertex 10.217156410217285 -8.591882705688477 3.59999942779541
      vertex 10.217156410217285 -8.591882705688477 4.199999809265137
    endloop
  endfacet
  facet normal 0.7071067811865475 -0.7071067811865475 0
    outer loop
      vertex 10.217156410217285 -8.591882705688477 3.59999942779541
      vertex 8.591882705688477 -10.217156410217285 4.199999809265137
      vertex 8.591882705688477 -10.217156410217285 3.59999942779541
    endloop
  endfacet
  facet normal 0.49999982908012763 -0.49999982908012763 -0.7071070229036664
    outer loop
      vertex 8.591882705688477 -10.217156410217285 3.59999942779541
      vertex 10.217156410217285 -8.309040069580078 3.3999996185302734
      vertex 10.217156410217285 -8.591882705688477 3.59999942779541
    endloop
  endfacet
  facet normal 0.4999998290801276 -0.4999998290801276 -0.7071070229036664
    outer loop
      vertex 10.217156410217285 -8.309040069580078 3.3999996185302734
      vertex 8.591882705688477 -10.217156410217285 3.59999942779541
      vertex 8.309040069580078 -10.217156410217285 3.3999996185302734
    endloop
  endfacet
  facet normal -0.7071067811865476 0.7071067811865476 0
    outer loop
      vertex 6.329140663146973 -10.5 0
      vertex 7.266640663146973 -9.5625 1.5999994277954102
      vertex 7.266640663146973 -9.5625 0
    endloop
  endfacet
  facet normal -0.7071069610131083 0.7071066013599097 2.107343715114457e-7
    outer loop
      vertex 7.266640663146973 -9.5625 1.5999994277954102
      vertex 6.329140663146973 -10.5 0
      vertex 6.329141139984131 -10.5 1.5999994277954102
    endloop
  endfacet
  facet normal 0 1 0
    outer loop
      vertex 6.329140663146973 -10.5 0
      vertex 6.329140663146973 -10.5 1.5999994277954102
      vertex 6.329141139984131 -10.5 1.5999994277954102
    endloop
  endfacet
  facet normal -0.7071067811865475 0.7071067811865475 0
    outer loop
      vertex 8.391640663146973 -8.4375 0
      vertex 9.516640663146973 -7.3125 1.5999994277954102
      vertex 9.516640663146973 -7.3125 0
    endloop
  endfacet
  facet normal -0.7071067811865475 0.7071067811865475 0
    outer loop
      vertex 9.516640663146973 -7.3125 1.5999994277954102
      vertex 8.391640663146973 -8.4375 0
      vertex 8.391640663146973 -8.4375 1.5999994277954102
    endloop
  endfacet
  facet normal 0.316227593058141 -0.316227593058141 0.8944273133001415
    outer loop
      vertex 10.217156410217285 -8.309040069580078 4.299999713897705
      vertex 8.591882705688477 -10.217156410217285 4.199999809265137
      vertex 10.217156410217285 -8.591882705688477 4.199999809265137
    endloop
  endfacet
  facet normal 0.316227593058141 -0.316227593058141 0.8944273133001415
    outer loop
      vertex 8.591882705688477 -10.217156410217285 4.199999809265137
      vertex 10.217156410217285 -8.309040069580078 4.299999713897705
      vertex 8.309040069580078 -10.217156410217285 4.299999713897705
    endloop
  endfacet
  facet normal 0 1 0
    outer loop
      vertex 14.25 14.25 0
      vertex -14.25 14.25 2.299999237060547
      vertex 14.25 14.25 2.299999237060547
    endloop
  endfacet
  facet normal 0 1 0
    outer loop
      vertex -14.25 14.25 2.299999237060547
      vertex 14.25 14.25 0
      vertex -14.25 14.25 0
    endloop
  endfacet
  facet normal -1 0 0
    outer loop
      vertex -14.25 -14.25 0
      vertex -14.25 14.25 2.299999237060547
      vertex -14.25 14.25 0
    endloop
  endfacet
  facet normal -1 0 0
    outer loop
      vertex -14.25 14.25 2.299999237060547
      vertex -14.25 -14.25 0
      vertex -14.25 -14.25 2.299999237060547
    endloop
  endfacet
  facet normal 0 -1 0
    outer loop
      vertex -14.25 -14.25 0
      vertex 14.25 -14.25 2.299999237060547
      vertex -14.25 -14.25 2.299999237060547
    endloop
  endfacet
  facet normal 0 -1 0
    outer loop
      vertex 14.25 -14.25 2.299999237060547
      vertex -14.25 -14.25 0
      vertex 14.25 -14.25 0
    endloop
  endfacet
  facet normal 1 0 0
    outer loop
      vertex 14.25 -14.25 2.299999237060547
      vertex 14.25 14.25 0
      vertex 14.25 14.25 2.299999237060547
    endloop
  endfacet
  facet normal 1 0 0
    outer loop
      vertex 14.25 14.25 0
      vertex 14.25 -14.25 2.299999237060547
      vertex 14.25 -14.25 0
    endloop
  endfacet
  facet normal 1 0 0
    outer loop
      vertex -10.5 9.5625 2.299999237060547
      vertex -10.5 10.5 1.5999994277954102
      vertex -10.5 10.5 2.299999237060547
    endloop
  endfacet
  facet normal 1 0 0
    outer loop
      vertex -10.5 10.5 1.5999994277954102
      vertex -10.5 9.5625 2.299999237060547
      vertex -10.5 9.5625 1.5999994277954102
    endloop
  endfacet
  facet normal 1 0 0
    outer loop
      vertex -10.5 -10.5 2.299999237060547
      vertex -10.5 -9.5625 1.5999994277954102
      vertex -10.5 -9.5625 2.299999237060547
    endloop
  endfacet
  facet normal 1 0 0
    outer loop
      vertex -10.5 -9.5625 1.5999994277954102
      vertex -10.5 -10.5 2.299999237060547
      vertex -10.5 -10.5 1.5999994277954102
    endloop
  endfacet
  facet normal 1 0 0
    outer loop
      vertex -10.5 7.3125 2.299999237060547
      vertex -10.5 8.4375 1.5999994277954102
      vertex -10.5 8.4375 2.299999237060547
    endloop
  endfacet
  facet normal 1 0 0
    outer loop
      vertex -10.5 8.4375 1.5999994277954102
      vertex -10.5 7.3125 2.299999237060547
      vertex -10.5 7.3125 1.5999994277954102
    endloop
  endfacet
  facet normal 1 0 0
    outer loop
      vertex -10.5 5.0625 2.299999237060547
      vertex -10.5 6.1875 0
      vertex -10.5 6.1875 2.299999237060547
    endloop
  endfacet
  facet normal 1 0 0
    outer loop
      vertex -10.5 6.1875 0
      vertex -10.5 5.0625 2.299999237060547
      vertex -10.5 5.0625 0
    endloop
  endfacet
  facet normal 1 0 0
    outer loop
      vertex -10.5 2.8125 2.299999237060547
      vertex -10.5 3.9375 0
      vertex -10.5 3.9375 2.299999237060547
    endloop
  endfacet
  facet normal 1 0 0
    outer loop
      vertex -10.5 3.9375 0
      vertex -10.5 2.8125 2.299999237060547
      vertex -10.5 2.8125 0
    endloop
  endfacet
  facet normal 1 0 0
    outer loop
      vertex -10.5 0.5625 2.299999237060547
      vertex -10.5 1.6875 0
      vertex -10.5 1.6875 2.299999237060547
    endloop
  endfacet
  facet normal 1 0 0
    outer loop
      vertex -10.5 1.6875 0
      vertex -10.5 0.5625 2.299999237060547
      vertex -10.5 0.5625 0
    endloop
  endfacet
  facet normal 1 0 0
    outer loop
      vertex -10.5 -1.6875 2.299999237060547
      vertex -10.5 -0.5625 0
      vertex -10.5 -0.5625 2.299999237060547
    endloop
  endfacet
  facet normal 1 0 0
    outer loop
      vertex -10.5 -0.5625 0
      vertex -10.5 -1.6875 2.299999237060547
      vertex -10.5 -1.6875 0
    endloop
  endfacet
  facet normal 1 0 0
    outer loop
      vertex -10.5 -3.9375 2.299999237060547
      vertex -10.5 -2.8125 0
      vertex -10.5 -2.8125 2.299999237060547
    endloop
  endfacet
  facet normal 1 0 0
    outer loop
      vertex -10.5 -2.8125 0
      vertex -10.5 -3.9375 2.299999237060547
      vertex -10.5 -3.9375 0
    endloop
  endfacet
  facet normal 1 0 0
    outer loop
      vertex -10.5 -6.1875 2.299999237060547
      vertex -10.5 -5.0625 0
      vertex -10.5 -5.0625 2.299999237060547
    endloop
  endfacet
  facet normal 1 0 0
    outer loop
      vertex -10.5 -5.0625 0
      vertex -10.5 -6.1875 2.299999237060547
      vertex -10.5 -6.1875 0
    endloop
  endfacet
  facet normal 1 0 0
    outer loop
      vertex -10.5 -8.4375 2.299999237060547
      vertex -10.5 -7.3125 1.5999994277954102
      vertex -10.5 -7.3125 2.299999237060547
    endloop
  endfacet
  facet normal 1 0 0
    outer loop
      vertex -10.5 -7.3125 1.5999994277954102
      vertex -10.5 -8.4375 2.299999237060547
      vertex -10.5 -8.4375 1.5999994277954102
    endloop
  endfacet
  facet normal 0 -1 0
    outer loop
      vertex -6.329140663146973 10.5 0
      vertex 6.329140663146973 10.5 1.5999994277954102
      vertex -6.329140663146973 10.5 1.5999994277954102
    endloop
  endfacet
  facet normal 0 -1 0
    outer loop
      vertex 6.329140663146973 10.5 1.5999994277954102
      vertex -6.329140663146973 10.5 0
      vertex 6.329140663146973 10.5 0
    endloop
  endfacet
  facet normal 0 -1 0
    outer loop
      vertex -6.329140663146973 10.5 1.5999994277954102
      vertex -10.5 10.5 2.299999237060547
      vertex -10.5 10.5 1.5999994277954102
    endloop
  endfacet
  facet normal 0 -1 0
    outer loop
      vertex -10.5 10.5 2.299999237060547
      vertex -6.329140663146973 10.5 1.5999994277954102
      vertex 10.5 10.5 2.299999237060547
    endloop
  endfacet
  facet normal 0 -1 0
    outer loop
      vertex 6.329140663146973 10.5 1.5999994277954102
      vertex 10.5 10.5 2.299999237060547
      vertex -6.329140663146973 10.5 1.5999994277954102
    endloop
  endfacet
  facet normal 0 -1 0
    outer loop
      vertex 10.5 10.5 2.299999237060547
      vertex 6.329140663146973 10.5 1.5999994277954102
      vertex 10.5 10.5 1.5999994277954102
    endloop
  endfacet
  facet normal -1 0 0
    outer loop
      vertex 10.5 9.5625 1.5999994277954102
      vertex 10.5 10.5 2.299999237060547
      vertex 10.5 10.5 1.5999994277954102
    endloop
  endfacet
  facet normal -1 0 0
    outer loop
      vertex 10.5 10.5 2.299999237060547
      vertex 10.5 9.5625 1.5999994277954102
      vertex 10.5 9.5625 2.299999237060547
    endloop
  endfacet
  facet normal -1 0 0
    outer loop
      vertex 10.5 -10.5 1.5999994277954102
      vertex 10.5 -9.5625 2.299999237060547
      vertex 10.5 -9.5625 1.5999994277954102
    endloop
  endfacet
  facet normal -1 0 0
    outer loop
      vertex 10.5 -9.5625 2.299999237060547
      vertex 10.5 -10.5 1.5999994277954102
      vertex 10.5 -10.5 2.299999237060547
    endloop
  endfacet
  facet normal -1 0 0
    outer loop
      vertex 10.5 7.3125 1.5999994277954102
      vertex 10.5 8.4375 2.299999237060547
      vertex 10.5 8.4375 1.5999994277954102
    endloop
  endfacet
  facet normal -1 0 0
    outer loop
      vertex 10.5 8.4375 2.299999237060547
      vertex 10.5 7.3125 1.5999994277954102
      vertex 10.5 7.3125 2.299999237060547
    endloop
  endfacet
  facet normal -1 0 0
    outer loop
      vertex 10.5 5.0625 0
      vertex 10.5 6.1875 2.299999237060547
      vertex 10.5 6.1875 0
    endloop
  endfacet
  facet normal -1 0 0
    outer loop
      vertex 10.5 6.1875 2.299999237060547
      vertex 10.5 5.0625 0
      vertex 10.5 5.0625 2.299999237060547
    endloop
  endfacet
  facet normal -1 0 0
    outer loop
      vertex 10.5 2.8125 0
      vertex 10.5 3.9375 2.299999237060547
      vertex 10.5 3.9375 0
    endloop
  endfacet
  facet normal -1 0 0
    outer loop
      vertex 10.5 3.9375 2.299999237060547
      vertex 10.5 2.8125 0
      vertex 10.5 2.8125 2.299999237060547
    endloop
  endfacet
  facet normal -1 0 0
    outer loop
      vertex 10.5 0.5625 0
      vertex 10.5 1.6875 2.299999237060547
      vertex 10.5 1.6875 0
    endloop
  endfacet
  facet normal -1 0 0
    outer loop
      vertex 10.5 1.6875 2.299999237060547
      vertex 10.5 0.5625 0
      vertex 10.5 0.5625 2.299999237060547
    endloop
  endfacet
  facet normal -1 0 0
    outer loop
      vertex 10.5 -1.6875 0
      vertex 10.5 -0.5625 2.299999237060547
      vertex 10.5 -0.5625 0
    endloop
  endfacet
  facet normal -1 0 0
    outer loop
      vertex 10.5 -0.5625 2.299999237060547
      vertex 10.5 -1.6875 0
      vertex 10.5 -1.6875 2.299999237060547
    endloop
  endfacet
  facet normal -1 0 0
    outer loop
      vertex 10.5 -3.9375 0
      vertex 10.5 -2.8125 2.299999237060547
      vertex 10.5 -2.8125 0
    endloop
  endfacet
  facet normal -1 0 0
    outer loop
      vertex 10.5 -2.8125 2.299999237060547
      vertex 10.5 -3.9375 0
      vertex 10.5 -3.9375 2.299999237060547
    endloop
  endfacet
  facet normal -1 0 0
    outer loop
      vertex 10.5 -6.1875 0
      vertex 10.5 -5.0625 2.299999237060547
      vertex 10.5 -5.0625 0
    endloop
  endfacet
  facet normal -1 0 0
    outer loop
      vertex 10.5 -5.0625 2.299999237060547
      vertex 10.5 -6.1875 0
      vertex 10.5 -6.1875 2.299999237060547
    endloop
  endfacet
  facet normal -1 0 0
    outer loop
      vertex 10.5 -8.4375 1.5999994277954102
      vertex 10.5 -7.3125 2.299999237060547
      vertex 10.5 -7.3125 1.5999994277954102
    endloop
  endfacet
  facet normal -1 0 0
    outer loop
      vertex 10.5 -7.3125 2.299999237060547
      vertex 10.5 -8.4375 1.5999994277954102
      vertex 10.5 -8.4375 2.299999237060547
    endloop
  endfacet
  facet normal 0 1 0
    outer loop
      vertex 6.329140663146973 -10.5 0
      vertex -6.329140663146973 -10.5 1.5999994277954102
      vertex 6.329140663146973 -10.5 1.5999994277954102
    endloop
  endfacet
  facet normal 0 1 0
    outer loop
      vertex -6.329140663146973 -10.5 1.5999994277954102
      vertex 6.329140663146973 -10.5 0
      vertex -6.329140663146973 -10.5 0
    endloop
  endfacet
  facet normal 0 1 0
    outer loop
      vertex 6.329140663146973 -10.5 1.5999994277954102
      vertex 10.5 -10.5 2.299999237060547
      vertex 10.5 -10.5 1.5999994277954102
    endloop
  endfacet
  facet normal 0 1 0
    outer loop
      vertex 10.5 -10.5 2.299999237060547
      vertex 6.329140663146973 -10.5 1.5999994277954102
      vertex -10.5 -10.5 2.299999237060547
    endloop
  endfacet
  facet normal 0 1 0
    outer loop
      vertex -6.329140663146973 -10.5 1.5999994277954102
      vertex -10.5 -10.5 2.299999237060547
      vertex 6.329140663146973 -10.5 1.5999994277954102
    endloop
  endfacet
  facet normal 0 1 0
    outer loop
      vertex -10.5 -10.5 2.299999237060547
      vertex -6.329140663146973 -10.5 1.5999994277954102
      vertex -10.5 -10.5 1.5999994277954102
    endloop
  endfacet
  facet normal 0 0 1
    outer loop
      vertex -10.5 9.5625 2.299999237060547
      vertex -10.088696479797363 8.4375 2.299999237060547
      vertex -8.963696479797363 9.5625 2.299999237060547
    endloop
  endfacet
  facet normal 0 0 1
    outer loop
      vertex -10.088696479797363 8.4375 2.299999237060547
      vertex -10.5 9.5625 2.299999237060547
      vertex -10.5 8.4375 2.299999237060547
    endloop
  endfacet
  facet normal 0 0 1
    outer loop
      vertex -10.5 -9.5625 2.299999237060547
      vertex -10.088696479797363 -8.4375 2.299999237060547
      vertex -10.5 -8.4375 2.299999237060547
    endloop
  endfacet
  facet normal 0 0 1
    outer loop
      vertex -10.088696479797363 -8.4375 2.299999237060547
      vertex -10.5 -9.5625 2.299999237060547
      vertex -8.963696479797363 -9.5625 2.299999237060547
    endloop
  endfacet
  facet normal 0 0 1
    outer loop
      vertex 10.088696479797363 -8.4375 2.299999237060547
      vertex 10.5 -9.5625 2.299999237060547
      vertex 10.5 -8.4375 2.299999237060547
    endloop
  endfacet
  facet normal 0 0 1
    outer loop
      vertex 10.5 -9.5625 2.299999237060547
      vertex 10.088696479797363 -8.4375 2.299999237060547
      vertex 8.963696479797363 -9.5625 2.299999237060547
    endloop
  endfacet
  facet normal 0 0 1
    outer loop
      vertex -10.5 -3.9375 2.299999237060547
      vertex 10.5 -5.0625 2.299999237060547
      vertex 10.5 -3.9375 2.299999237060547
    endloop
  endfacet
  facet normal 0 0 1
    outer loop
      vertex 10.5 -5.0625 2.299999237060547
      vertex -10.5 -3.9375 2.299999237060547
      vertex -10.5 -5.0625 2.299999237060547
    endloop
  endfacet
  facet normal 0 0 1
    outer loop
      vertex -10.5 -1.6875 2.299999237060547
      vertex 10.5 -2.8125 2.299999237060547
      vertex 10.5 -1.6875 2.299999237060547
    endloop
  endfacet
  facet normal 0 0 1
    outer loop
      vertex 10.5 -2.8125 2.299999237060547
      vertex -10.5 -1.6875 2.299999237060547
      vertex -10.5 -2.8125 2.299999237060547
    endloop
  endfacet
  facet normal 0 0 1
    outer loop
      vertex -10.5 0.5625 2.299999237060547
      vertex 10.5 -0.5625 2.299999237060547
      vertex 10.5 0.5625 2.299999237060547
    endloop
  endfacet
  facet normal 0 0 1
    outer loop
      vertex 10.5 -0.5625 2.299999237060547
      vertex -10.5 0.5625 2.299999237060547
      vertex -10.5 -0.5625 2.299999237060547
    endloop
  endfacet
  facet normal 0 0 1
    outer loop
      vertex -10.5 2.8125 2.299999237060547
      vertex 10.5 1.6875 2.299999237060547
      vertex 10.5 2.8125 2.299999237060547
    endloop
  endfacet
  facet normal 0 0 1
    outer loop
      vertex 10.5 1.6875 2.299999237060547
      vertex -10.5 2.8125 2.299999237060547
      vertex -10.5 1.6875 2.299999237060547
    endloop
  endfacet
  facet normal 0 0 1
    outer loop
      vertex -10.5 5.0625 2.299999237060547
      vertex 10.5 3.9375 2.299999237060547
      vertex 10.5 5.0625 2.299999237060547
    endloop
  endfacet
  facet normal 0 0 1
    outer loop
      vertex 10.5 3.9375 2.299999237060547
      vertex -10.5 5.0625 2.299999237060547
      vertex -10.5 3.9375 2.299999237060547
    endloop
  endfacet
  facet normal 0 0 1
    outer loop
      vertex 10.5 9.5625 2.299999237060547
      vertex 10.088696479797363 8.4375 2.299999237060547
      vertex 10.5 8.4375 2.299999237060547
    endloop
  endfacet
  facet normal 0 0 1
    outer loop
      vertex 10.088696479797363 8.4375 2.299999237060547
      vertex 10.5 9.5625 2.299999237060547
      vertex 8.963696479797363 9.5625 2.299999237060547
    endloop
  endfacet
  facet normal 0 0 1
    outer loop
      vertex 14.25 14.25 2.299999237060547
      vertex 14.049999237060547 5 2.299999237060547
      vertex 14.25 -14.25 2.299999237060547
    endloop
  endfacet
  facet normal 0 0 1
    outer loop
      vertex 10.5 9.5625 2.299999237060547
      vertex 14.049999237060547 5 2.299999237060547
      vertex 14.25 14.25 2.299999237060547
    endloop
  endfacet
  facet normal 0 0 1
    outer loop
      vertex 14.049999237060547 5 2.299999237060547
      vertex 10.5 9.5625 2.299999237060547
      vertex 10.5 8.4375 2.299999237060547
    endloop
  endfacet
  facet normal 0 0 1
    outer loop
      vertex 10.5 9.5625 2.299999237060547
      vertex 14.25 14.25 2.299999237060547
      vertex 10.5 10.5 2.299999237060547
    endloop
  endfacet
  facet normal 0 0 1
    outer loop
      vertex 14.25 14.25 2.299999237060547
      vertex 5 14.049999237060547 2.299999237060547
      vertex 10.5 10.5 2.299999237060547
    endloop
  endfacet
  facet normal 0 0 1
    outer loop
      vertex 14.25 14.25 2.299999237060547
      vertex -5 14.049999237060547 2.299999237060547
      vertex 5 14.049999237060547 2.299999237060547
    endloop
  endfacet
  facet normal 0 0 1
    outer loop
      vertex -5 14.049999237060547 2.299999237060547
      vertex -10.5 10.5 2.299999237060547
      vertex -5 11.25 2.299999237060547
    endloop
  endfacet
  facet normal 0 0 1
    outer loop
      vertex -14.25 14.25 2.299999237060547
      vertex -10.5 9.5625 2.299999237060547
      vertex -10.5 10.5 2.299999237060547
    endloop
  endfacet
  facet normal 0 0 1
    outer loop
      vertex -10.5 9.5625 2.299999237060547
      vertex -14.049999237060547 5 2.299999237060547
      vertex -10.5 8.4375 2.299999237060547
    endloop
  endfacet
  facet normal 0 0 1
    outer loop
      vertex -10.5 8.4375 2.299999237060547
      vertex -14.049999237060547 5 2.299999237060547
      vertex -10.5 7.3125 2.299999237060547
    endloop
  endfacet
  facet normal 0 0 1
    outer loop
      vertex -10.5 7.3125 2.299999237060547
      vertex -14.049999237060547 5 2.299999237060547
      vertex -10.5 6.1875 2.299999237060547
    endloop
  endfacet
  facet normal 0 0 1
    outer loop
      vertex -10.5 6.1875 2.299999237060547
      vertex -11.25 5 2.299999237060547
      vertex -10.5 5.0625 2.299999237060547
    endloop
  endfacet
  facet normal 0 0 1
    outer loop
      vertex -10.5 5.0625 2.299999237060547
      vertex -11.25 5 2.299999237060547
      vertex -10.5 3.9375 2.299999237060547
    endloop
  endfacet
  facet normal 0 0 1
    outer loop
      vertex -10.5 3.9375 2.299999237060547
      vertex -11.25 5 2.299999237060547
      vertex -10.5 2.8125 2.299999237060547
    endloop
  endfacet
  facet normal 0 0 1
    outer loop
      vertex -10.5 2.8125 2.299999237060547
      vertex -11.25 5 2.299999237060547
      vertex -10.5 1.6875 2.299999237060547
    endloop
  endfacet
  facet normal 0 0 1
    outer loop
      vertex -10.5 1.6875 2.299999237060547
      vertex -11.25 5 2.299999237060547
      vertex -10.5 0.5625 2.299999237060547
    endloop
  endfacet
  facet normal 0 0 1
    outer loop
      vertex -10.5 0.5625 2.299999237060547
      vertex -11.25 5 2.299999237060547
      vertex -10.5 -0.5625 2.299999237060547
    endloop
  endfacet
  facet normal 0 0 1
    outer loop
      vertex -11.25 -5 2.299999237060547
      vertex -10.5 -0.5625 2.299999237060547
      vertex -11.25 5 2.299999237060547
    endloop
  endfacet
  facet normal 0 0 1
    outer loop
      vertex -10.5 -0.5625 2.299999237060547
      vertex -11.25 -5 2.299999237060547
      vertex -10.5 -1.6875 2.299999237060547
    endloop
  endfacet
  facet normal 0 0 1
    outer loop
      vertex -10.5 -1.6875 2.299999237060547
      vertex -11.25 -5 2.299999237060547
      vertex -10.5 -2.8125 2.299999237060547
    endloop
  endfacet
  facet normal 0 0 1
    outer loop
      vertex -10.5 -2.8125 2.299999237060547
      vertex -11.25 -5 2.299999237060547
      vertex -10.5 -3.9375 2.299999237060547
    endloop
  endfacet
  facet normal 0 0 1
    outer loop
      vertex -10.5 -3.9375 2.299999237060547
      vertex -11.25 -5 2.299999237060547
      vertex -10.5 -5.0625 2.299999237060547
    endloop
  endfacet
  facet normal 0 0 1
    outer loop
      vertex -10.5 -5.0625 2.299999237060547
      vertex -11.25 -5 2.299999237060547
      vertex -10.5 -6.1875 2.299999237060547
    endloop
  endfacet
  facet normal 0 0 1
    outer loop
      vertex -14.049999237060547 -5 2.299999237060547
      vertex -10.5 -6.1875 2.299999237060547
      vertex -11.25 -5 2.299999237060547
    endloop
  endfacet
  facet normal 0 0 1
    outer loop
      vertex -10.5 -6.1875 2.299999237060547
      vertex -14.049999237060547 -5 2.299999237060547
      vertex -10.5 -7.3125 2.299999237060547
    endloop
  endfacet
  facet normal 0 0 1
    outer loop
      vertex -10.5 -7.3125 2.299999237060547
      vertex -14.049999237060547 -5 2.299999237060547
      vertex -10.5 -8.4375 2.299999237060547
    endloop
  endfacet
  facet normal 0 0 1
    outer loop
      vertex -10.5 6.1875 2.299999237060547
      vertex -14.049999237060547 5 2.299999237060547
      vertex -11.25 5 2.299999237060547
    endloop
  endfacet
  facet normal 0 0 1
    outer loop
      vertex -14.049999237060547 5 2.299999237060547
      vertex -14.25 14.25 2.299999237060547
      vertex -14.049999237060547 -5 2.299999237060547
    endloop
  endfacet
  facet normal 0 0 1
    outer loop
      vertex -10.5 9.5625 2.299999237060547
      vertex -14.25 14.25 2.299999237060547
      vertex -14.049999237060547 5 2.299999237060547
    endloop
  endfacet
  facet normal 0 0 1
    outer loop
      vertex -5 14.049999237060547 2.299999237060547
      vertex -14.25 14.25 2.299999237060547
      vertex -10.5 10.5 2.299999237060547
    endloop
  endfacet
  facet normal 0 0 1
    outer loop
      vertex -14.25 14.25 2.299999237060547
      vertex -5 14.049999237060547 2.299999237060547
      vertex 14.25 14.25 2.299999237060547
    endloop
  endfacet
  facet normal 0 0 1
    outer loop
      vertex 14.049999237060547 -5 2.299999237060547
      vertex 14.25 -14.25 2.299999237060547
      vertex 14.049999237060547 5 2.299999237060547
    endloop
  endfacet
  facet normal 0 0 1
    outer loop
      vertex 10.5 -6.1875 2.299999237060547
      vertex 14.049999237060547 -5 2.299999237060547
      vertex 11.25 -5 2.299999237060547
    endloop
  endfacet
  facet normal 0 0 1
    outer loop
      vertex 10.5 7.3125 2.299999237060547
      vertex 14.049999237060547 5 2.299999237060547
      vertex 10.5 8.4375 2.299999237060547
    endloop
  endfacet
  facet normal 0 0 1
    outer loop
      vertex 10.5 6.1875 2.299999237060547
      vertex 14.049999237060547 5 2.299999237060547
      vertex 10.5 7.3125 2.299999237060547
    endloop
  endfacet
  facet normal 0 0 1
    outer loop
      vertex 14.049999237060547 5 2.299999237060547
      vertex 10.5 6.1875 2.299999237060547
      vertex 11.25 5 2.299999237060547
    endloop
  endfacet
  facet normal 0 0 1
    outer loop
      vertex 10.5 5.0625 2.299999237060547
      vertex 11.25 5 2.299999237060547
      vertex 10.5 6.1875 2.299999237060547
    endloop
  endfacet
  facet normal 0 0 1
    outer loop
      vertex 10.5 3.9375 2.299999237060547
      vertex 11.25 5 2.299999237060547
      vertex 10.5 5.0625 2.299999237060547
    endloop
  endfacet
  facet normal 0 0 1
    outer loop
      vertex 10.5 2.8125 2.299999237060547
      vertex 11.25 5 2.299999237060547
      vertex 10.5 3.9375 2.299999237060547
    endloop
  endfacet
  facet normal 0 0 1
    outer loop
      vertex 10.5 1.6875 2.299999237060547
      vertex 11.25 5 2.299999237060547
      vertex 10.5 2.8125 2.299999237060547
    endloop
  endfacet
  facet normal 0 0 1
    outer loop
      vertex 10.5 0.5625 2.299999237060547
      vertex 11.25 5 2.299999237060547
      vertex 10.5 1.6875 2.299999237060547
    endloop
  endfacet
  facet normal 0 0 1
    outer loop
      vertex 11.25 5 2.299999237060547
      vertex 10.5 0.5625 2.299999237060547
      vertex 11.25 -5 2.299999237060547
    endloop
  endfacet
  facet normal 0 0 1
    outer loop
      vertex 10.5 -0.5625 2.299999237060547
      vertex 11.25 -5 2.299999237060547
      vertex 10.5 0.5625 2.299999237060547
    endloop
  endfacet
  facet normal 0 0 1
    outer loop
      vertex 10.5 -1.6875 2.299999237060547
      vertex 11.25 -5 2.299999237060547
      vertex 10.5 -0.5625 2.299999237060547
    endloop
  endfacet
  facet normal 0 0 1
    outer loop
      vertex 10.5 -2.8125 2.299999237060547
      vertex 11.25 -5 2.299999237060547
      vertex 10.5 -1.6875 2.299999237060547
    endloop
  endfacet
  facet normal 0 0 1
    outer loop
      vertex 10.5 -3.9375 2.299999237060547
      vertex 11.25 -5 2.299999237060547
      vertex 10.5 -2.8125 2.299999237060547
    endloop
  endfacet
  facet normal 0 0 1
    outer loop
      vertex 10.5 -5.0625 2.299999237060547
      vertex 11.25 -5 2.299999237060547
      vertex 10.5 -3.9375 2.299999237060547
    endloop
  endfacet
  facet normal 0 0 1
    outer loop
      vertex 10.5 -6.1875 2.299999237060547
      vertex 11.25 -5 2.299999237060547
      vertex 10.5 -5.0625 2.299999237060547
    endloop
  endfacet
  facet normal 0 0 1
    outer loop
      vertex 14.049999237060547 -5 2.299999237060547
      vertex 10.5 -6.1875 2.299999237060547
      vertex 10.5 -7.3125 2.299999237060547
    endloop
  endfacet
  facet normal 0 0 1
    outer loop
      vertex 14.049999237060547 -5 2.299999237060547
      vertex 10.5 -7.3125 2.299999237060547
      vertex 10.5 -8.4375 2.299999237060547
    endloop
  endfacet
  facet normal 0 0 1
    outer loop
      vertex 10.5 -9.5625 2.299999237060547
      vertex 14.049999237060547 -5 2.299999237060547
      vertex 10.5 -8.4375 2.299999237060547
    endloop
  endfacet
  facet normal 0 0 1
    outer loop
      vertex 14.049999237060547 -5 2.299999237060547
      vertex 10.5 -9.5625 2.299999237060547
      vertex 14.25 -14.25 2.299999237060547
    endloop
  endfacet
  facet normal 0 0 1
    outer loop
      vertex 10.5 -10.5 2.299999237060547
      vertex 14.25 -14.25 2.299999237060547
      vertex 10.5 -9.5625 2.299999237060547
    endloop
  endfacet
  facet normal 0 0 1
    outer loop
      vertex 5 -14.049999237060547 2.299999237060547
      vertex 10.5 -10.5 2.299999237060547
      vertex 5 -11.25 2.299999237060547
    endloop
  endfacet
  facet normal 0 0 1
    outer loop
      vertex 10.5 -10.5 2.299999237060547
      vertex 5 -14.049999237060547 2.299999237060547
      vertex 14.25 -14.25 2.299999237060547
    endloop
  endfacet
  facet normal 0 0 1
    outer loop
      vertex -5 -14.049999237060547 2.299999237060547
      vertex 14.25 -14.25 2.299999237060547
      vertex 5 -14.049999237060547 2.299999237060547
    endloop
  endfacet
  facet normal 0 0 1
    outer loop
      vertex -10.5 -8.4375 2.299999237060547
      vertex -14.049999237060547 -5 2.299999237060547
      vertex -10.5 -9.5625 2.299999237060547
    endloop
  endfacet
  facet normal 0 0 1
    outer loop
      vertex -14.25 -14.25 2.299999237060547
      vertex -10.5 -9.5625 2.299999237060547
      vertex -14.049999237060547 -5 2.299999237060547
    endloop
  endfacet
  facet normal 0 0 1
    outer loop
      vertex -5 -14.049999237060547 2.299999237060547
      vertex -14.25 -14.25 2.299999237060547
      vertex 14.25 -14.25 2.299999237060547
    endloop
  endfacet
  facet normal 0 0 1
    outer loop
      vertex -10.5 -10.5 2.299999237060547
      vertex -14.25 -14.25 2.299999237060547
      vertex -5 -14.049999237060547 2.299999237060547
    endloop
  endfacet
  facet normal 0 0 1
    outer loop
      vertex -10.5 -9.5625 2.299999237060547
      vertex -14.25 -14.25 2.299999237060547
      vertex -10.5 -10.5 2.299999237060547
    endloop
  endfacet
  facet normal 0 0 1
    outer loop
      vertex -14.25 -14.25 2.299999237060547
      vertex -14.049999237060547 -5 2.299999237060547
      vertex -14.25 14.25 2.299999237060547
    endloop
  endfacet
  facet normal 0 0 1
    outer loop
      vertex 10.5 -10.5 2.299999237060547
      vertex -5 -11.25 2.299999237060547
      vertex 5 -11.25 2.299999237060547
    endloop
  endfacet
  facet normal 0 0 1
    outer loop
      vertex -5 -11.25 2.299999237060547
      vertex -10.5 -10.5 2.299999237060547
      vertex -5 -14.049999237060547 2.299999237060547
    endloop
  endfacet
  facet normal 0 0 1
    outer loop
      vertex -10.5 -10.5 2.299999237060547
      vertex -5 -11.25 2.299999237060547
      vertex 10.5 -10.5 2.299999237060547
    endloop
  endfacet
  facet normal 0 0 1
    outer loop
      vertex 5 11.25 2.299999237060547
      vertex 10.5 10.5 2.299999237060547
      vertex 5 14.049999237060547 2.299999237060547
    endloop
  endfacet
  facet normal 0 0 1
    outer loop
      vertex -5 11.25 2.299999237060547
      vertex 10.5 10.5 2.299999237060547
      vertex 5 11.25 2.299999237060547
    endloop
  endfacet
  facet normal 0 0 1
    outer loop
      vertex 10.5 10.5 2.299999237060547
      vertex -5 11.25 2.299999237060547
      vertex -10.5 10.5 2.299999237060547
    endloop
  endfacet
  facet normal 0 0 1
    outer loop
      vertex 8.108798027038574 -8.4375 2.299999237060547
      vertex -6.983798503875732 -9.5625 2.299999237060547
      vertex 6.983798503875732 -9.5625 2.299999237060547
    endloop
  endfacet
  facet normal 0 0 1
    outer loop
      vertex -6.983798503875732 -9.5625 2.299999237060547
      vertex 8.108798027038574 -8.4375 2.299999237060547
      vertex -8.108798027038574 -8.4375 2.299999237060547
    endloop
  endfacet
  facet normal 0 0 1
    outer loop
      vertex 10.358798027038574 -6.1875 2.299999237060547
      vertex -9.233798027038574 -7.3125 2.299999237060547
      vertex 9.233798027038574 -7.3125 2.299999237060547
    endloop
  endfacet
  facet normal 0 0 1
    outer loop
      vertex -9.233798027038574 -7.3125 2.299999237060547
      vertex 10.358798027038574 -6.1875 2.299999237060547
      vertex -10.358798027038574 -6.1875 2.299999237060547
    endloop
  endfacet
  facet normal 0 0 1
    outer loop
      vertex -9.233798027038574 7.3125 2.299999237060547
      vertex 10.358798027038574 6.1875 2.299999237060547
      vertex 9.233798027038574 7.3125 2.299999237060547
    endloop
  endfacet
  facet normal 0 0 1
    outer loop
      vertex 10.358798027038574 6.1875 2.299999237060547
      vertex -9.233798027038574 7.3125 2.299999237060547
      vertex -10.358798027038574 6.1875 2.299999237060547
    endloop
  endfacet
  facet normal 0 0 1
    outer loop
      vertex -6.983798503875732 9.5625 2.299999237060547
      vertex 8.108798027038574 8.4375 2.299999237060547
      vertex 6.983798503875732 9.5625 2.299999237060547
    endloop
  endfacet
  facet normal 0 0 1
    outer loop
      vertex 8.108798027038574 8.4375 2.299999237060547
      vertex -6.983798503875732 9.5625 2.299999237060547
      vertex -8.108798027038574 8.4375 2.299999237060547
    endloop
  endfacet
  facet normal 0 1 0
    outer loop
      vertex -8.963696479797363 9.5625 1.5999994277954102
      vertex -10.5 9.5625 2.299999237060547
      vertex -8.963696479797363 9.5625 2.299999237060547
    endloop
  endfacet
  facet normal 0 1 0
    outer loop
      vertex -10.5 9.5625 2.299999237060547
      vertex -8.963696479797363 9.5625 1.5999994277954102
      vertex -10.5 9.5625 1.5999994277954102
    endloop
  endfacet
  facet normal 0 1 0
    outer loop
      vertex 10.5 9.5625 1.5999994277954102
      vertex 8.963696479797363 9.5625 2.299999237060547
      vertex 10.5 9.5625 2.299999237060547
    endloop
  endfacet
  facet normal 0 1 0
    outer loop
      vertex 8.963696479797363 9.5625 2.299999237060547
      vertex 10.5 9.5625 1.5999994277954102
      vertex 8.963696479797363 9.5625 1.5999994277954102
    endloop
  endfacet
  facet normal 0 1 0
    outer loop
      vertex 7.266640663146973 9.5625 0
      vertex 6.983798503875732 9.5625 1.5999994277954102
      vertex 7.266640663146973 9.5625 1.5999994277954102
    endloop
  endfacet
  facet normal 0 1 0
    outer loop
      vertex 6.983798503875732 9.5625 1.5999994277954102
      vertex 7.266640663146973 9.5625 0
      vertex -6.983798503875732 9.5625 1.5999994277954102
    endloop
  endfacet
  facet normal 0 1 0
    outer loop
      vertex -7.266640663146973 9.5625 0
      vertex -6.983798503875732 9.5625 1.5999994277954102
      vertex 7.266640663146973 9.5625 0
    endloop
  endfacet
  facet normal 0 1 0
    outer loop
      vertex -6.983798503875732 9.5625 1.5999994277954102
      vertex -7.266640663146973 9.5625 0
      vertex -7.266640663146973 9.5625 1.5999994277954102
    endloop
  endfacet
  facet normal 0 1 0
    outer loop
      vertex 6.983798503875732 9.5625 1.5999994277954102
      vertex -6.983798503875732 9.5625 2.299999237060547
      vertex 6.983798503875732 9.5625 2.299999237060547
    endloop
  endfacet
  facet normal 0 1 0
    outer loop
      vertex -6.983798503875732 9.5625 2.299999237060547
      vertex 6.983798503875732 9.5625 1.5999994277954102
      vertex -6.983798503875732 9.5625 1.5999994277954102
    endloop
  endfacet
  facet normal 0 -1 0
    outer loop
      vertex -10.5 8.4375 1.5999994277954102
      vertex -10.088696479797363 8.4375 2.299999237060547
      vertex -10.5 8.4375 2.299999237060547
    endloop
  endfacet
  facet normal 0 -1 0
    outer loop
      vertex -10.088696479797363 8.4375 2.299999237060547
      vertex -10.5 8.4375 1.5999994277954102
      vertex -10.088696479797363 8.4375 1.5999994277954102
    endloop
  endfacet
  facet normal 0 -1 0
    outer loop
      vertex 10.088696479797363 8.4375 1.5999994277954102
      vertex 10.5 8.4375 2.299999237060547
      vertex 10.088696479797363 8.4375 2.299999237060547
    endloop
  endfacet
  facet normal 0 -1 0
    outer loop
      vertex 10.5 8.4375 2.299999237060547
      vertex 10.088696479797363 8.4375 1.5999994277954102
      vertex 10.5 8.4375 1.5999994277954102
    endloop
  endfacet
  facet normal 0 -1 0
    outer loop
      vertex -8.391640663146973 8.4375 0
      vertex -8.108798027038574 8.4375 1.5999994277954102
      vertex -8.391640663146973 8.4375 1.5999994277954102
    endloop
  endfacet
  facet normal 0 -1 0
    outer loop
      vertex -8.108798027038574 8.4375 1.5999994277954102
      vertex -8.391640663146973 8.4375 0
      vertex 8.108798027038574 8.4375 1.5999994277954102
    endloop
  endfacet
  facet normal 0 -1 0
    outer loop
      vertex 8.391640663146973 8.4375 0
      vertex 8.108798027038574 8.4375 1.5999994277954102
      vertex -8.391640663146973 8.4375 0
    endloop
  endfacet
  facet normal 0 -1 0
    outer loop
      vertex 8.108798027038574 8.4375 1.5999994277954102
      vertex 8.391640663146973 8.4375 0
      vertex 8.391640663146973 8.4375 1.5999994277954102
    endloop
  endfacet
  facet normal 0 -1 0
    outer loop
      vertex -8.108798027038574 8.4375 1.5999994277954102
      vertex 8.108798027038574 8.4375 2.299999237060547
      vertex -8.108798027038574 8.4375 2.299999237060547
    endloop
  endfacet
  facet normal 0 -1 0
    outer loop
      vertex 8.108798027038574 8.4375 2.299999237060547
      vertex -8.108798027038574 8.4375 1.5999994277954102
      vertex 8.108798027038574 8.4375 1.5999994277954102
    endloop
  endfacet
  facet normal 0 1 0
    outer loop
      vertex 9.516640663146973 7.3125 0
      vertex 9.233798027038574 7.3125 1.5999994277954102
      vertex 9.516640663146973 7.3125 1.5999994277954102
    endloop
  endfacet
  facet normal 0 1 0
    outer loop
      vertex 9.233798027038574 7.3125 1.5999994277954102
      vertex 9.516640663146973 7.3125 0
      vertex -9.233798027038574 7.3125 1.5999994277954102
    endloop
  endfacet
  facet normal 0 1 0
    outer loop
      vertex -9.516640663146973 7.3125 0
      vertex -9.233798027038574 7.3125 1.5999994277954102
      vertex 9.516640663146973 7.3125 0
    endloop
  endfacet
  facet normal 0 1 0
    outer loop
      vertex -9.233798027038574 7.3125 1.5999994277954102
      vertex -9.516640663146973 7.3125 0
      vertex -9.516640663146973 7.3125 1.5999994277954102
    endloop
  endfacet
  facet normal 0 1 0
    outer loop
      vertex 9.233798027038574 7.3125 1.5999994277954102
      vertex -9.233798027038574 7.3125 2.299999237060547
      vertex 9.233798027038574 7.3125 2.299999237060547
    endloop
  endfacet
  facet normal 0 1 0
    outer loop
      vertex -9.233798027038574 7.3125 2.299999237060547
      vertex 9.233798027038574 7.3125 1.5999994277954102
      vertex -9.233798027038574 7.3125 1.5999994277954102
    endloop
  endfacet
  facet normal 0 -1 0
    outer loop
      vertex -10.5 6.1875 0
      vertex -10.358798027038574 6.1875 1.5999994277954102
      vertex -10.5 6.1875 1.5999994277954102
    endloop
  endfacet
  facet normal 0 -1 0
    outer loop
      vertex -10.358798027038574 6.1875 1.5999994277954102
      vertex -10.5 6.1875 0
      vertex 10.358798027038574 6.1875 1.5999994277954102
    endloop
  endfacet
  facet normal 0 -1 0
    outer loop
      vertex 10.5 6.1875 0
      vertex 10.358798027038574 6.1875 1.5999994277954102
      vertex -10.5 6.1875 0
    endloop
  endfacet
  facet normal 0 -1 0
    outer loop
      vertex 10.358798027038574 6.1875 1.5999994277954102
      vertex 10.5 6.1875 0
      vertex 10.5 6.1875 1.5999994277954102
    endloop
  endfacet
  facet normal 0 -1 0
    outer loop
      vertex -10.358798027038574 6.1875 1.5999994277954102
      vertex 10.358798027038574 6.1875 2.299999237060547
      vertex -10.358798027038574 6.1875 2.299999237060547
    endloop
  endfacet
  facet normal 0 -1 0
    outer loop
      vertex 10.358798027038574 6.1875 2.299999237060547
      vertex -10.358798027038574 6.1875 1.5999994277954102
      vertex 10.358798027038574 6.1875 1.5999994277954102
    endloop
  endfacet
  facet normal 0 0 0
    outer loop
      vertex 10.5 6.1875 0
      vertex 10.5 6.1875 2.299999237060547
      vertex 10.5 6.1875 1.5999994277954102
    endloop
  endfacet
  facet normal 0 0 0
    outer loop
      vertex -10.5 6.1875 2.299999237060547
      vertex -10.5 6.1875 0
      vertex -10.5 6.1875 1.5999994277954102
    endloop
  endfacet
  facet normal 0 1 0
    outer loop
      vertex 10.5 5.0625 0
      vertex -10.5 5.0625 2.299999237060547
      vertex 10.5 5.0625 2.299999237060547
    endloop
  endfacet
  facet normal 0 1 0
    outer loop
      vertex -10.5 5.0625 2.299999237060547
      vertex 10.5 5.0625 0
      vertex -10.5 5.0625 0
    endloop
  endfacet
  facet normal 0 -1 0
    outer loop
      vertex -10.5 3.9375 0
      vertex 10.5 3.9375 2.299999237060547
      vertex -10.5 3.9375 2.299999237060547
    endloop
  endfacet
  facet normal 0 -1 0
    outer loop
      vertex 10.5 3.9375 2.299999237060547
      vertex -10.5 3.9375 0
      vertex 10.5 3.9375 0
    endloop
  endfacet
  facet normal 0 1 0
    outer loop
      vertex 10.5 2.8125 0
      vertex -10.5 2.8125 2.299999237060547
      vertex 10.5 2.8125 2.299999237060547
    endloop
  endfacet
  facet normal 0 1 0
    outer loop
      vertex -10.5 2.8125 2.299999237060547
      vertex 10.5 2.8125 0
      vertex -10.5 2.8125 0
    endloop
  endfacet
  facet normal 0 -1 0
    outer loop
      vertex -10.5 1.6875 0
      vertex 10.5 1.6875 2.299999237060547
      vertex -10.5 1.6875 2.299999237060547
    endloop
  endfacet
  facet normal 0 -1 0
    outer loop
      vertex 10.5 1.6875 2.299999237060547
      vertex -10.5 1.6875 0
      vertex 10.5 1.6875 0
    endloop
  endfacet
  facet normal 0 1 0
    outer loop
      vertex 10.5 0.5625 0
      vertex -10.5 0.5625 2.299999237060547
      vertex 10.5 0.5625 2.299999237060547
    endloop
  endfacet
  facet normal 0 1 0
    outer loop
      vertex -10.5 0.5625 2.299999237060547
      vertex 10.5 0.5625 0
      vertex -10.5 0.5625 0
    endloop
  endfacet
  facet normal 0 -1 0
    outer loop
      vertex -10.5 -0.5625 0
      vertex 10.5 -0.5625 2.299999237060547
      vertex -10.5 -0.5625 2.299999237060547
    endloop
  endfacet
  facet normal 0 -1 0
    outer loop
      vertex 10.5 -0.5625 2.299999237060547
      vertex -10.5 -0.5625 0
      vertex 10.5 -0.5625 0
    endloop
  endfacet
  facet normal 0 1 0
    outer loop
      vertex 10.5 -1.6875 0
      vertex -10.5 -1.6875 2.299999237060547
      vertex 10.5 -1.6875 2.299999237060547
    endloop
  endfacet
  facet normal 0 1 0
    outer loop
      vertex -10.5 -1.6875 2.299999237060547
      vertex 10.5 -1.6875 0
      vertex -10.5 -1.6875 0
    endloop
  endfacet
  facet normal 0 -1 0
    outer loop
      vertex -10.5 -2.8125 0
      vertex 10.5 -2.8125 2.299999237060547
      vertex -10.5 -2.8125 2.299999237060547
    endloop
  endfacet
  facet normal 0 -1 0
    outer loop
      vertex 10.5 -2.8125 2.299999237060547
      vertex -10.5 -2.8125 0
      vertex 10.5 -2.8125 0
    endloop
  endfacet
  facet normal 0 1 0
    outer loop
      vertex 10.5 -3.9375 0
      vertex -10.5 -3.9375 2.299999237060547
      vertex 10.5 -3.9375 2.299999237060547
    endloop
  endfacet
  facet normal 0 1 0
    outer loop
      vertex -10.5 -3.9375 2.299999237060547
      vertex 10.5 -3.9375 0
      vertex -10.5 -3.9375 0
    endloop
  endfacet
  facet normal 0 -1 0
    outer loop
      vertex -10.5 -5.0625 0
      vertex 10.5 -5.0625 2.299999237060547
      vertex -10.5 -5.0625 2.299999237060547
    endloop
  endfacet
  facet normal 0 -1 0
    outer loop
      vertex 10.5 -5.0625 2.299999237060547
      vertex -10.5 -5.0625 0
      vertex 10.5 -5.0625 0
    endloop
  endfacet
  facet normal 0 1 0
    outer loop
      vertex 10.5 -6.1875 0
      vertex 10.358798027038574 -6.1875 1.5999994277954102
      vertex 10.5 -6.1875 1.5999994277954102
    endloop
  endfacet
  facet normal 0 1 0
    outer loop
      vertex 10.358798027038574 -6.1875 1.5999994277954102
      vertex 10.5 -6.1875 0
      vertex -10.358798027038574 -6.1875 1.5999994277954102
    endloop
  endfacet
  facet normal 0 1 0
    outer loop
      vertex -10.5 -6.1875 0
      vertex -10.358798027038574 -6.1875 1.5999994277954102
      vertex 10.5 -6.1875 0
    endloop
  endfacet
  facet normal 0 1 0
    outer loop
      vertex -10.358798027038574 -6.1875 1.5999994277954102
      vertex -10.5 -6.1875 0
      vertex -10.5 -6.1875 1.5999994277954102
    endloop
  endfacet
  facet normal 0 1 0
    outer loop
      vertex 10.358798027038574 -6.1875 1.5999994277954102
      vertex -10.358798027038574 -6.1875 2.299999237060547
      vertex 10.358798027038574 -6.1875 2.299999237060547
    endloop
  endfacet
  facet normal 0 1 0
    outer loop
      vertex -10.358798027038574 -6.1875 2.299999237060547
      vertex 10.358798027038574 -6.1875 1.5999994277954102
      vertex -10.358798027038574 -6.1875 1.5999994277954102
    endloop
  endfacet
  facet normal 0 0 0
    outer loop
      vertex -10.5 -6.1875 0
      vertex -10.5 -6.1875 2.299999237060547
      vertex -10.5 -6.1875 1.5999994277954102
    endloop
  endfacet
  facet normal 0 0 0
    outer loop
      vertex 10.5 -6.1875 1.5999994277954102
      vertex 10.5 -6.1875 2.299999237060547
      vertex 10.5 -6.1875 0
    endloop
  endfacet
  facet normal 0 -1 0
    outer loop
      vertex -9.516640663146973 -7.3125 0
      vertex -9.233798027038574 -7.3125 1.5999994277954102
      vertex -9.516640663146973 -7.3125 1.5999994277954102
    endloop
  endfacet
  facet normal 0 -1 0
    outer loop
      vertex -9.233798027038574 -7.3125 1.5999994277954102
      vertex -9.516640663146973 -7.3125 0
      vertex 9.233798027038574 -7.3125 1.5999994277954102
    endloop
  endfacet
  facet normal 0 -1 0
    outer loop
      vertex 9.516640663146973 -7.3125 0
      vertex 9.233798027038574 -7.3125 1.5999994277954102
      vertex -9.516640663146973 -7.3125 0
    endloop
  endfacet
  facet normal 0 -1 0
    outer loop
      vertex 9.233798027038574 -7.3125 1.5999994277954102
      vertex 9.516640663146973 -7.3125 0
      vertex 9.516640663146973 -7.3125 1.5999994277954102
    endloop
  endfacet
  facet normal 0 -1 0
    outer loop
      vertex -9.233798027038574 -7.3125 1.5999994277954102
      vertex 9.233798027038574 -7.3125 2.299999237060547
      vertex -9.233798027038574 -7.3125 2.299999237060547
    endloop
  endfacet
  facet normal 0 -1 0
    outer loop
      vertex 9.233798027038574 -7.3125 2.299999237060547
      vertex -9.233798027038574 -7.3125 1.5999994277954102
      vertex 9.233798027038574 -7.3125 1.5999994277954102
    endloop
  endfacet
  facet normal 0 1 0
    outer loop
      vertex -10.088696479797363 -8.4375 1.5999994277954102
      vertex -10.5 -8.4375 2.299999237060547
      vertex -10.088696479797363 -8.4375 2.299999237060547
    endloop
  endfacet
  facet normal 0 1 0
    outer loop
      vertex -10.5 -8.4375 2.299999237060547
      vertex -10.088696479797363 -8.4375 1.5999994277954102
      vertex -10.5 -8.4375 1.5999994277954102
    endloop
  endfacet
  facet normal 0 1 0
    outer loop
      vertex 10.5 -8.4375 1.5999994277954102
      vertex 10.088696479797363 -8.4375 2.299999237060547
      vertex 10.5 -8.4375 2.299999237060547
    endloop
  endfacet
  facet normal 0 1 0
    outer loop
      vertex 10.088696479797363 -8.4375 2.299999237060547
      vertex 10.5 -8.4375 1.5999994277954102
      vertex 10.088696479797363 -8.4375 1.5999994277954102
    endloop
  endfacet
  facet normal 0 1 0
    outer loop
      vertex 8.391640663146973 -8.4375 0
      vertex 8.108798027038574 -8.4375 1.5999994277954102
      vertex 8.391640663146973 -8.4375 1.5999994277954102
    endloop
  endfacet
  facet normal 0 1 0
    outer loop
      vertex 8.108798027038574 -8.4375 1.5999994277954102
      vertex 8.391640663146973 -8.4375 0
      vertex -8.108798027038574 -8.4375 1.5999994277954102
    endloop
  endfacet
  facet normal 0 1 0
    outer loop
      vertex -8.391640663146973 -8.4375 0
      vertex -8.108798027038574 -8.4375 1.5999994277954102
      vertex 8.391640663146973 -8.4375 0
    endloop
  endfacet
  facet normal 0 1 0
    outer loop
      vertex -8.108798027038574 -8.4375 1.5999994277954102
      vertex -8.391640663146973 -8.4375 0
      vertex -8.391640663146973 -8.4375 1.5999994277954102
    endloop
  endfacet
  facet normal 0 1 0
    outer loop
      vertex 8.108798027038574 -8.4375 1.5999994277954102
      vertex -8.108798027038574 -8.4375 2.299999237060547
      vertex 8.108798027038574 -8.4375 2.299999237060547
    endloop
  endfacet
  facet normal 0 1 0
    outer loop
      vertex -8.108798027038574 -8.4375 2.299999237060547
      vertex 8.108798027038574 -8.4375 1.5999994277954102
      vertex -8.108798027038574 -8.4375 1.5999994277954102
    endloop
  endfacet
  facet normal 0 -1 0
    outer loop
      vertex -10.5 -9.5625 1.5999994277954102
      vertex -8.963696479797363 -9.5625 2.299999237060547
      vertex -10.5 -9.5625 2.299999237060547
    endloop
  endfacet
  facet normal 0 -1 0
    outer loop
      vertex -8.963696479797363 -9.5625 2.299999237060547
      vertex -10.5 -9.5625 1.5999994277954102
      vertex -8.963696479797363 -9.5625 1.5999994277954102
    endloop
  endfacet
  facet normal 0 -1 0
    outer loop
      vertex 8.963696479797363 -9.5625 1.5999994277954102
      vertex 10.5 -9.5625 2.299999237060547
      vertex 8.963696479797363 -9.5625 2.299999237060547
    endloop
  endfacet
  facet normal 0 -1 0
    outer loop
      vertex 10.5 -9.5625 2.299999237060547
      vertex 8.963696479797363 -9.5625 1.5999994277954102
      vertex 10.5 -9.5625 1.5999994277954102
    endloop
  endfacet
  facet normal 0 -1 0
    outer loop
      vertex -7.266640663146973 -9.5625 0
      vertex -6.983798503875732 -9.5625 1.5999994277954102
      vertex -7.266640663146973 -9.5625 1.5999994277954102
    endloop
  endfacet
  facet normal 0 -1 0
    outer loop
      vertex -6.983798503875732 -9.5625 1.5999994277954102
      vertex -7.266640663146973 -9.5625 0
      vertex 6.983798503875732 -9.5625 1.5999994277954102
    endloop
  endfacet
  facet normal 0 -1 0
    outer loop
      vertex 7.266640663146973 -9.5625 0
      vertex 6.983798503875732 -9.5625 1.5999994277954102
      vertex -7.266640663146973 -9.5625 0
    endloop
  endfacet
  facet normal 0 -1 0
    outer loop
      vertex 6.983798503875732 -9.5625 1.5999994277954102
      vertex 7.266640663146973 -9.5625 0
      vertex 7.266640663146973 -9.5625 1.5999994277954102
    endloop
  endfacet
  facet normal 0 -1 0
    outer loop
      vertex -6.983798503875732 -9.5625 1.5999994277954102
      vertex 6.983798503875732 -9.5625 2.299999237060547
      vertex -6.983798503875732 -9.5625 2.299999237060547
    endloop
  endfacet
  facet normal 0 -1 0
    outer loop
      vertex 6.983798503875732 -9.5625 2.299999237060547
      vertex -6.983798503875732 -9.5625 1.5999994277954102
      vertex 6.983798503875732 -9.5625 1.5999994277954102
    endloop
  endfacet
  facet normal -1 0 0
    outer loop
      vertex 10.5 6.1875 1.5999994277954102
      vertex 10.5 7.3125 2.299999237060547
      vertex 10.5 7.3125 1.5999994277954102
    endloop
  endfacet
  facet normal -1 0 0
    outer loop
      vertex 10.5 7.3125 2.299999237060547
      vertex 10.5 6.1875 1.5999994277954102
      vertex 10.5 6.1875 2.299999237060547
    endloop
  endfacet
  facet normal -0.7071067811865475 -0.7071067811865475 0
    outer loop
      vertex 10.088696479797363 8.4375 1.5999994277954102
      vertex 8.963696479797363 9.5625 2.299999237060547
      vertex 8.963696479797363 9.5625 1.5999994277954102
    endloop
  endfacet
  facet normal -0.7071067811865475 -0.7071067811865475 0
    outer loop
      vertex 8.963696479797363 9.5625 2.299999237060547
      vertex 10.088696479797363 8.4375 1.5999994277954102
      vertex 10.088696479797363 8.4375 2.299999237060547
    endloop
  endfacet
  facet normal -0.7071067811865476 -0.7071067811865476 0
    outer loop
      vertex 10.217156410217285 8.309040069580078 3.3999996185302734
      vertex 8.309040069580078 10.217156410217285 4.299999713897705
      vertex 8.309040069580078 10.217156410217285 3.3999996185302734
    endloop
  endfacet
  facet normal -0.7071067811865476 -0.7071067811865476 0
    outer loop
      vertex 8.309040069580078 10.217156410217285 4.299999713897705
      vertex 10.217156410217285 8.309040069580078 3.3999996185302734
      vertex 10.217156410217285 8.309040069580078 4.299999713897705
    endloop
  endfacet
  facet normal 0.7071067811865475 0.7071067811865475 0
    outer loop
      vertex 10.358798027038574 6.1875 2.299999237060547
      vertex 9.233798027038574 7.3125 1.5999994277954102
      vertex 9.233798027038574 7.3125 2.299999237060547
    endloop
  endfacet
  facet normal 0.7071067811865475 0.7071067811865475 0
    outer loop
      vertex 9.233798027038574 7.3125 1.5999994277954102
      vertex 10.358798027038574 6.1875 2.299999237060547
      vertex 10.358798027038574 6.1875 1.5999994277954102
    endloop
  endfacet
  facet normal 0.7071069310420248 0.7071066313310386 0
    outer loop
      vertex 8.108798027038574 8.4375 2.299999237060547
      vertex 6.983798503875732 9.5625 1.5999994277954102
      vertex 6.983798503875732 9.5625 2.299999237060547
    endloop
  endfacet
  facet normal 0.7071069310420248 0.7071066313310386 0
    outer loop
      vertex 6.983798503875732 9.5625 1.5999994277954102
      vertex 8.108798027038574 8.4375 2.299999237060547
      vertex 8.108798027038574 8.4375 1.5999994277954102
    endloop
  endfacet
  facet normal 1 0 0
    outer loop
      vertex -10.5 6.1875 2.299999237060547
      vertex -10.5 7.3125 1.5999994277954102
      vertex -10.5 7.3125 2.299999237060547
    endloop
  endfacet
  facet normal 1 0 0
    outer loop
      vertex -10.5 7.3125 1.5999994277954102
      vertex -10.5 6.1875 2.299999237060547
      vertex -10.5 6.1875 1.5999994277954102
    endloop
  endfacet
  facet normal 0.7071067811865475 -0.7071067811865475 0
    outer loop
      vertex -10.088696479797363 8.4375 2.299999237060547
      vertex -8.963696479797363 9.5625 1.5999994277954102
      vertex -8.963696479797363 9.5625 2.299999237060547
    endloop
  endfacet
  facet normal 0.7071067811865475 -0.7071067811865475 0
    outer loop
      vertex -8.963696479797363 9.5625 1.5999994277954102
      vertex -10.088696479797363 8.4375 2.299999237060547
      vertex -10.088696479797363 8.4375 1.5999994277954102
    endloop
  endfacet
  facet normal 0.7071067811865476 -0.7071067811865476 0
    outer loop
      vertex -10.217156410217285 8.309040069580078 4.299999713897705
      vertex -8.309040069580078 10.217156410217285 3.3999996185302734
      vertex -8.309040069580078 10.217156410217285 4.299999713897705
    endloop
  endfacet
  facet normal 0.7071067811865476 -0.7071067811865476 0
    outer loop
      vertex -8.309040069580078 10.217156410217285 3.3999996185302734
      vertex -10.217156410217285 8.309040069580078 4.299999713897705
      vertex -10.217156410217285 8.309040069580078 3.3999996185302734
    endloop
  endfacet
  facet normal -0.7071067811865475 0.7071067811865475 0
    outer loop
      vertex -10.358798027038574 6.1875 1.5999994277954102
      vertex -9.233798027038574 7.3125 2.299999237060547
      vertex -9.233798027038574 7.3125 1.5999994277954102
    endloop
  endfacet
  facet normal -0.7071067811865475 0.7071067811865475 0
    outer loop
      vertex -9.233798027038574 7.3125 2.299999237060547
      vertex -10.358798027038574 6.1875 1.5999994277954102
      vertex -10.358798027038574 6.1875 2.299999237060547
    endloop
  endfacet
  facet normal -0.7071069310420248 0.7071066313310386 0
    outer loop
      vertex -8.108798027038574 8.4375 1.5999994277954102
      vertex -6.983798503875732 9.5625 2.299999237060547
      vertex -6.983798503875732 9.5625 1.5999994277954102
    endloop
  endfacet
  facet normal -0.7071069310420248 0.7071066313310386 0
    outer loop
      vertex -6.983798503875732 9.5625 2.299999237060547
      vertex -8.108798027038574 8.4375 1.5999994277954102
      vertex -8.108798027038574 8.4375 2.299999237060547
    endloop
  endfacet
  facet normal 1 0 0
    outer loop
      vertex -10.5 -7.3125 2.299999237060547
      vertex -10.5 -6.1875 1.5999994277954102
      vertex -10.5 -6.1875 2.299999237060547
    endloop
  endfacet
  facet normal 1 0 0
    outer loop
      vertex -10.5 -6.1875 1.5999994277954102
      vertex -10.5 -7.3125 2.299999237060547
      vertex -10.5 -7.3125 1.5999994277954102
    endloop
  endfacet
  facet normal 0.7071067811865475 0.7071067811865475 0
    outer loop
      vertex -8.963696479797363 -9.5625 2.299999237060547
      vertex -10.088696479797363 -8.4375 1.5999994277954102
      vertex -10.088696479797363 -8.4375 2.299999237060547
    endloop
  endfacet
  facet normal 0.7071067811865475 0.7071067811865475 0
    outer loop
      vertex -10.088696479797363 -8.4375 1.5999994277954102
      vertex -8.963696479797363 -9.5625 2.299999237060547
      vertex -8.963696479797363 -9.5625 1.5999994277954102
    endloop
  endfacet
  facet normal 0.7071067811865476 0.7071067811865476 0
    outer loop
      vertex -8.309040069580078 -10.217156410217285 4.299999713897705
      vertex -10.217156410217285 -8.309040069580078 3.3999996185302734
      vertex -10.217156410217285 -8.309040069580078 4.299999713897705
    endloop
  endfacet
  facet normal 0.7071067811865476 0.7071067811865476 0
    outer loop
      vertex -10.217156410217285 -8.309040069580078 3.3999996185302734
      vertex -8.309040069580078 -10.217156410217285 4.299999713897705
      vertex -8.309040069580078 -10.217156410217285 3.3999996185302734
    endloop
  endfacet
  facet normal -0.7071069310420248 -0.7071066313310386 0
    outer loop
      vertex -6.983798503875732 -9.5625 1.5999994277954102
      vertex -8.108798027038574 -8.4375 2.299999237060547
      vertex -8.108798027038574 -8.4375 1.5999994277954102
    endloop
  endfacet
  facet normal -0.7071069310420248 -0.7071066313310386 0
    outer loop
      vertex -8.108798027038574 -8.4375 2.299999237060547
      vertex -6.983798503875732 -9.5625 1.5999994277954102
      vertex -6.983798503875732 -9.5625 2.299999237060547
    endloop
  endfacet
  facet normal -0.7071067811865475 -0.7071067811865475 0
    outer loop
      vertex -9.233798027038574 -7.3125 1.5999994277954102
      vertex -10.358798027038574 -6.1875 2.299999237060547
      vertex -10.358798027038574 -6.1875 1.5999994277954102
    endloop
  endfacet
  facet normal -0.7071067811865475 -0.7071067811865475 0
    outer loop
      vertex -10.358798027038574 -6.1875 2.299999237060547
      vertex -9.233798027038574 -7.3125 1.5999994277954102
      vertex -9.233798027038574 -7.3125 2.299999237060547
    endloop
  endfacet
  facet normal -1 0 0
    outer loop
      vertex 10.5 -7.3125 1.5999994277954102
      vertex 10.5 -6.1875 2.299999237060547
      vertex 10.5 -6.1875 1.5999994277954102
    endloop
  endfacet
  facet normal -1 0 0
    outer loop
      vertex 10.5 -6.1875 2.299999237060547
      vertex 10.5 -7.3125 1.5999994277954102
      vertex 10.5 -7.3125 2.299999237060547
    endloop
  endfacet
  facet normal -0.7071067811865475 0.7071067811865475 0
    outer loop
      vertex 8.963696479797363 -9.5625 1.5999994277954102
      vertex 10.088696479797363 -8.4375 2.299999237060547
      vertex 10.088696479797363 -8.4375 1.5999994277954102
    endloop
  endfacet
  facet normal -0.7071067811865475 0.7071067811865475 0
    outer loop
      vertex 10.088696479797363 -8.4375 2.299999237060547
      vertex 8.963696479797363 -9.5625 1.5999994277954102
      vertex 8.963696479797363 -9.5625 2.299999237060547
    endloop
  endfacet
  facet normal -0.7071067811865476 0.7071067811865476 0
    outer loop
      vertex 8.309040069580078 -10.217156410217285 3.3999996185302734
      vertex 10.217156410217285 -8.309040069580078 4.299999713897705
      vertex 10.217156410217285 -8.309040069580078 3.3999996185302734
    endloop
  endfacet
  facet normal -0.7071067811865476 0.7071067811865476 0
    outer loop
      vertex 10.217156410217285 -8.309040069580078 4.299999713897705
      vertex 8.309040069580078 -10.217156410217285 3.3999996185302734
      vertex 8.309040069580078 -10.217156410217285 4.299999713897705
    endloop
  endfacet
  facet normal 0.7071069310420248 -0.7071066313310386 0
    outer loop
      vertex 6.983798503875732 -9.5625 2.299999237060547
      vertex 8.108798027038574 -8.4375 1.5999994277954102
      vertex 8.108798027038574 -8.4375 2.299999237060547
    endloop
  endfacet
  facet normal 0.7071069310420248 -0.7071066313310386 0
    outer loop
      vertex 8.108798027038574 -8.4375 1.5999994277954102
      vertex 6.983798503875732 -9.5625 2.299999237060547
      vertex 6.983798503875732 -9.5625 1.5999994277954102
    endloop
  endfacet
  facet normal 0.7071067811865475 -0.7071067811865475 0
    outer loop
      vertex 9.233798027038574 -7.3125 2.299999237060547
      vertex 10.358798027038574 -6.1875 1.5999994277954102
      vertex 10.358798027038574 -6.1875 2.299999237060547
    endloop
  endfacet
  facet normal 0.7071067811865475 -0.7071067811865475 0
    outer loop
      vertex 10.358798027038574 -6.1875 1.5999994277954102
      vertex 9.233798027038574 -7.3125 2.299999237060547
      vertex 9.233798027038574 -7.3125 1.5999994277954102
    endloop
  endfacet
endsolid OpenSCAD_Model
