solid OpenSCAD_Model
  facet normal 1 0 0
    outer loop
      vertex 14.049999237060547 -5 2.59999942779541
      vertex 14.049999237060547 5 2.299999237060547
      vertex 14.049999237060547 5 2.59999942779541
    endloop
  endfacet
  facet normal 1 0 0
    outer loop
      vertex 14.049999237060547 5 2.299999237060547
      vertex 14.049999237060547 -5 2.59999942779541
      vertex 14.049999237060547 -5 2.299999237060547
    endloop
  endfacet
  facet normal 0 0 1
    outer loop
      vertex 14.049999237060547 5 2.59999942779541
      vertex 13.565427780151367 1.5908565521240234 2.59999942779541
      vertex 14.049999237060547 -5 2.59999942779541
    endloop
  endfacet
  facet normal 0 0 1
    outer loop
      vertex 14.049999237060547 5 2.59999942779541
      vertex 11.974571228027344 1.5908565521240234 2.59999942779541
      vertex 13.565427780151367 1.5908565521240234 2.59999942779541
    endloop
  endfacet
  facet normal 0 0 1
    outer loop
      vertex 11.974571228027344 1.5908565521240234 2.59999942779541
      vertex 11.25 5 2.59999942779541
      vertex 11.974571228027344 -1.5908565521240234 2.59999942779541
    endloop
  endfacet
  facet normal 0 0 1
    outer loop
      vertex 11.25 5 2.59999942779541
      vertex 11.974571228027344 1.5908565521240234 2.59999942779541
      vertex 14.049999237060547 5 2.59999942779541
    endloop
  endfacet
  facet normal 0 0 1
    outer loop
      vertex 13.565427780151367 -1.5908565521240234 2.59999942779541
      vertex 14.049999237060547 -5 2.59999942779541
      vertex 13.565427780151367 1.5908565521240234 2.59999942779541
    endloop
  endfacet
  facet normal 0 0 1
    outer loop
      vertex 11.974571228027344 -1.5908565521240234 2.59999942779541
      vertex 14.049999237060547 -5 2.59999942779541
      vertex 13.565427780151367 -1.5908565521240234 2.59999942779541
    endloop
  endfacet
  facet normal 0 0 1
    outer loop
      vertex 11.974571228027344 -1.5908565521240234 2.59999942779541
      vertex 11.25 -5 2.59999942779541
      vertex 14.049999237060547 -5 2.59999942779541
    endloop
  endfacet
  facet normal 0 0 1
    outer loop
      vertex 11.25 -5 2.59999942779541
      vertex 11.974571228027344 -1.5908565521240234 2.59999942779541
      vertex 11.25 5 2.59999942779541
    endloop
  endfacet
  facet normal 0 0 -1
    outer loop
      vertex -10.5 -0.21650616824626923 0
      vertex -10.124999046325684 -1.2990374565124512 0
      vertex -10.5 -2.3815696239471436 0
    endloop
  endfacet
  facet normal 0 0 -1
    outer loop
      vertex -10.124999046325684 -1.2990374565124512 0
      vertex -10.5 -0.21650616824626923 0
      vertex -10.125 0 0
    endloop
  endfacet
  facet normal 0 0 -1
    outer loop
      vertex -9.000000953674316 3.2475948333740234 0
      vertex -7.875 2.5980756282806396 0
      vertex -9 1.9485565423965454 0
    endloop
  endfacet
  facet normal 0 0 -1
    outer loop
      vertex -7.875 2.5980756282806396 0
      vertex -9.000000953674316 3.2475948333740234 0
      vertex -7.875000476837158 3.8971140384674072 0
    endloop
  endfacet
  facet normal 0 0 -1
    outer loop
      vertex -10.125 2.5980758666992188 0
      vertex -9 1.9485565423965454 0
      vertex -10.125 1.2990374565124512 0
    endloop
  endfacet
  facet normal 0 0 -1
    outer loop
      vertex -9 1.9485565423965454 0
      vertex -10.125 2.5980758666992188 0
      vertex -9.000000953674316 3.2475948333740234 0
    endloop
  endfacet
  facet normal 0 0 -1
    outer loop
      vertex -10.125 2.5980758666992188 0
      vertex -10.125 3.897113800048828 0
      vertex -9.000000953674316 3.2475948333740234 0
    endloop
  endfacet
  facet normal 0 0 -1
    outer loop
      vertex -10.5 2.814582109451294 0
      vertex -10.125 3.897113800048828 0
      vertex -10.125 2.5980758666992188 0
    endloop
  endfacet
  facet normal 0 0 -1
    outer loop
      vertex -10.5 4.979645729064941 0
      vertex -10.125 3.897113800048828 0
      vertex -10.5 2.814582109451294 0
    endloop
  endfacet
  facet normal 0 0 -1
    outer loop
      vertex -10.125 3.897113800048828 0
      vertex -10.5 4.979645729064941 0
      vertex -10.125 5.1961517333984375 0
    endloop
  endfacet
  facet normal 0 0 -1
    outer loop
      vertex -9 -1.9485565423965454 0
      vertex -7.875 -2.5980756282806396 0
      vertex -9 -3.2475948333740234 0
    endloop
  endfacet
  facet normal 0 0 -1
    outer loop
      vertex -7.875 -2.5980756282806396 0
      vertex -9 -1.9485565423965454 0
      vertex -7.875000476837158 -1.299038052558899 0
    endloop
  endfacet
  facet normal 0 0 -1
    outer loop
      vertex -10.125 -2.5980758666992188 0
      vertex -9 -1.9485565423965454 0
      vertex -9 -3.2475948333740234 0
    endloop
  endfacet
  facet normal 0 0 -1
    outer loop
      vertex -10.125 -2.5980758666992188 0
      vertex -9 -3.2475948333740234 0
      vertex -10.125 -3.897113800048828 0
    endloop
  endfacet
  facet normal 0 0 -1
    outer loop
      vertex -6.750000476837158 -0.6495190262794495 0
      vertex -5.625000476837158 -1.299038052558899 0
      vertex -6.750000476837158 -1.9485570192337036 0
    endloop
  endfacet
  facet normal 0 0 -1
    outer loop
      vertex -5.625000476837158 -1.299038052558899 0
      vertex -6.750000476837158 -0.6495190262794495 0
      vertex -5.625000476837158 0 0
    endloop
  endfacet
  facet normal 0 0 -1
    outer loop
      vertex -7.875000476837158 -1.299038052558899 0
      vertex -6.750000476837158 -1.9485570192337036 0
      vertex -7.875 -2.5980756282806396 0
    endloop
  endfacet
  facet normal 0 0 -1
    outer loop
      vertex -9 -3.2475948333740234 0
      vertex -7.875 -2.5980756282806396 0
      vertex -7.875000476837158 -3.8971140384674072 0
    endloop
  endfacet
  facet normal 0 0 -1
    outer loop
      vertex -6.750000476837158 -1.9485570192337036 0
      vertex -7.875000476837158 -1.299038052558899 0
      vertex -6.750000476837158 -0.6495190262794495 0
    endloop
  endfacet
  facet normal 0 0 -1
    outer loop
      vertex -7.875000476837158 -1.299038052558899 0
      vertex -7.875000476837158 -3.9105401583583443e-8 0
      vertex -6.750000476837158 -0.6495190262794495 0
    endloop
  endfacet
  facet normal 0 0 -1
    outer loop
      vertex -9 -0.6495190262794495 0
      vertex -7.875000476837158 -3.9105401583583443e-8 0
      vertex -7.875000476837158 -1.299038052558899 0
    endloop
  endfacet
  facet normal 0 0 -1
    outer loop
      vertex -9 0.6495190262794495 0
      vertex -7.875000476837158 -3.9105401583583443e-8 0
      vertex -9 -0.6495190262794495 0
    endloop
  endfacet
  facet normal 0 0 -1
    outer loop
      vertex -7.875000476837158 -3.9105401583583443e-8 0
      vertex -9 0.6495190262794495 0
      vertex -7.875000476837158 1.299038052558899 0
    endloop
  endfacet
  facet normal 0 0 -1
    outer loop
      vertex -10.125 0 0
      vertex -9 -0.6495190262794495 0
      vertex -10.124999046325684 -1.2990374565124512 0
    endloop
  endfacet
  facet normal 0 0 -1
    outer loop
      vertex -9 -1.9485565423965454 0
      vertex -10.125 -2.5980758666992188 0
      vertex -10.124999046325684 -1.2990374565124512 0
    endloop
  endfacet
  facet normal 0 0 -1
    outer loop
      vertex -10.5 -2.3815696239471436 0
      vertex -10.124999046325684 -1.2990374565124512 0
      vertex -10.125 -2.5980758666992188 0
    endloop
  endfacet
  facet normal 0 0 -1
    outer loop
      vertex -9 -0.6495190262794495 0
      vertex -10.125 0 0
      vertex -9 0.6495190262794495 0
    endloop
  endfacet
  facet normal 0 0 -1
    outer loop
      vertex -10.125 0 0
      vertex -10.125 1.2990374565124512 0
      vertex -9 0.6495190262794495 0
    endloop
  endfacet
  facet normal 0 0 -1
    outer loop
      vertex -10.5 0.21650616824626923 0
      vertex -10.125 1.2990374565124512 0
      vertex -10.125 0 0
    endloop
  endfacet
  facet normal 0 0 -1
    outer loop
      vertex -10.5 2.3815696239471436 0
      vertex -10.125 1.2990374565124512 0
      vertex -10.5 0.21650616824626923 0
    endloop
  endfacet
  facet normal 0 0 -1
    outer loop
      vertex -10.125 1.2990374565124512 0
      vertex -10.5 2.3815696239471436 0
      vertex -10.125 2.5980758666992188 0
    endloop
  endfacet
  facet normal 0 0 -1
    outer loop
      vertex -5.624999523162842 -10.392305374145508 0
      vertex -5.624999523162842 -9.093266487121582 0
      vertex -4.499999523162842 -9.742785453796387 0
    endloop
  endfacet
  facet normal 0 0 -1
    outer loop
      vertex -6.749999523162842 -9.742785453796387 0
      vertex -5.624999523162842 -9.093266487121582 0
      vertex -5.624999523162842 -10.392305374145508 0
    endloop
  endfacet
  facet normal 0 0 -1
    outer loop
      vertex -6.75 -8.443747520446777 0
      vertex -5.624999523162842 -9.093266487121582 0
      vertex -6.749999523162842 -9.742785453796387 0
    endloop
  endfacet
  facet normal 0 0 -1
    outer loop
      vertex -5.624999523162842 -9.093266487121582 0
      vertex -6.75 -8.443747520446777 0
      vertex -5.625 -7.794228553771973 0
    endloop
  endfacet
  facet normal 0 0 -1
    outer loop
      vertex -6.963240146636963 -9.865900993347168 0
      vertex -6.75 -8.443747520446777 0
      vertex -6.749999523162842 -9.742785453796387 0
    endloop
  endfacet
  facet normal 0 0 -1
    outer loop
      vertex -6.75 -8.443747520446777 0
      vertex -6.963240146636963 -9.865900993347168 0
      vertex -7.875 -7.7942280769348145 0
    endloop
  endfacet
  facet normal 0 0 -1
    outer loop
      vertex -4.500000476837158 -1.9485570192337036 0
      vertex -3.375 -2.598076343536377 0
      vertex -4.5 -3.2475955486297607 0
    endloop
  endfacet
  facet normal 0 0 -1
    outer loop
      vertex -3.375 -2.598076343536377 0
      vertex -4.500000476837158 -1.9485570192337036 0
      vertex -3.3750007152557373 -1.2990379333496094 0
    endloop
  endfacet
  facet normal 0 0 -1
    outer loop
      vertex -5.625000953674316 -2.598076105117798 0
      vertex -4.5 -3.2475955486297607 0
      vertex -5.624999523162842 -3.8971140384674072 0
    endloop
  endfacet
  facet normal 0 0 -1
    outer loop
      vertex -4.499999523162842 -4.546633243560791 0
      vertex -5.625 -5.196152687072754 0
      vertex -5.624999523162842 -3.8971140384674072 0
    endloop
  endfacet
  facet normal 0 0 -1
    outer loop
      vertex -4.5 -3.2475955486297607 0
      vertex -5.625000953674316 -2.598076105117798 0
      vertex -4.500000476837158 -1.9485570192337036 0
    endloop
  endfacet
  facet normal 0 0 -1
    outer loop
      vertex -6.75 -4.546633243560791 0
      vertex -5.624999523162842 -3.8971140384674072 0
      vertex -5.625 -5.196152687072754 0
    endloop
  endfacet
  facet normal 0 0 -1
    outer loop
      vertex -6.750000476837158 -1.9485570192337036 0
      vertex -5.625000476837158 -1.299038052558899 0
      vertex -5.625000953674316 -2.598076105117798 0
    endloop
  endfacet
  facet normal 0 0 -1
    outer loop
      vertex -4.500000476837158 -1.9485570192337036 0
      vertex -5.625000953674316 -2.598076105117798 0
      vertex -5.625000476837158 -1.299038052558899 0
    endloop
  endfacet
  facet normal 0 0 -1
    outer loop
      vertex -6.75 -3.2475945949554443 0
      vertex -5.624999523162842 -3.8971140384674072 0
      vertex -6.75 -4.546633243560791 0
    endloop
  endfacet
  facet normal 0 0 -1
    outer loop
      vertex -5.624999523162842 -3.8971140384674072 0
      vertex -6.75 -3.2475945949554443 0
      vertex -5.625000953674316 -2.598076105117798 0
    endloop
  endfacet
  facet normal 0 0 -1
    outer loop
      vertex -7.875000476837158 -3.8971140384674072 0
      vertex -6.75 -4.546633243560791 0
      vertex -7.875 -5.196152210235596 0
    endloop
  endfacet
  facet normal 0 0 -1
    outer loop
      vertex -6.75 -4.546633243560791 0
      vertex -7.875000476837158 -3.8971140384674072 0
      vertex -6.75 -3.2475945949554443 0
    endloop
  endfacet
  facet normal 0 0 -1
    outer loop
      vertex -4.500000476837158 5.845671653747559 0
      vertex -3.374999761581421 5.196152210235596 0
      vertex -4.499999523162842 4.546633243560791 0
    endloop
  endfacet
  facet normal 0 0 -1
    outer loop
      vertex -3.374999761581421 5.196152210235596 0
      vertex -4.500000476837158 5.845671653747559 0
      vertex -3.375000476837158 6.495190620422363 0
    endloop
  endfacet
  facet normal 0 0 -1
    outer loop
      vertex -5.625 5.196152687072754 0
      vertex -4.499999523162842 4.546633243560791 0
      vertex -5.624999523162842 3.8971140384674072 0
    endloop
  endfacet
  facet normal 0 0 -1
    outer loop
      vertex -4.499999523162842 4.546633243560791 0
      vertex -5.625 5.196152687072754 0
      vertex -4.500000476837158 5.845671653747559 0
    endloop
  endfacet
  facet normal 0 0 -1
    outer loop
      vertex -5.625 5.196152687072754 0
      vertex -5.625 6.495190620422363 0
      vertex -4.500000476837158 5.845671653747559 0
    endloop
  endfacet
  facet normal 0 0 -1
    outer loop
      vertex -6.75 5.8456711769104 0
      vertex -5.625 6.495190620422363 0
      vertex -5.625 5.196152687072754 0
    endloop
  endfacet
  facet normal 0 0 -1
    outer loop
      vertex -6.75 7.14470911026001 0
      vertex -5.625 6.495190620422363 0
      vertex -6.75 5.8456711769104 0
    endloop
  endfacet
  facet normal 0 0 -1
    outer loop
      vertex -5.625 6.495190620422363 0
      vertex -6.75 7.14470911026001 0
      vertex -5.625 7.794228553771973 0
    endloop
  endfacet
  facet normal 0 0 -1
    outer loop
      vertex -7.875 6.495190143585205 0
      vertex -6.75 5.8456711769104 0
      vertex -7.875 5.196152210235596 0
    endloop
  endfacet
  facet normal 0 0 -1
    outer loop
      vertex -6.75 5.8456711769104 0
      vertex -7.875 6.495190143585205 0
      vertex -6.75 7.14470911026001 0
    endloop
  endfacet
  facet normal 0 0 -1
    outer loop
      vertex -7.875 6.495190143585205 0
      vertex -7.875 7.7942280769348145 0
      vertex -6.75 7.14470911026001 0
    endloop
  endfacet
  facet normal 0 0 -1
    outer loop
      vertex -7.875 7.7942280769348145 0
      vertex -7.875 6.495190143585205 0
      vertex -9 7.14470911026001 0
    endloop
  endfacet
  facet normal 0 0 -1
    outer loop
      vertex -3.374999761581421 -5.196152210235596 0
      vertex -4.499999523162842 -4.546633243560791 0
      vertex -3.375000238418579 -3.8971145153045654 0
    endloop
  endfacet
  facet normal 0 0 -1
    outer loop
      vertex -3.374999761581421 -5.196152210235596 0
      vertex -4.500000476837158 -5.845671653747559 0
      vertex -4.499999523162842 -4.546633243560791 0
    endloop
  endfacet
  facet normal 0 0 -1
    outer loop
      vertex -5.625 -5.196152687072754 0
      vertex -4.499999523162842 -4.546633243560791 0
      vertex -4.500000476837158 -5.845671653747559 0
    endloop
  endfacet
  facet normal 0 0 -1
    outer loop
      vertex -5.625 -5.196152687072754 0
      vertex -4.500000476837158 -5.845671653747559 0
      vertex -5.625 -6.495190620422363 0
    endloop
  endfacet
  facet normal 0 0 -1
    outer loop
      vertex -3.374999761581421 7.794229030609131 0
      vertex -3.374999523162842 9.093266487121582 0
      vertex -2.25 8.443747520446777 0
    endloop
  endfacet
  facet normal 0 0 -1
    outer loop
      vertex -4.499999523162842 4.546633243560791 0
      vertex -3.374999761581421 5.196152210235596 0
      vertex -3.375000238418579 3.8971145153045654 0
    endloop
  endfacet
  facet normal 0 0 -1
    outer loop
      vertex -3.374999761581421 5.196152210235596 0
      vertex -3.375000476837158 6.495190620422363 0
      vertex -3.374999761581421 7.794229030609131 0
    endloop
  endfacet
  facet normal 0 0 -1
    outer loop
      vertex -4.500000476837158 7.144709587097168 0
      vertex -3.374999761581421 7.794229030609131 0
      vertex -3.375000476837158 6.495190620422363 0
    endloop
  endfacet
  facet normal 0 0 -1
    outer loop
      vertex -3.374999761581421 7.794229030609131 0
      vertex -4.499999523162842 8.443747520446777 0
      vertex -3.374999523162842 9.093266487121582 0
    endloop
  endfacet
  facet normal 0 0 -1
    outer loop
      vertex -3.374999761581421 7.794229030609131 0
      vertex -4.500000476837158 7.144709587097168 0
      vertex -4.499999523162842 8.443747520446777 0
    endloop
  endfacet
  facet normal 0 0 -1
    outer loop
      vertex -5.625 7.794228553771973 0
      vertex -4.499999523162842 8.443747520446777 0
      vertex -4.500000476837158 7.144709587097168 0
    endloop
  endfacet
  facet normal 0 0 -1
    outer loop
      vertex -5.625 7.794228553771973 0
      vertex -4.500000476837158 7.144709587097168 0
      vertex -5.625 6.495190620422363 0
    endloop
  endfacet
  facet normal 0 0 -1
    outer loop
      vertex -4.499999523162842 8.443747520446777 0
      vertex -5.625 7.794228553771973 0
      vertex -5.624999523162842 9.093266487121582 0
    endloop
  endfacet
  facet normal 0 0 -1
    outer loop
      vertex -6.75 8.443747520446777 0
      vertex -5.624999523162842 9.093266487121582 0
      vertex -5.625 7.794228553771973 0
    endloop
  endfacet
  facet normal 0 0 -1
    outer loop
      vertex -5.624999523162842 9.093266487121582 0
      vertex -6.749999523162842 9.742785453796387 0
      vertex -5.624999523162842 10.392305374145508 0
    endloop
  endfacet
  facet normal 0 0 -1
    outer loop
      vertex -5.624999523162842 9.093266487121582 0
      vertex -6.75 8.443747520446777 0
      vertex -6.749999523162842 9.742785453796387 0
    endloop
  endfacet
  facet normal 0 0 -1
    outer loop
      vertex -6.75 8.443747520446777 0
      vertex -6.963240146636963 9.865900993347168 0
      vertex -6.749999523162842 9.742785453796387 0
    endloop
  endfacet
  facet normal 0 0 -1
    outer loop
      vertex -6.963240146636963 9.865900993347168 0
      vertex -6.75 8.443747520446777 0
      vertex -7.875 7.7942280769348145 0
    endloop
  endfacet
  facet normal 0 0 -1
    outer loop
      vertex -2.25 -5.8456711769104 0
      vertex -1.1249995231628418 -6.495190620422363 0
      vertex -2.249999761581421 -7.144710063934326 0
    endloop
  endfacet
  facet normal 0 0 -1
    outer loop
      vertex -1.1249995231628418 -6.495190620422363 0
      vertex -2.25 -5.8456711769104 0
      vertex -1.1250004768371582 -5.196152687072754 0
    endloop
  endfacet
  facet normal 0 0 -1
    outer loop
      vertex -3.375000476837158 -6.495190620422363 0
      vertex -2.249999761581421 -7.144710063934326 0
      vertex -3.374999761581421 -7.794229030609131 0
    endloop
  endfacet
  facet normal 0 0 -1
    outer loop
      vertex -2.249999761581421 -7.144710063934326 0
      vertex -3.375000476837158 -6.495190620422363 0
      vertex -2.25 -5.8456711769104 0
    endloop
  endfacet
  facet normal 0 0 -1
    outer loop
      vertex -1.1249998807907104 9.093267440795898 0
      vertex -1.1249995231628418 10.392305374145508 0
      vertex 0 9.742786407470703 0
    endloop
  endfacet
  facet normal 0 0 -1
    outer loop
      vertex -1.1249998807907104 9.093267440795898 0
      vertex -2.249999523162842 9.742786407470703 0
      vertex -1.1249995231628418 10.392305374145508 0
    endloop
  endfacet
  facet normal 0 0 -1
    outer loop
      vertex -2.25 8.443747520446777 0
      vertex -1.1249998807907104 9.093267440795898 0
      vertex -1.125000238418579 7.794229030609131 0
    endloop
  endfacet
  facet normal 0 0 -1
    outer loop
      vertex -1.1249998807907104 9.093267440795898 0
      vertex -2.25 8.443747520446777 0
      vertex -2.249999523162842 9.742786407470703 0
    endloop
  endfacet
  facet normal 0 0 -1
    outer loop
      vertex -3.374999523162842 9.093266487121582 0
      vertex -2.249999523162842 9.742786407470703 0
      vertex -2.25 8.443747520446777 0
    endloop
  endfacet
  facet normal 0 0 -1
    outer loop
      vertex -3.374999523162842 9.093266487121582 0
      vertex -3.374999523162842 10.392305374145508 0
      vertex -2.249999523162842 9.742786407470703 0
    endloop
  endfacet
  facet normal 0 0 -1
    outer loop
      vertex -3.374999523162842 10.392305374145508 0
      vertex -3.374999523162842 9.093266487121582 0
      vertex -4.499999523162842 9.742785453796387 0
    endloop
  endfacet
  facet normal 0 0 -1
    outer loop
      vertex -1.1249998807907104 -2.598076343536377 0
      vertex -1.1250001192092896 -1.2990385293960571 0
      vertex -2.384185791015625e-7 -1.9485574960708618 0
    endloop
  endfacet
  facet normal 0 0 -1
    outer loop
      vertex -2.384185791015625e-7 0.6495193243026733 0
      vertex -1.1250007152557373 0 0
      vertex -1.1250001192092896 1.299038290977478 0
    endloop
  endfacet
  facet normal 0 0 -1
    outer loop
      vertex -2.249999761581421 -1.9485573768615723 0
      vertex -1.1250001192092896 -1.2990385293960571 0
      vertex -1.1249998807907104 -2.598076343536377 0
    endloop
  endfacet
  facet normal 0 0 -1
    outer loop
      vertex -2.2500009536743164 -0.6495190858840942 0
      vertex -1.1250001192092896 -1.2990385293960571 0
      vertex -2.249999761581421 -1.9485573768615723 0
    endloop
  endfacet
  facet normal 0 0 -1
    outer loop
      vertex -1.1250001192092896 -1.2990385293960571 0
      vertex -2.2500009536743164 -0.6495190858840942 0
      vertex -1.1250007152557373 0 0
    endloop
  endfacet
  facet normal 0 0 -1
    outer loop
      vertex -3.3750007152557373 -1.2990379333496094 0
      vertex -2.249999761581421 -1.9485573768615723 0
      vertex -3.375 -2.598076343536377 0
    endloop
  endfacet
  facet normal 0 0 -1
    outer loop
      vertex -4.5 -3.2475955486297607 0
      vertex -3.375 -2.598076343536377 0
      vertex -3.375000238418579 -3.8971145153045654 0
    endloop
  endfacet
  facet normal 0 0 -1
    outer loop
      vertex -2.249999761581421 -1.9485573768615723 0
      vertex -3.3750007152557373 -1.2990379333496094 0
      vertex -2.2500009536743164 -0.6495190858840942 0
    endloop
  endfacet
  facet normal 0 0 -1
    outer loop
      vertex -3.3750007152557373 -1.2990379333496094 0
      vertex -3.3750007152557373 -9.541717815864104e-8 0
      vertex -2.2500009536743164 -0.6495190858840942 0
    endloop
  endfacet
  facet normal 0 0 -1
    outer loop
      vertex -4.500000476837158 -0.6495189666748047 0
      vertex -3.3750007152557373 -9.541717815864104e-8 0
      vertex -3.3750007152557373 -1.2990379333496094 0
    endloop
  endfacet
  facet normal 0 0 -1
    outer loop
      vertex -4.500000476837158 0.6495189070701599 0
      vertex -3.3750007152557373 -9.541717815864104e-8 0
      vertex -4.500000476837158 -0.6495189666748047 0
    endloop
  endfacet
  facet normal 0 0 -1
    outer loop
      vertex -3.3750007152557373 -9.541717815864104e-8 0
      vertex -4.500000476837158 0.6495189070701599 0
      vertex -3.3750007152557373 1.2990379333496094 0
    endloop
  endfacet
  facet normal 0 0 -1
    outer loop
      vertex -5.625000476837158 0 0
      vertex -4.500000476837158 -0.6495189666748047 0
      vertex -5.625000476837158 -1.299038052558899 0
    endloop
  endfacet
  facet normal 0 0 -1
    outer loop
      vertex -4.500000476837158 -0.6495189666748047 0
      vertex -5.625000476837158 0 0
      vertex -4.500000476837158 0.6495189070701599 0
    endloop
  endfacet
  facet normal 0 0 -1
    outer loop
      vertex -5.625000476837158 0 0
      vertex -5.625000476837158 1.2990378141403198 0
      vertex -4.500000476837158 0.6495189070701599 0
    endloop
  endfacet
  facet normal 0 0 -1
    outer loop
      vertex -6.750000476837158 0.6495189666748047 0
      vertex -5.625000476837158 1.2990378141403198 0
      vertex -5.625000476837158 0 0
    endloop
  endfacet
  facet normal 0 0 -1
    outer loop
      vertex -6.750000953674316 1.9485570192337036 0
      vertex -5.625000476837158 1.2990378141403198 0
      vertex -6.750000476837158 0.6495189666748047 0
    endloop
  endfacet
  facet normal 0 0 -1
    outer loop
      vertex -5.625000476837158 1.2990378141403198 0
      vertex -6.750000953674316 1.9485570192337036 0
      vertex -5.625000953674316 2.598076105117798 0
    endloop
  endfacet
  facet normal 0 0 -1
    outer loop
      vertex -7.875000476837158 1.299038052558899 0
      vertex -6.750000953674316 1.9485570192337036 0
      vertex -6.750000476837158 0.6495189666748047 0
    endloop
  endfacet
  facet normal 0 0 -1
    outer loop
      vertex -6.75 4.546633243560791 0
      vertex -7.875000476837158 3.8971140384674072 0
      vertex -7.875 5.196152210235596 0
    endloop
  endfacet
  facet normal 0 0 -1
    outer loop
      vertex -7.875000476837158 1.299038052558899 0
      vertex -6.750000476837158 0.6495189666748047 0
      vertex -7.875000476837158 -3.9105401583583443e-8 0
    endloop
  endfacet
  facet normal 0 0 -1
    outer loop
      vertex -6.750000953674316 1.9485570192337036 0
      vertex -7.875000476837158 1.299038052558899 0
      vertex -7.875 2.5980756282806396 0
    endloop
  endfacet
  facet normal 0 0 -1
    outer loop
      vertex -9 1.9485565423965454 0
      vertex -7.875 2.5980756282806396 0
      vertex -7.875000476837158 1.299038052558899 0
    endloop
  endfacet
  facet normal 0 0 -1
    outer loop
      vertex -9.000000953674316 4.546632766723633 0
      vertex -7.875 5.196152210235596 0
      vertex -7.875000476837158 3.8971140384674072 0
    endloop
  endfacet
  facet normal 0 0 -1
    outer loop
      vertex -7.875 5.196152210235596 0
      vertex -9 5.8456711769104 0
      vertex -7.875 6.495190143585205 0
    endloop
  endfacet
  facet normal 0 0 -1
    outer loop
      vertex -7.875 5.196152210235596 0
      vertex -9.000000953674316 4.546632766723633 0
      vertex -9 5.8456711769104 0
    endloop
  endfacet
  facet normal 0 0 -1
    outer loop
      vertex -10.125 5.1961517333984375 0
      vertex -9 5.8456711769104 0
      vertex -9.000000953674316 4.546632766723633 0
    endloop
  endfacet
  facet normal 0 0 -1
    outer loop
      vertex -10.125 5.1961517333984375 0
      vertex -9.000000953674316 4.546632766723633 0
      vertex -10.125 3.897113800048828 0
    endloop
  endfacet
  facet normal 0 0 -1
    outer loop
      vertex -1.1249998807907104 2.598076343536377 0
      vertex -1.1249998807907104 3.8971142768859863 0
      vertex 0 3.2475953102111816 0
    endloop
  endfacet
  facet normal 0 0 -1
    outer loop
      vertex -2.249999761581421 3.2475953102111816 0
      vertex -1.1249998807907104 3.8971142768859863 0
      vertex -1.1249998807907104 2.598076343536377 0
    endloop
  endfacet
  facet normal 0 0 -1
    outer loop
      vertex -1.1249998807907104 3.8971142768859863 0
      vertex -1.125000238418579 7.794229030609131 0
      vertex -1.1249998807907104 9.093267440795898 0
    endloop
  endfacet
  facet normal 0 0 -1
    outer loop
      vertex -1.1249998807907104 3.8971142768859863 0
      vertex -1.1250004768371582 5.196152687072754 0
      vertex -1.125000238418579 7.794229030609131 0
    endloop
  endfacet
  facet normal 0 0 -1
    outer loop
      vertex -2.250000238418579 4.546633720397949 0
      vertex -1.1249998807907104 3.8971142768859863 0
      vertex -2.249999761581421 3.2475953102111816 0
    endloop
  endfacet
  facet normal 0 0 -1
    outer loop
      vertex -1.1249998807907104 3.8971142768859863 0
      vertex -2.250000238418579 4.546633720397949 0
      vertex -1.1250004768371582 5.196152687072754 0
    endloop
  endfacet
  facet normal 0 0 -1
    outer loop
      vertex -3.375000238418579 3.8971145153045654 0
      vertex -2.250000238418579 4.546633720397949 0
      vertex -2.249999761581421 3.2475953102111816 0
    endloop
  endfacet
  facet normal 0 0 -1
    outer loop
      vertex -2.250000238418579 4.546633720397949 0
      vertex -3.375000238418579 3.8971145153045654 0
      vertex -3.374999761581421 5.196152210235596 0
    endloop
  endfacet
  facet normal 0 0 -1
    outer loop
      vertex -3.375000238418579 3.8971145153045654 0
      vertex -2.249999761581421 3.2475953102111816 0
      vertex -3.375 2.598076343536377 0
    endloop
  endfacet
  facet normal 0 0 -1
    outer loop
      vertex -1.1250004768371582 5.196152687072754 0
      vertex -2.249999761581421 7.144710063934326 0
      vertex -1.125000238418579 7.794229030609131 0
    endloop
  endfacet
  facet normal 0 0 -1
    outer loop
      vertex -2.25 5.8456711769104 0
      vertex -2.249999761581421 7.144710063934326 0
      vertex -1.1250004768371582 5.196152687072754 0
    endloop
  endfacet
  facet normal 0 0 -1
    outer loop
      vertex -3.374999761581421 5.196152210235596 0
      vertex -2.249999761581421 7.144710063934326 0
      vertex -2.25 5.8456711769104 0
    endloop
  endfacet
  facet normal 0 0 -1
    outer loop
      vertex -2.249999761581421 7.144710063934326 0
      vertex -3.374999761581421 5.196152210235596 0
      vertex -3.374999761581421 7.794229030609131 0
    endloop
  endfacet
  facet normal 0 0 -1
    outer loop
      vertex -1.1249995231628418 -10.392305374145508 0
      vertex -1.1249998807907104 -9.093267440795898 0
      vertex 0 -9.742786407470703 0
    endloop
  endfacet
  facet normal 0 0 -1
    outer loop
      vertex -2.249999761581421 -7.144710063934326 0
      vertex -1.1249995231628418 -6.495190620422363 0
      vertex -1.125000238418579 -7.794229030609131 0
    endloop
  endfacet
  facet normal 0 0 -1
    outer loop
      vertex -2.249999523162842 -9.742786407470703 0
      vertex -1.1249998807907104 -9.093267440795898 0
      vertex -1.1249995231628418 -10.392305374145508 0
    endloop
  endfacet
  facet normal 0 0 -1
    outer loop
      vertex -2.25 -8.443747520446777 0
      vertex -1.1249998807907104 -9.093267440795898 0
      vertex -2.249999523162842 -9.742786407470703 0
    endloop
  endfacet
  facet normal 0 0 -1
    outer loop
      vertex -1.1249998807907104 -9.093267440795898 0
      vertex -2.25 -8.443747520446777 0
      vertex -1.125000238418579 -7.794229030609131 0
    endloop
  endfacet
  facet normal 0 0 -1
    outer loop
      vertex -3.374999523162842 -9.093266487121582 0
      vertex -2.249999523162842 -9.742786407470703 0
      vertex -3.374999523162842 -10.392305374145508 0
    endloop
  endfacet
  facet normal 0 0 -1
    outer loop
      vertex -2.249999523162842 -9.742786407470703 0
      vertex -3.374999523162842 -9.093266487121582 0
      vertex -2.25 -8.443747520446777 0
    endloop
  endfacet
  facet normal 0 0 -1
    outer loop
      vertex -3.374999523162842 -9.093266487121582 0
      vertex -3.374999761581421 -7.794229030609131 0
      vertex -2.25 -8.443747520446777 0
    endloop
  endfacet
  facet normal 0 0 -1
    outer loop
      vertex -2.25 -5.8456711769104 0
      vertex -3.375000476837158 -6.495190620422363 0
      vertex -3.374999761581421 -5.196152210235596 0
    endloop
  endfacet
  facet normal 0 0 -1
    outer loop
      vertex -3.374999761581421 -5.196152210235596 0
      vertex -3.375000238418579 -3.8971145153045654 0
      vertex -3.375 -2.598076343536377 0
    endloop
  endfacet
  facet normal 0 0 -1
    outer loop
      vertex -4.500000476837158 -5.845671653747559 0
      vertex -3.374999761581421 -5.196152210235596 0
      vertex -3.375000476837158 -6.495190620422363 0
    endloop
  endfacet
  facet normal 0 0 -1
    outer loop
      vertex -4.499999523162842 -8.443747520446777 0
      vertex -3.374999761581421 -7.794229030609131 0
      vertex -3.374999523162842 -9.093266487121582 0
    endloop
  endfacet
  facet normal 0 0 -1
    outer loop
      vertex -4.500000476837158 -7.144709587097168 0
      vertex -3.374999761581421 -7.794229030609131 0
      vertex -4.499999523162842 -8.443747520446777 0
    endloop
  endfacet
  facet normal 0 0 -1
    outer loop
      vertex -3.374999761581421 -7.794229030609131 0
      vertex -4.500000476837158 -7.144709587097168 0
      vertex -3.375000476837158 -6.495190620422363 0
    endloop
  endfacet
  facet normal 0 0 -1
    outer loop
      vertex -5.625 -7.794228553771973 0
      vertex -4.499999523162842 -8.443747520446777 0
      vertex -5.624999523162842 -9.093266487121582 0
    endloop
  endfacet
  facet normal 0 0 -1
    outer loop
      vertex -4.499999523162842 -8.443747520446777 0
      vertex -5.625 -7.794228553771973 0
      vertex -4.500000476837158 -7.144709587097168 0
    endloop
  endfacet
  facet normal 0 0 -1
    outer loop
      vertex -5.625 -7.794228553771973 0
      vertex -5.625 -6.495190620422363 0
      vertex -4.500000476837158 -7.144709587097168 0
    endloop
  endfacet
  facet normal 0 0 -1
    outer loop
      vertex -6.75 -7.14470911026001 0
      vertex -5.625 -6.495190620422363 0
      vertex -5.625 -7.794228553771973 0
    endloop
  endfacet
  facet normal 0 0 -1
    outer loop
      vertex -6.75 -5.8456711769104 0
      vertex -5.625 -6.495190620422363 0
      vertex -6.75 -7.14470911026001 0
    endloop
  endfacet
  facet normal 0 0 -1
    outer loop
      vertex -5.625 -6.495190620422363 0
      vertex -6.75 -5.8456711769104 0
      vertex -5.625 -5.196152687072754 0
    endloop
  endfacet
  facet normal 0 0 -1
    outer loop
      vertex -7.875 -6.495190143585205 0
      vertex -6.75 -7.14470911026001 0
      vertex -7.875 -7.7942280769348145 0
    endloop
  endfacet
  facet normal 0 0 -1
    outer loop
      vertex -6.75 -7.14470911026001 0
      vertex -7.875 -6.495190143585205 0
      vertex -6.75 -5.8456711769104 0
    endloop
  endfacet
  facet normal 0 0 -1
    outer loop
      vertex -7.875 -6.495190143585205 0
      vertex -7.875 -5.196152210235596 0
      vertex -6.75 -5.8456711769104 0
    endloop
  endfacet
  facet normal 0 0 -1
    outer loop
      vertex -9 -5.8456711769104 0
      vertex -7.875 -5.196152210235596 0
      vertex -7.875 -6.495190143585205 0
    endloop
  endfacet
  facet normal 0 0 -1
    outer loop
      vertex -6.75 -3.2475945949554443 0
      vertex -7.875000476837158 -3.8971140384674072 0
      vertex -7.875 -2.5980756282806396 0
    endloop
  endfacet
  facet normal 0 0 -1
    outer loop
      vertex -9.000000953674316 -4.546632766723633 0
      vertex -7.875 -5.196152210235596 0
      vertex -9 -5.8456711769104 0
    endloop
  endfacet
  facet normal 0 0 -1
    outer loop
      vertex -7.875 -5.196152210235596 0
      vertex -9.000000953674316 -4.546632766723633 0
      vertex -7.875000476837158 -3.8971140384674072 0
    endloop
  endfacet
  facet normal 0 0 -1
    outer loop
      vertex -10.125 -5.1961517333984375 0
      vertex -9 -5.8456711769104 0
      vertex -10.124999046325684 -6.495190143585205 0
    endloop
  endfacet
  facet normal 0 0 -1
    outer loop
      vertex -9 -5.8456711769104 0
      vertex -10.125 -5.1961517333984375 0
      vertex -9.000000953674316 -4.546632766723633 0
    endloop
  endfacet
  facet normal 0 0 -1
    outer loop
      vertex -10.125 -5.1961517333984375 0
      vertex -10.125 -3.897113800048828 0
      vertex -9.000000953674316 -4.546632766723633 0
    endloop
  endfacet
  facet normal 0 0 -1
    outer loop
      vertex -10.5 -4.979645729064941 0
      vertex -10.125 -3.897113800048828 0
      vertex -10.125 -5.1961517333984375 0
    endloop
  endfacet
  facet normal 0 0 -1
    outer loop
      vertex -10.5 -2.814582109451294 0
      vertex -10.125 -3.897113800048828 0
      vertex -10.5 -4.979645729064941 0
    endloop
  endfacet
  facet normal 0 0 -1
    outer loop
      vertex -10.125 -3.897113800048828 0
      vertex -10.5 -2.814582109451294 0
      vertex -10.125 -2.5980758666992188 0
    endloop
  endfacet
  facet normal 0 0 -1
    outer loop
      vertex -2.384185791015625e-7 -4.546633243560791 0
      vertex 1.125000238418579 -5.196152687072754 0
      vertex 0 -5.845671653747559 0
    endloop
  endfacet
  facet normal 0 0 -1
    outer loop
      vertex 1.125000238418579 -5.196152687072754 0
      vertex -2.384185791015625e-7 -4.546633243560791 0
      vertex 1.1249998807907104 -3.8971142768859863 0
    endloop
  endfacet
  facet normal 0 0 -1
    outer loop
      vertex -1.1249995231628418 -6.495190620422363 0
      vertex -2.384185791015625e-7 -4.546633243560791 0
      vertex 0 -5.845671653747559 0
    endloop
  endfacet
  facet normal 0 0 -1
    outer loop
      vertex -1.1249995231628418 -6.495190620422363 0
      vertex -1.1250001192092896 -3.8971145153045654 0
      vertex -2.384185791015625e-7 -4.546633243560791 0
    endloop
  endfacet
  facet normal 0 0 -1
    outer loop
      vertex 0 -7.144709587097168 0
      vertex -1.125000238418579 -7.794229030609131 0
      vertex -1.1249995231628418 -6.495190620422363 0
    endloop
  endfacet
  facet normal 0 0 -1
    outer loop
      vertex 0 8.443748474121094 0
      vertex 1.125000238418579 7.794229030609131 0
      vertex 0 7.144709587097168 0
    endloop
  endfacet
  facet normal 0 0 -1
    outer loop
      vertex 1.125000238418579 7.794229030609131 0
      vertex 0 8.443748474121094 0
      vertex 1.1249998807907104 9.093267440795898 0
    endloop
  endfacet
  facet normal 0 0 -1
    outer loop
      vertex -1.1249995231628418 6.495190620422363 0
      vertex 0 8.443748474121094 0
      vertex 0 7.144709587097168 0
    endloop
  endfacet
  facet normal 0 0 -1
    outer loop
      vertex -1.1249995231628418 6.495190620422363 0
      vertex -1.1249998807907104 9.093267440795898 0
      vertex 0 8.443748474121094 0
    endloop
  endfacet
  facet normal 0 0 -1
    outer loop
      vertex -1.1249998807907104 9.093267440795898 0
      vertex -1.1249995231628418 6.495190620422363 0
      vertex -1.1249998807907104 3.8971142768859863 0
    endloop
  endfacet
  facet normal 0 0 -1
    outer loop
      vertex 0 7.144709587097168 0
      vertex 1.125000238418579 7.794229030609131 0
      vertex 1.1249995231628418 6.495190620422363 0
    endloop
  endfacet
  facet normal 0 0 -1
    outer loop
      vertex 0 5.845671653747559 0
      vertex 1.1250004768371582 5.196152687072754 0
      vertex 0 4.546633243560791 0
    endloop
  endfacet
  facet normal 0 0 -1
    outer loop
      vertex 1.1250004768371582 5.196152687072754 0
      vertex 0 5.845671653747559 0
      vertex 1.1249995231628418 6.495190620422363 0
    endloop
  endfacet
  facet normal 0 0 -1
    outer loop
      vertex 0 4.546633243560791 0
      vertex -1.1249995231628418 6.495190620422363 0
      vertex 0 5.845671653747559 0
    endloop
  endfacet
  facet normal 0 0 -1
    outer loop
      vertex -1.1249995231628418 6.495190620422363 0
      vertex 0 4.546633243560791 0
      vertex -1.1249998807907104 3.8971142768859863 0
    endloop
  endfacet
  facet normal 0 0 -1
    outer loop
      vertex -2.384185791015625e-7 0.6495193243026733 0
      vertex 1.1250004768371582 -1.5172898315540806e-7 0
      vertex 0 -0.6495194435119629 0
    endloop
  endfacet
  facet normal 0 0 -1
    outer loop
      vertex 1.1250004768371582 -1.5172898315540806e-7 0
      vertex -2.384185791015625e-7 0.6495193243026733 0
      vertex 1.1249998807907104 1.2990384101867676 0
    endloop
  endfacet
  facet normal 0 0 -1
    outer loop
      vertex -1.1250007152557373 0 0
      vertex 0 -0.6495194435119629 0
      vertex -1.1250001192092896 -1.2990385293960571 0
    endloop
  endfacet
  facet normal 0 0 -1
    outer loop
      vertex 0 -0.6495194435119629 0
      vertex -1.1250007152557373 0 0
      vertex -2.384185791015625e-7 0.6495193243026733 0
    endloop
  endfacet
  facet normal 0 0 -1
    outer loop
      vertex 0 -5.845671653747559 0
      vertex 1.125000238418579 -5.196152687072754 0
      vertex 1.1249995231628418 -6.495190620422363 0
    endloop
  endfacet
  facet normal 0 0 -1
    outer loop
      vertex 0 -7.144709587097168 0
      vertex 1.125000238418579 -7.794229030609131 0
      vertex 0 -8.443748474121094 0
    endloop
  endfacet
  facet normal 0 0 -1
    outer loop
      vertex 1.125000238418579 -7.794229030609131 0
      vertex 0 -7.144709587097168 0
      vertex 1.1249995231628418 -6.495190620422363 0
    endloop
  endfacet
  facet normal 0 0 -1
    outer loop
      vertex -1.125000238418579 -7.794229030609131 0
      vertex 0 -7.144709587097168 0
      vertex 0 -8.443748474121094 0
    endloop
  endfacet
  facet normal 0 0 -1
    outer loop
      vertex -1.125000238418579 -7.794229030609131 0
      vertex 0 -8.443748474121094 0
      vertex -1.1249998807907104 -9.093267440795898 0
    endloop
  endfacet
  facet normal 0 0 -1
    outer loop
      vertex 2.249999761581421 7.144710063934326 0
      vertex 3.375000476837158 6.495190620422363 0
      vertex 2.25 5.8456711769104 0
    endloop
  endfacet
  facet normal 0 0 -1
    outer loop
      vertex 3.375000476837158 6.495190620422363 0
      vertex 2.249999761581421 7.144710063934326 0
      vertex 3.374999761581421 7.794229030609131 0
    endloop
  endfacet
  facet normal 0 0 -1
    outer loop
      vertex 1.1249995231628418 6.495190620422363 0
      vertex 2.25 5.8456711769104 0
      vertex 1.1250004768371582 5.196152687072754 0
    endloop
  endfacet
  facet normal 0 0 -1
    outer loop
      vertex 2.25 5.8456711769104 0
      vertex 1.1249995231628418 6.495190620422363 0
      vertex 2.249999761581421 7.144710063934326 0
    endloop
  endfacet
  facet normal 0 0 -1
    outer loop
      vertex 3.375000238418579 3.8971145153045654 0
      vertex 2.250000238418579 4.546633720397949 0
      vertex 3.374999761581421 5.196152210235596 0
    endloop
  endfacet
  facet normal 0 0 -1
    outer loop
      vertex 3.375000238418579 3.8971145153045654 0
      vertex 2.249999761581421 3.2475953102111816 0
      vertex 2.250000238418579 4.546633720397949 0
    endloop
  endfacet
  facet normal 0 0 -1
    outer loop
      vertex 1.1249998807907104 3.8971142768859863 0
      vertex 2.250000238418579 4.546633720397949 0
      vertex 2.249999761581421 3.2475953102111816 0
    endloop
  endfacet
  facet normal 0 0 -1
    outer loop
      vertex 2.250000238418579 4.546633720397949 0
      vertex 1.1249998807907104 3.8971142768859863 0
      vertex 1.1250004768371582 5.196152687072754 0
    endloop
  endfacet
  facet normal 0 0 -1
    outer loop
      vertex 1.1249998807907104 3.8971142768859863 0
      vertex 2.249999761581421 3.2475953102111816 0
      vertex 1.1249998807907104 2.598076343536377 0
    endloop
  endfacet
  facet normal 0 0 -1
    outer loop
      vertex 2.249999523162842 -3.2475955486297607 0
      vertex 3.375 -3.8971147537231445 0
      vertex 2.250000238418579 -4.546633720397949 0
    endloop
  endfacet
  facet normal 0 0 -1
    outer loop
      vertex 3.375 -3.8971147537231445 0
      vertex 2.249999523162842 -3.2475955486297607 0
      vertex 3.374999761581421 -2.598076343536377 0
    endloop
  endfacet
  facet normal 0 0 -1
    outer loop
      vertex 1.1249998807907104 -3.8971142768859863 0
      vertex 2.250000238418579 -4.546633720397949 0
      vertex 1.125000238418579 -5.196152687072754 0
    endloop
  endfacet
  facet normal 0 0 -1
    outer loop
      vertex 2.249999761581421 -5.845671653747559 0
      vertex 1.1249995231628418 -6.495190620422363 0
      vertex 1.125000238418579 -5.196152687072754 0
    endloop
  endfacet
  facet normal 0 0 -1
    outer loop
      vertex 2.250000238418579 -4.546633720397949 0
      vertex 1.1249998807907104 -3.8971142768859863 0
      vertex 2.249999523162842 -3.2475955486297607 0
    endloop
  endfacet
  facet normal 0 0 -1
    outer loop
      vertex 1.1249998807907104 -3.8971142768859863 0
      vertex 1.1249996423721313 -2.598076581954956 0
      vertex 2.249999523162842 -3.2475955486297607 0
    endloop
  endfacet
  facet normal 0 0 -1
    outer loop
      vertex 1.1249996423721313 -2.598076581954956 0
      vertex 1.1249998807907104 -3.8971142768859863 0
      vertex 0 -3.2475953102111816 0
    endloop
  endfacet
  facet normal 0 0 -1
    outer loop
      vertex 2.249999761581421 -5.845671653747559 0
      vertex 3.375 -6.495190620422363 0
      vertex 2.249999761581421 -7.144710063934326 0
    endloop
  endfacet
  facet normal 0 0 -1
    outer loop
      vertex 3.375 -6.495190620422363 0
      vertex 2.249999761581421 -5.845671653747559 0
      vertex 3.374999761581421 -5.196152210235596 0
    endloop
  endfacet
  facet normal 0 0 -1
    outer loop
      vertex 1.1249995231628418 -6.495190620422363 0
      vertex 2.249999761581421 -7.144710063934326 0
      vertex 1.125000238418579 -7.794229030609131 0
    endloop
  endfacet
  facet normal 0 0 -1
    outer loop
      vertex 2.249999761581421 -7.144710063934326 0
      vertex 1.1249995231628418 -6.495190620422363 0
      vertex 2.249999761581421 -5.845671653747559 0
    endloop
  endfacet
  facet normal 0 0 -1
    outer loop
      vertex 3.374999523162842 -10.392305374145508 0
      vertex 3.374999523162842 -9.093266487121582 0
      vertex 4.499999523162842 -9.742785453796387 0
    endloop
  endfacet
  facet normal 0 0 -1
    outer loop
      vertex 2.249999523162842 -9.742786407470703 0
      vertex 3.374999523162842 -9.093266487121582 0
      vertex 3.374999523162842 -10.392305374145508 0
    endloop
  endfacet
  facet normal 0 0 -1
    outer loop
      vertex 3.374999523162842 -9.093266487121582 0
      vertex 2.249999523162842 -9.742786407470703 0
      vertex 2.25 -8.443747520446777 0
    endloop
  endfacet
  facet normal 0 0 -1
    outer loop
      vertex 1.1249998807907104 -9.093267440795898 0
      vertex 2.25 -8.443747520446777 0
      vertex 2.249999523162842 -9.742786407470703 0
    endloop
  endfacet
  facet normal 0 0 -1
    outer loop
      vertex 0 -8.443748474121094 0
      vertex 1.125000238418579 -7.794229030609131 0
      vertex 1.1249998807907104 -9.093267440795898 0
    endloop
  endfacet
  facet normal 0 0 -1
    outer loop
      vertex 2.25 -8.443747520446777 0
      vertex 1.1249998807907104 -9.093267440795898 0
      vertex 1.125000238418579 -7.794229030609131 0
    endloop
  endfacet
  facet normal 0 0 -1
    outer loop
      vertex 1.1249995231628418 -10.392305374145508 0
      vertex 1.1249998807907104 -9.093267440795898 0
      vertex 2.249999523162842 -9.742786407470703 0
    endloop
  endfacet
  facet normal 0 0 -1
    outer loop
      vertex 1.1249998807907104 -9.093267440795898 0
      vertex 1.1249995231628418 -10.392305374145508 0
      vertex 0 -9.742786407470703 0
    endloop
  endfacet
  facet normal 0 0 -1
    outer loop
      vertex 3.3750007152557373 0 0
      vertex 3.3750007152557373 1.2990379333496094 0
      vertex 4.500000476837158 0.6495189666748047 0
    endloop
  endfacet
  facet normal 0 0 -1
    outer loop
      vertex 2.2500007152557373 0.6495189666748047 0
      vertex 3.3750007152557373 1.2990379333496094 0
      vertex 3.3750007152557373 0 0
    endloop
  endfacet
  facet normal 0 0 -1
    outer loop
      vertex 3.3750007152557373 1.2990379333496094 0
      vertex 3.374999761581421 2.598076343536377 0
      vertex 3.375000238418579 3.8971145153045654 0
    endloop
  endfacet
  facet normal 0 0 -1
    outer loop
      vertex 2.249999761581421 1.9485573768615723 0
      vertex 3.3750007152557373 1.2990379333496094 0
      vertex 2.2500007152557373 0.6495189666748047 0
    endloop
  endfacet
  facet normal 0 0 -1
    outer loop
      vertex 3.3750007152557373 1.2990379333496094 0
      vertex 2.249999761581421 1.9485573768615723 0
      vertex 3.374999761581421 2.598076343536377 0
    endloop
  endfacet
  facet normal 0 0 -1
    outer loop
      vertex 1.1249998807907104 1.2990384101867676 0
      vertex 2.2500007152557373 0.6495189666748047 0
      vertex 1.1250004768371582 -1.5172898315540806e-7 0
    endloop
  endfacet
  facet normal 0 0 -1
    outer loop
      vertex 0 -0.6495194435119629 0
      vertex 1.1250004768371582 -1.5172898315540806e-7 0
      vertex 1.1249998807907104 -1.2990384101867676 0
    endloop
  endfacet
  facet normal 0 0 -1
    outer loop
      vertex 2.2500007152557373 0.6495189666748047 0
      vertex 1.1249998807907104 1.2990384101867676 0
      vertex 2.249999761581421 1.9485573768615723 0
    endloop
  endfacet
  facet normal 0 0 -1
    outer loop
      vertex 1.1249998807907104 1.2990384101867676 0
      vertex 1.1249998807907104 2.598076343536377 0
      vertex 2.249999761581421 1.9485573768615723 0
    endloop
  endfacet
  facet normal 0 0 -1
    outer loop
      vertex 0 1.9485573768615723 0
      vertex 1.1249998807907104 2.598076343536377 0
      vertex 1.1249998807907104 1.2990384101867676 0
    endloop
  endfacet
  facet normal 0 0 -1
    outer loop
      vertex 0 3.2475953102111816 0
      vertex 1.1249998807907104 2.598076343536377 0
      vertex 0 1.9485573768615723 0
    endloop
  endfacet
  facet normal 0 0 -1
    outer loop
      vertex 1.1249998807907104 2.598076343536377 0
      vertex 0 3.2475953102111816 0
      vertex 1.1249998807907104 3.8971142768859863 0
    endloop
  endfacet
  facet normal 0 0 -1
    outer loop
      vertex 0 1.9485573768615723 0
      vertex -1.1249998807907104 2.598076343536377 0
      vertex 0 3.2475953102111816 0
    endloop
  endfacet
  facet normal 0 0 -1
    outer loop
      vertex -1.1250001192092896 1.299038290977478 0
      vertex -1.1249998807907104 2.598076343536377 0
      vertex 0 1.9485573768615723 0
    endloop
  endfacet
  facet normal 0 0 -1
    outer loop
      vertex -2.2500007152557373 0.6495189666748047 0
      vertex -1.1250001192092896 1.299038290977478 0
      vertex -1.1250007152557373 0 0
    endloop
  endfacet
  facet normal 0 0 -1
    outer loop
      vertex -1.1250001192092896 1.299038290977478 0
      vertex -2.25 1.9485572576522827 0
      vertex -1.1249998807907104 2.598076343536377 0
    endloop
  endfacet
  facet normal 0 0 -1
    outer loop
      vertex -1.1250001192092896 1.299038290977478 0
      vertex -2.2500007152557373 0.6495189666748047 0
      vertex -2.25 1.9485572576522827 0
    endloop
  endfacet
  facet normal 0 0 -1
    outer loop
      vertex -3.3750007152557373 1.2990379333496094 0
      vertex -2.25 1.9485572576522827 0
      vertex -2.2500007152557373 0.6495189666748047 0
    endloop
  endfacet
  facet normal 0 0 -1
    outer loop
      vertex -3.3750007152557373 1.2990379333496094 0
      vertex -2.2500007152557373 0.6495189666748047 0
      vertex -3.3750007152557373 -9.541717815864104e-8 0
    endloop
  endfacet
  facet normal 0 0 -1
    outer loop
      vertex -2.25 1.9485572576522827 0
      vertex -3.3750007152557373 1.2990379333496094 0
      vertex -3.375 2.598076343536377 0
    endloop
  endfacet
  facet normal 0 0 -1
    outer loop
      vertex -4.500000476837158 1.948556900024414 0
      vertex -3.375 2.598076343536377 0
      vertex -3.3750007152557373 1.2990379333496094 0
    endloop
  endfacet
  facet normal 0 0 -1
    outer loop
      vertex -3.375 2.598076343536377 0
      vertex -4.5 3.2475953102111816 0
      vertex -3.375000238418579 3.8971145153045654 0
    endloop
  endfacet
  facet normal 0 0 -1
    outer loop
      vertex -3.375 2.598076343536377 0
      vertex -4.500000476837158 1.948556900024414 0
      vertex -4.5 3.2475953102111816 0
    endloop
  endfacet
  facet normal 0 0 -1
    outer loop
      vertex -5.625000953674316 2.598076105117798 0
      vertex -4.5 3.2475953102111816 0
      vertex -4.500000476837158 1.948556900024414 0
    endloop
  endfacet
  facet normal 0 0 -1
    outer loop
      vertex -5.625000953674316 2.598076105117798 0
      vertex -4.500000476837158 1.948556900024414 0
      vertex -5.625000476837158 1.2990378141403198 0
    endloop
  endfacet
  facet normal 0 0 -1
    outer loop
      vertex -4.5 3.2475953102111816 0
      vertex -5.625000953674316 2.598076105117798 0
      vertex -5.624999523162842 3.8971140384674072 0
    endloop
  endfacet
  facet normal 0 0 -1
    outer loop
      vertex -6.75 3.2475945949554443 0
      vertex -5.624999523162842 3.8971140384674072 0
      vertex -5.625000953674316 2.598076105117798 0
    endloop
  endfacet
  facet normal 0 0 -1
    outer loop
      vertex -6.75 4.546633243560791 0
      vertex -5.624999523162842 3.8971140384674072 0
      vertex -6.75 3.2475945949554443 0
    endloop
  endfacet
  facet normal 0 0 -1
    outer loop
      vertex -5.624999523162842 3.8971140384674072 0
      vertex -6.75 4.546633243560791 0
      vertex -5.625 5.196152687072754 0
    endloop
  endfacet
  facet normal 0 0 -1
    outer loop
      vertex -7.875000476837158 3.8971140384674072 0
      vertex -6.75 3.2475945949554443 0
      vertex -7.875 2.5980756282806396 0
    endloop
  endfacet
  facet normal 0 0 -1
    outer loop
      vertex -6.75 3.2475945949554443 0
      vertex -7.875000476837158 3.8971140384674072 0
      vertex -6.75 4.546633243560791 0
    endloop
  endfacet
  facet normal 0 0 -1
    outer loop
      vertex 5.625 -6.495190620422363 0
      vertex 5.624999523162842 -5.196152687072754 0
      vertex 6.749999523162842 -5.845671653747559 0
    endloop
  endfacet
  facet normal 0 0 -1
    outer loop
      vertex 4.500000476837158 -5.845671653747559 0
      vertex 5.624999523162842 -5.196152687072754 0
      vertex 5.625 -6.495190620422363 0
    endloop
  endfacet
  facet normal 0 0 -1
    outer loop
      vertex 4.499999523162842 -4.546633243560791 0
      vertex 5.624999523162842 -5.196152687072754 0
      vertex 4.500000476837158 -5.845671653747559 0
    endloop
  endfacet
  facet normal 0 0 -1
    outer loop
      vertex 5.624999523162842 -5.196152687072754 0
      vertex 4.499999523162842 -4.546633243560791 0
      vertex 5.624999523162842 -3.8971140384674072 0
    endloop
  endfacet
  facet normal 0 0 -1
    outer loop
      vertex 3.374999761581421 -5.196152210235596 0
      vertex 4.500000476837158 -5.845671653747559 0
      vertex 3.375 -6.495190620422363 0
    endloop
  endfacet
  facet normal 0 0 -1
    outer loop
      vertex 4.500000476837158 -5.845671653747559 0
      vertex 3.374999761581421 -5.196152210235596 0
      vertex 4.499999523162842 -4.546633243560791 0
    endloop
  endfacet
  facet normal 0 0 -1
    outer loop
      vertex 5.625 5.196152687072754 0
      vertex 4.500000476837158 5.845671653747559 0
      vertex 5.625 6.495190620422363 0
    endloop
  endfacet
  facet normal 0 0 -1
    outer loop
      vertex 5.625 5.196152687072754 0
      vertex 4.499999523162842 4.546633243560791 0
      vertex 4.500000476837158 5.845671653747559 0
    endloop
  endfacet
  facet normal 0 0 -1
    outer loop
      vertex 3.374999761581421 5.196152210235596 0
      vertex 4.500000476837158 5.845671653747559 0
      vertex 4.499999523162842 4.546633243560791 0
    endloop
  endfacet
  facet normal 0 0 -1
    outer loop
      vertex 3.374999761581421 5.196152210235596 0
      vertex 4.499999523162842 4.546633243560791 0
      vertex 3.375000238418579 3.8971145153045654 0
    endloop
  endfacet
  facet normal 0 0 -1
    outer loop
      vertex 6.75 8.443747520446777 0
      vertex 6.963240146636963 9.865900993347168 0
      vertex 7.875 7.7942280769348145 0
    endloop
  endfacet
  facet normal 0 0 -1
    outer loop
      vertex 6.75 8.443747520446777 0
      vertex 6.749999523162842 9.742785453796387 0
      vertex 6.963240146636963 9.865900993347168 0
    endloop
  endfacet
  facet normal 0 0 -1
    outer loop
      vertex 5.624999523162842 9.093266487121582 0
      vertex 6.75 8.443747520446777 0
      vertex 5.625 7.794228553771973 0
    endloop
  endfacet
  facet normal 0 0 -1
    outer loop
      vertex 6.75 8.443747520446777 0
      vertex 5.624999523162842 9.093266487121582 0
      vertex 6.749999523162842 9.742785453796387 0
    endloop
  endfacet
  facet normal 0 0 -1
    outer loop
      vertex 5.624999523162842 9.093266487121582 0
      vertex 5.624999523162842 10.392305374145508 0
      vertex 6.749999523162842 9.742785453796387 0
    endloop
  endfacet
  facet normal 0 0 -1
    outer loop
      vertex 5.624999523162842 10.392305374145508 0
      vertex 5.624999523162842 9.093266487121582 0
      vertex 4.499999523162842 9.742785453796387 0
    endloop
  endfacet
  facet normal 0 0 -1
    outer loop
      vertex 6.749999523162842 -8.443747520446777 0
      vertex 6.963240146636963 -9.865900993347168 0
      vertex 6.749999523162842 -9.742785453796387 0
    endloop
  endfacet
  facet normal 0 0 -1
    outer loop
      vertex 6.963240146636963 -9.865900993347168 0
      vertex 6.749999523162842 -8.443747520446777 0
      vertex 7.875 -7.7942280769348145 0
    endloop
  endfacet
  facet normal 0 0 -1
    outer loop
      vertex 5.624999523162842 -9.093266487121582 0
      vertex 6.749999523162842 -9.742785453796387 0
      vertex 5.624999523162842 -10.392305374145508 0
    endloop
  endfacet
  facet normal 0 0 -1
    outer loop
      vertex 6.749999523162842 -9.742785453796387 0
      vertex 5.624999523162842 -9.093266487121582 0
      vertex 6.749999523162842 -8.443747520446777 0
    endloop
  endfacet
  facet normal 0 0 -1
    outer loop
      vertex 5.624999523162842 -9.093266487121582 0
      vertex 5.624999523162842 -7.794228553771973 0
      vertex 6.749999523162842 -8.443747520446777 0
    endloop
  endfacet
  facet normal 0 0 -1
    outer loop
      vertex 4.499999523162842 -8.443747520446777 0
      vertex 5.624999523162842 -7.794228553771973 0
      vertex 5.624999523162842 -9.093266487121582 0
    endloop
  endfacet
  facet normal 0 0 -1
    outer loop
      vertex 5.624999523162842 -7.794228553771973 0
      vertex 4.499999523162842 -8.443747520446777 0
      vertex 4.5 -7.144709587097168 0
    endloop
  endfacet
  facet normal 0 0 -1
    outer loop
      vertex 3.374999761581421 -7.794229030609131 0
      vertex 4.5 -7.144709587097168 0
      vertex 4.499999523162842 -8.443747520446777 0
    endloop
  endfacet
  facet normal 0 0 -1
    outer loop
      vertex 2.249999761581421 -7.144710063934326 0
      vertex 3.375 -6.495190620422363 0
      vertex 3.374999761581421 -7.794229030609131 0
    endloop
  endfacet
  facet normal 0 0 -1
    outer loop
      vertex 4.5 -7.144709587097168 0
      vertex 3.374999761581421 -7.794229030609131 0
      vertex 3.375 -6.495190620422363 0
    endloop
  endfacet
  facet normal 0 0 -1
    outer loop
      vertex 3.374999523162842 -9.093266487121582 0
      vertex 3.374999761581421 -7.794229030609131 0
      vertex 4.499999523162842 -8.443747520446777 0
    endloop
  endfacet
  facet normal 0 0 -1
    outer loop
      vertex 3.374999761581421 -7.794229030609131 0
      vertex 3.374999523162842 -9.093266487121582 0
      vertex 2.25 -8.443747520446777 0
    endloop
  endfacet
  facet normal 0 0 -1
    outer loop
      vertex 6.75 4.546633243560791 0
      vertex 7.875000476837158 3.8971140384674072 0
      vertex 6.75 3.2475945949554443 0
    endloop
  endfacet
  facet normal 0 0 -1
    outer loop
      vertex 7.875000476837158 3.8971140384674072 0
      vertex 6.75 4.546633243560791 0
      vertex 7.875 5.196152210235596 0
    endloop
  endfacet
  facet normal 0 0 -1
    outer loop
      vertex 5.624999523162842 3.8971140384674072 0
      vertex 6.75 3.2475945949554443 0
      vertex 5.625000953674316 2.598076105117798 0
    endloop
  endfacet
  facet normal 0 0 -1
    outer loop
      vertex 6.750000476837158 1.9485570192337036 0
      vertex 5.625000476837158 1.2990379333496094 0
      vertex 5.625000953674316 2.598076105117798 0
    endloop
  endfacet
  facet normal 0 0 -1
    outer loop
      vertex 6.75 3.2475945949554443 0
      vertex 5.624999523162842 3.8971140384674072 0
      vertex 6.75 4.546633243560791 0
    endloop
  endfacet
  facet normal 0 0 -1
    outer loop
      vertex 4.500000476837158 1.948556900024414 0
      vertex 5.625000953674316 2.598076105117798 0
      vertex 5.625000476837158 1.2990379333496094 0
    endloop
  endfacet
  facet normal 0 0 -1
    outer loop
      vertex 4.499999523162842 4.546633243560791 0
      vertex 5.625 5.196152687072754 0
      vertex 5.624999523162842 3.8971140384674072 0
    endloop
  endfacet
  facet normal 0 0 -1
    outer loop
      vertex 6.75 4.546633243560791 0
      vertex 5.624999523162842 3.8971140384674072 0
      vertex 5.625 5.196152687072754 0
    endloop
  endfacet
  facet normal 0 0 -1
    outer loop
      vertex 4.5 3.2475955486297607 0
      vertex 5.625000953674316 2.598076105117798 0
      vertex 4.500000476837158 1.948556900024414 0
    endloop
  endfacet
  facet normal 0 0 -1
    outer loop
      vertex 5.625000953674316 2.598076105117798 0
      vertex 4.5 3.2475955486297607 0
      vertex 5.624999523162842 3.8971140384674072 0
    endloop
  endfacet
  facet normal 0 0 -1
    outer loop
      vertex 3.3750007152557373 1.2990379333496094 0
      vertex 4.5 3.2475955486297607 0
      vertex 4.500000476837158 1.948556900024414 0
    endloop
  endfacet
  facet normal 0 0 -1
    outer loop
      vertex 4.5 3.2475955486297607 0
      vertex 3.3750007152557373 1.2990379333496094 0
      vertex 3.375000238418579 3.8971145153045654 0
    endloop
  endfacet
  facet normal 0 0 -1
    outer loop
      vertex 9 0.6495190262794495 0
      vertex 10.125 0 0
      vertex 9 -0.6495190262794495 0
    endloop
  endfacet
  facet normal 0 0 -1
    outer loop
      vertex 10.125 0 0
      vertex 9 0.6495190262794495 0
      vertex 10.124999046325684 1.2990374565124512 0
    endloop
  endfacet
  facet normal 0 0 -1
    outer loop
      vertex 7.875000476837158 0 0
      vertex 9 -0.6495190262794495 0
      vertex 7.875000476837158 -1.299038052558899 0
    endloop
  endfacet
  facet normal 0 0 -1
    outer loop
      vertex 9 -0.6495190262794495 0
      vertex 7.875000476837158 0 0
      vertex 9 0.6495190262794495 0
    endloop
  endfacet
  facet normal 0 0 -1
    outer loop
      vertex 7.875000476837158 0 0
      vertex 7.875000476837158 1.299038052558899 0
      vertex 9 0.6495190262794495 0
    endloop
  endfacet
  facet normal 0 0 -1
    outer loop
      vertex 6.750000476837158 0.6495189666748047 0
      vertex 7.875000476837158 1.299038052558899 0
      vertex 7.875000476837158 0 0
    endloop
  endfacet
  facet normal 0 0 -1
    outer loop
      vertex 7.875000476837158 1.299038052558899 0
      vertex 7.875 2.5980756282806396 0
      vertex 7.875000476837158 3.8971140384674072 0
    endloop
  endfacet
  facet normal 0 0 -1
    outer loop
      vertex 6.750000476837158 1.9485570192337036 0
      vertex 7.875000476837158 1.299038052558899 0
      vertex 6.750000476837158 0.6495189666748047 0
    endloop
  endfacet
  facet normal 0 0 -1
    outer loop
      vertex 7.875000476837158 1.299038052558899 0
      vertex 6.750000476837158 1.9485570192337036 0
      vertex 7.875 2.5980756282806396 0
    endloop
  endfacet
  facet normal 0 0 -1
    outer loop
      vertex 5.625000476837158 1.2990379333496094 0
      vertex 6.750000476837158 1.9485570192337036 0
      vertex 6.750000476837158 0.6495189666748047 0
    endloop
  endfacet
  facet normal 0 0 -1
    outer loop
      vertex 5.625000476837158 1.2990379333496094 0
      vertex 6.750000476837158 0.6495189666748047 0
      vertex 5.625000476837158 0 0
    endloop
  endfacet
  facet normal 0 0 -1
    outer loop
      vertex 9 -4.546633243560791 0
      vertex 10.125 -5.196152210235596 0
      vertex 9 -5.8456711769104 0
    endloop
  endfacet
  facet normal 0 0 -1
    outer loop
      vertex 10.125 -5.196152210235596 0
      vertex 9 -4.546633243560791 0
      vertex 10.125 -3.897113800048828 0
    endloop
  endfacet
  facet normal 0 0 -1
    outer loop
      vertex 9 -5.8456711769104 0
      vertex 7.875 -5.196152210235596 0
      vertex 9 -4.546633243560791 0
    endloop
  endfacet
  facet normal 0 0 -1
    outer loop
      vertex 7.874999523162842 -6.495190620422363 0
      vertex 7.875 -5.196152210235596 0
      vertex 9 -5.8456711769104 0
    endloop
  endfacet
  facet normal 0 0 -1
    outer loop
      vertex 6.749999523162842 -5.845671653747559 0
      vertex 7.874999523162842 -6.495190620422363 0
      vertex 6.75 -7.14470911026001 0
    endloop
  endfacet
  facet normal 0 0 -1
    outer loop
      vertex 7.874999523162842 -6.495190620422363 0
      vertex 6.749999523162842 -5.845671653747559 0
      vertex 7.875 -5.196152210235596 0
    endloop
  endfacet
  facet normal 0 0 -1
    outer loop
      vertex 6.75 -7.14470911026001 0
      vertex 5.625 -6.495190620422363 0
      vertex 6.749999523162842 -5.845671653747559 0
    endloop
  endfacet
  facet normal 0 0 -1
    outer loop
      vertex 5.624999523162842 -7.794228553771973 0
      vertex 5.625 -6.495190620422363 0
      vertex 6.75 -7.14470911026001 0
    endloop
  endfacet
  facet normal 0 0 -1
    outer loop
      vertex 5.625 -6.495190620422363 0
      vertex 5.624999523162842 -7.794228553771973 0
      vertex 4.5 -7.144709587097168 0
    endloop
  endfacet
  facet normal 0 0 -1
    outer loop
      vertex 9 1.9485565423965454 0
      vertex 10.125 2.5980758666992188 0
      vertex 10.124999046325684 1.2990374565124512 0
    endloop
  endfacet
  facet normal 0 0 -1
    outer loop
      vertex 9 3.2475948333740234 0
      vertex 10.125 2.5980758666992188 0
      vertex 9 1.9485565423965454 0
    endloop
  endfacet
  facet normal 0 0 -1
    outer loop
      vertex 10.125 2.5980758666992188 0
      vertex 9 3.2475948333740234 0
      vertex 10.125 3.897113800048828 0
    endloop
  endfacet
  facet normal 0 0 -1
    outer loop
      vertex 7.875000476837158 1.299038052558899 0
      vertex 9 3.2475948333740234 0
      vertex 9 1.9485565423965454 0
    endloop
  endfacet
  facet normal 0 0 -1
    outer loop
      vertex 9 3.2475948333740234 0
      vertex 7.875000476837158 1.299038052558899 0
      vertex 7.875000476837158 3.8971140384674072 0
    endloop
  endfacet
  facet normal 0 0 -1
    outer loop
      vertex 7.875 -7.7942280769348145 0
      vertex 7.874999523162842 -6.495190620422363 0
      vertex 8.999999046325684 -7.144709587097168 0
    endloop
  endfacet
  facet normal 0 0 -1
    outer loop
      vertex 7.874999523162842 -6.495190620422363 0
      vertex 7.875 -7.7942280769348145 0
      vertex 6.75 -7.14470911026001 0
    endloop
  endfacet
  facet normal 0 0 -1
    outer loop
      vertex 7.875 -5.196152210235596 0
      vertex 7.875 -3.8971142768859863 0
      vertex 9 -4.546633243560791 0
    endloop
  endfacet
  facet normal 0 0 -1
    outer loop
      vertex 6.75 -4.546633243560791 0
      vertex 7.875 -3.8971142768859863 0
      vertex 7.875 -5.196152210235596 0
    endloop
  endfacet
  facet normal 0 0 -1
    outer loop
      vertex 6.749999523162842 -3.2475948333740234 0
      vertex 7.875 -3.8971142768859863 0
      vertex 6.75 -4.546633243560791 0
    endloop
  endfacet
  facet normal 0 0 -1
    outer loop
      vertex 7.875 -3.8971142768859863 0
      vertex 6.749999523162842 -3.2475948333740234 0
      vertex 7.875 -2.5980756282806396 0
    endloop
  endfacet
  facet normal 0 0 -1
    outer loop
      vertex 5.624999523162842 -3.8971140384674072 0
      vertex 6.749999523162842 -3.2475948333740234 0
      vertex 6.75 -4.546633243560791 0
    endloop
  endfacet
  facet normal 0 0 -1
    outer loop
      vertex 5.624999523162842 -3.8971140384674072 0
      vertex 6.75 -4.546633243560791 0
      vertex 5.624999523162842 -5.196152687072754 0
    endloop
  endfacet
  facet normal 0 0 -1
    outer loop
      vertex 6.749999523162842 -3.2475948333740234 0
      vertex 5.624999523162842 -3.8971140384674072 0
      vertex 5.625000476837158 -2.598076343536377 0
    endloop
  endfacet
  facet normal 0 0 -1
    outer loop
      vertex 4.5 -3.2475955486297607 0
      vertex 5.625000476837158 -2.598076343536377 0
      vertex 5.624999523162842 -3.8971140384674072 0
    endloop
  endfacet
  facet normal 0 0 -1
    outer loop
      vertex 4.5 -1.9485571384429932 0
      vertex 5.625000476837158 -2.598076343536377 0
      vertex 4.5 -3.2475955486297607 0
    endloop
  endfacet
  facet normal 0 0 -1
    outer loop
      vertex 5.625000476837158 -2.598076343536377 0
      vertex 4.5 -1.9485571384429932 0
      vertex 5.625000476837158 -1.2990379333496094 0
    endloop
  endfacet
  facet normal 0 0 -1
    outer loop
      vertex 3.374999761581421 -2.598076343536377 0
      vertex 4.5 -1.9485571384429932 0
      vertex 4.5 -3.2475955486297607 0
    endloop
  endfacet
  facet normal 0 0 -1
    outer loop
      vertex 3.374999761581421 -2.598076343536377 0
      vertex 4.5 -3.2475955486297607 0
      vertex 3.375 -3.8971147537231445 0
    endloop
  endfacet
  facet normal 0 0 -1
    outer loop
      vertex 10.125 3.897113800048828 0
      vertex 10.5 2.814582109451294 0
      vertex 10.125 2.5980758666992188 0
    endloop
  endfacet
  facet normal 0 0 -1
    outer loop
      vertex 10.5 2.814582109451294 0
      vertex 10.125 3.897113800048828 0
      vertex 10.5 4.979645729064941 0
    endloop
  endfacet
  facet normal 0 0 -1
    outer loop
      vertex 10.125 3.897113800048828 0
      vertex 10.125 5.1961517333984375 0
      vertex 10.5 4.979645729064941 0
    endloop
  endfacet
  facet normal 0 0 -1
    outer loop
      vertex 9.000000953674316 4.546632766723633 0
      vertex 10.125 5.1961517333984375 0
      vertex 10.125 3.897113800048828 0
    endloop
  endfacet
  facet normal 0 0 -1
    outer loop
      vertex 9 5.8456711769104 0
      vertex 10.125 5.1961517333984375 0
      vertex 9.000000953674316 4.546632766723633 0
    endloop
  endfacet
  facet normal 0 0 -1
    outer loop
      vertex 10.125 5.1961517333984375 0
      vertex 9 5.8456711769104 0
      vertex 10.124999046325684 6.495190143585205 0
    endloop
  endfacet
  facet normal 0 0 -1
    outer loop
      vertex 7.875 5.196152210235596 0
      vertex 9.000000953674316 4.546632766723633 0
      vertex 7.875000476837158 3.8971140384674072 0
    endloop
  endfacet
  facet normal 0 0 -1
    outer loop
      vertex 6.75 3.2475945949554443 0
      vertex 7.875000476837158 3.8971140384674072 0
      vertex 7.875 2.5980756282806396 0
    endloop
  endfacet
  facet normal 0 0 -1
    outer loop
      vertex 9.000000953674316 4.546632766723633 0
      vertex 7.875 5.196152210235596 0
      vertex 9 5.8456711769104 0
    endloop
  endfacet
  facet normal 0 0 -1
    outer loop
      vertex 7.875 5.196152210235596 0
      vertex 7.875 6.495190143585205 0
      vertex 9 5.8456711769104 0
    endloop
  endfacet
  facet normal 0 0 -1
    outer loop
      vertex 6.75 5.8456711769104 0
      vertex 7.875 6.495190143585205 0
      vertex 7.875 5.196152210235596 0
    endloop
  endfacet
  facet normal 0 0 -1
    outer loop
      vertex 6.75 7.14470911026001 0
      vertex 7.875 6.495190143585205 0
      vertex 6.75 5.8456711769104 0
    endloop
  endfacet
  facet normal 0 0 -1
    outer loop
      vertex 7.875 6.495190143585205 0
      vertex 6.75 7.14470911026001 0
      vertex 7.875 7.7942280769348145 0
    endloop
  endfacet
  facet normal 0 0 -1
    outer loop
      vertex 5.625 6.495190620422363 0
      vertex 6.75 5.8456711769104 0
      vertex 5.625 5.196152687072754 0
    endloop
  endfacet
  facet normal 0 0 -1
    outer loop
      vertex 6.75 5.8456711769104 0
      vertex 5.625 6.495190620422363 0
      vertex 6.75 7.14470911026001 0
    endloop
  endfacet
  facet normal 0 0 -1
    outer loop
      vertex 5.625 6.495190620422363 0
      vertex 5.625 7.794228553771973 0
      vertex 6.75 7.14470911026001 0
    endloop
  endfacet
  facet normal 0 0 -1
    outer loop
      vertex 4.500000476837158 7.144709587097168 0
      vertex 5.625 7.794228553771973 0
      vertex 5.625 6.495190620422363 0
    endloop
  endfacet
  facet normal 0 0 -1
    outer loop
      vertex 4.499999523162842 8.443747520446777 0
      vertex 5.625 7.794228553771973 0
      vertex 4.500000476837158 7.144709587097168 0
    endloop
  endfacet
  facet normal 0 0 -1
    outer loop
      vertex 5.625 7.794228553771973 0
      vertex 4.499999523162842 8.443747520446777 0
      vertex 5.624999523162842 9.093266487121582 0
    endloop
  endfacet
  facet normal 0 0 -1
    outer loop
      vertex 3.374999761581421 7.794229030609131 0
      vertex 4.500000476837158 7.144709587097168 0
      vertex 3.375000476837158 6.495190620422363 0
    endloop
  endfacet
  facet normal 0 0 -1
    outer loop
      vertex 2.249999761581421 3.2475953102111816 0
      vertex 3.375000238418579 3.8971145153045654 0
      vertex 3.374999761581421 2.598076343536377 0
    endloop
  endfacet
  facet normal 0 0 -1
    outer loop
      vertex 4.500000476837158 5.845671653747559 0
      vertex 3.374999761581421 5.196152210235596 0
      vertex 3.375000476837158 6.495190620422363 0
    endloop
  endfacet
  facet normal 0 0 -1
    outer loop
      vertex 2.25 5.8456711769104 0
      vertex 3.375000476837158 6.495190620422363 0
      vertex 3.374999761581421 5.196152210235596 0
    endloop
  endfacet
  facet normal 0 0 -1
    outer loop
      vertex 4.500000476837158 7.144709587097168 0
      vertex 3.374999761581421 7.794229030609131 0
      vertex 4.499999523162842 8.443747520446777 0
    endloop
  endfacet
  facet normal 0 0 -1
    outer loop
      vertex 3.374999761581421 7.794229030609131 0
      vertex 3.374999523162842 9.093266487121582 0
      vertex 4.499999523162842 8.443747520446777 0
    endloop
  endfacet
  facet normal 0 0 -1
    outer loop
      vertex 2.25 8.443747520446777 0
      vertex 3.374999523162842 9.093266487121582 0
      vertex 3.374999761581421 7.794229030609131 0
    endloop
  endfacet
  facet normal 0 0 -1
    outer loop
      vertex 2.249999523162842 9.742786407470703 0
      vertex 3.374999523162842 9.093266487121582 0
      vertex 2.25 8.443747520446777 0
    endloop
  endfacet
  facet normal 0 0 -1
    outer loop
      vertex 3.374999523162842 9.093266487121582 0
      vertex 2.249999523162842 9.742786407470703 0
      vertex 3.374999523162842 10.392305374145508 0
    endloop
  endfacet
  facet normal 0 0 -1
    outer loop
      vertex 1.1249998807907104 9.093267440795898 0
      vertex 2.25 8.443747520446777 0
      vertex 1.125000238418579 7.794229030609131 0
    endloop
  endfacet
  facet normal 0 0 -1
    outer loop
      vertex 0 4.546633243560791 0
      vertex 1.1250004768371582 5.196152687072754 0
      vertex 1.1249998807907104 3.8971142768859863 0
    endloop
  endfacet
  facet normal 0 0 -1
    outer loop
      vertex 2.249999761581421 7.144710063934326 0
      vertex 1.1249995231628418 6.495190620422363 0
      vertex 1.125000238418579 7.794229030609131 0
    endloop
  endfacet
  facet normal 0 0 -1
    outer loop
      vertex 2.25 8.443747520446777 0
      vertex 1.1249998807907104 9.093267440795898 0
      vertex 2.249999523162842 9.742786407470703 0
    endloop
  endfacet
  facet normal 0 0 -1
    outer loop
      vertex 1.1249998807907104 9.093267440795898 0
      vertex 1.1249995231628418 10.392305374145508 0
      vertex 2.249999523162842 9.742786407470703 0
    endloop
  endfacet
  facet normal 0 0 -1
    outer loop
      vertex 1.1249995231628418 10.392305374145508 0
      vertex 1.1249998807907104 9.093267440795898 0
      vertex 0 9.742786407470703 0
    endloop
  endfacet
  facet normal 0 0 -1
    outer loop
      vertex 10.124999046325684 1.2990374565124512 0
      vertex 10.5 0.21650616824626923 0
      vertex 10.125 0 0
    endloop
  endfacet
  facet normal 0 0 -1
    outer loop
      vertex 10.5 0.21650616824626923 0
      vertex 10.124999046325684 1.2990374565124512 0
      vertex 10.5 2.3815696239471436 0
    endloop
  endfacet
  facet normal 0 0 -1
    outer loop
      vertex 10.124999046325684 -1.2990374565124512 0
      vertex 10.5 -2.3815696239471436 0
      vertex 10.125 -2.5980758666992188 0
    endloop
  endfacet
  facet normal 0 0 -1
    outer loop
      vertex 10.5 -2.3815696239471436 0
      vertex 10.124999046325684 -1.2990374565124512 0
      vertex 10.5 -0.21650616824626923 0
    endloop
  endfacet
  facet normal 0 0 -1
    outer loop
      vertex 10.125 -3.897113800048828 0
      vertex 10.5 -4.979645729064941 0
      vertex 10.125 -5.196152210235596 0
    endloop
  endfacet
  facet normal 0 0 -1
    outer loop
      vertex 10.5 -4.979645729064941 0
      vertex 10.125 -3.897113800048828 0
      vertex 10.5 -2.814582109451294 0
    endloop
  endfacet
  facet normal 0 0 -1
    outer loop
      vertex 10.125 -3.897113800048828 0
      vertex 10.125 -2.5980758666992188 0
      vertex 10.5 -2.814582109451294 0
    endloop
  endfacet
  facet normal 0 0 -1
    outer loop
      vertex 9 -3.2475948333740234 0
      vertex 10.125 -2.5980758666992188 0
      vertex 10.125 -3.897113800048828 0
    endloop
  endfacet
  facet normal 0 0 -1
    outer loop
      vertex 10.5 -0.21650616824626923 0
      vertex 10.124999046325684 -1.2990374565124512 0
      vertex 10.125 0 0
    endloop
  endfacet
  facet normal 0 0 -1
    outer loop
      vertex 9 -0.6495190262794495 0
      vertex 10.125 0 0
      vertex 10.124999046325684 -1.2990374565124512 0
    endloop
  endfacet
  facet normal 0 0 -1
    outer loop
      vertex 10.5 2.3815696239471436 0
      vertex 10.124999046325684 1.2990374565124512 0
      vertex 10.125 2.5980758666992188 0
    endloop
  endfacet
  facet normal 0 0 -1
    outer loop
      vertex 9 -1.9485565423965454 0
      vertex 10.125 -2.5980758666992188 0
      vertex 9 -3.2475948333740234 0
    endloop
  endfacet
  facet normal 0 0 -1
    outer loop
      vertex 10.125 -2.5980758666992188 0
      vertex 9 -1.9485565423965454 0
      vertex 10.124999046325684 -1.2990374565124512 0
    endloop
  endfacet
  facet normal 0 0 -1
    outer loop
      vertex 7.875 -2.5980756282806396 0
      vertex 9 -1.9485565423965454 0
      vertex 9 -3.2475948333740234 0
    endloop
  endfacet
  facet normal 0 0 -1
    outer loop
      vertex 7.875 -2.5980756282806396 0
      vertex 9 -3.2475948333740234 0
      vertex 7.875 -3.8971142768859863 0
    endloop
  endfacet
  facet normal 0 0 -1
    outer loop
      vertex 9 -1.9485565423965454 0
      vertex 7.875 -2.5980756282806396 0
      vertex 7.875000476837158 -1.299038052558899 0
    endloop
  endfacet
  facet normal 0 0 -1
    outer loop
      vertex 6.750000476837158 -1.9485570192337036 0
      vertex 7.875000476837158 -1.299038052558899 0
      vertex 7.875 -2.5980756282806396 0
    endloop
  endfacet
  facet normal 0 0 -1
    outer loop
      vertex 6.750000476837158 -0.6495189666748047 0
      vertex 7.875000476837158 -1.299038052558899 0
      vertex 6.750000476837158 -1.9485570192337036 0
    endloop
  endfacet
  facet normal 0 0 -1
    outer loop
      vertex 7.875000476837158 -1.299038052558899 0
      vertex 6.750000476837158 -0.6495189666748047 0
      vertex 7.875000476837158 0 0
    endloop
  endfacet
  facet normal 0 0 -1
    outer loop
      vertex 5.625000476837158 -1.2990379333496094 0
      vertex 6.750000476837158 -1.9485570192337036 0
      vertex 5.625000476837158 -2.598076343536377 0
    endloop
  endfacet
  facet normal 0 0 -1
    outer loop
      vertex 6.750000476837158 -1.9485570192337036 0
      vertex 5.625000476837158 -1.2990379333496094 0
      vertex 6.750000476837158 -0.6495189666748047 0
    endloop
  endfacet
  facet normal 0 0 -1
    outer loop
      vertex 5.625000476837158 -1.2990379333496094 0
      vertex 5.625000476837158 0 0
      vertex 6.750000476837158 -0.6495189666748047 0
    endloop
  endfacet
  facet normal 0 0 -1
    outer loop
      vertex 4.500000476837158 -0.6495189666748047 0
      vertex 5.625000476837158 0 0
      vertex 5.625000476837158 -1.2990379333496094 0
    endloop
  endfacet
  facet normal 0 0 -1
    outer loop
      vertex 4.500000476837158 0.6495189666748047 0
      vertex 5.625000476837158 0 0
      vertex 4.500000476837158 -0.6495189666748047 0
    endloop
  endfacet
  facet normal 0 0 -1
    outer loop
      vertex 5.625000476837158 0 0
      vertex 4.500000476837158 0.6495189666748047 0
      vertex 5.625000476837158 1.2990379333496094 0
    endloop
  endfacet
  facet normal 0 0 -1
    outer loop
      vertex 4.500000476837158 -0.6495189666748047 0
      vertex 3.3750007152557373 0 0
      vertex 4.500000476837158 0.6495189666748047 0
    endloop
  endfacet
  facet normal 0 0 -1
    outer loop
      vertex 3.375000238418579 -1.2990381717681885 0
      vertex 3.3750007152557373 0 0
      vertex 4.500000476837158 -0.6495189666748047 0
    endloop
  endfacet
  facet normal 0 0 -1
    outer loop
      vertex 4.499999523162842 -4.546633243560791 0
      vertex 3.374999761581421 -5.196152210235596 0
      vertex 3.375 -3.8971147537231445 0
    endloop
  endfacet
  facet normal 0 0 -1
    outer loop
      vertex 2.250000238418579 -4.546633720397949 0
      vertex 3.375 -3.8971147537231445 0
      vertex 3.374999761581421 -5.196152210235596 0
    endloop
  endfacet
  facet normal 0 0 -1
    outer loop
      vertex 4.5 -1.9485571384429932 0
      vertex 3.374999761581421 -2.598076343536377 0
      vertex 3.375000238418579 -1.2990381717681885 0
    endloop
  endfacet
  facet normal 0 0 -1
    outer loop
      vertex 2.249999761581421 -1.9485573768615723 0
      vertex 3.375000238418579 -1.2990381717681885 0
      vertex 3.374999761581421 -2.598076343536377 0
    endloop
  endfacet
  facet normal 0 0 -1
    outer loop
      vertex 3.375000238418579 -1.2990381717681885 0
      vertex 2.250000476837158 -0.649519145488739 0
      vertex 3.3750007152557373 0 0
    endloop
  endfacet
  facet normal 0 0 -1
    outer loop
      vertex 3.375000238418579 -1.2990381717681885 0
      vertex 2.249999761581421 -1.9485573768615723 0
      vertex 2.250000476837158 -0.649519145488739 0
    endloop
  endfacet
  facet normal 0 0 -1
    outer loop
      vertex 1.1249998807907104 -1.2990384101867676 0
      vertex 2.250000476837158 -0.649519145488739 0
      vertex 2.249999761581421 -1.9485573768615723 0
    endloop
  endfacet
  facet normal 0 0 -1
    outer loop
      vertex 2.250000476837158 -0.649519145488739 0
      vertex 1.1249998807907104 -1.2990384101867676 0
      vertex 1.1250004768371582 -1.5172898315540806e-7 0
    endloop
  endfacet
  facet normal 0 0 -1
    outer loop
      vertex 1.1249996423721313 -2.598076581954956 0
      vertex 1.1249998807907104 -1.2990384101867676 0
      vertex 2.249999761581421 -1.9485573768615723 0
    endloop
  endfacet
  facet normal 0 0 -1
    outer loop
      vertex -2.384185791015625e-7 -1.9485574960708618 0
      vertex 1.1249996423721313 -2.598076581954956 0
      vertex 0 -3.2475953102111816 0
    endloop
  endfacet
  facet normal 0 0 -1
    outer loop
      vertex 1.1249996423721313 -2.598076581954956 0
      vertex -2.384185791015625e-7 -1.9485574960708618 0
      vertex 1.1249998807907104 -1.2990384101867676 0
    endloop
  endfacet
  facet normal 0 0 -1
    outer loop
      vertex 0 -3.2475953102111816 0
      vertex -1.1249998807907104 -2.598076343536377 0
      vertex -2.384185791015625e-7 -1.9485574960708618 0
    endloop
  endfacet
  facet normal 0 0 -1
    outer loop
      vertex -1.1250001192092896 -3.8971145153045654 0
      vertex -1.1249998807907104 -2.598076343536377 0
      vertex 0 -3.2475953102111816 0
    endloop
  endfacet
  facet normal 0 0 -1
    outer loop
      vertex -1.1249995231628418 -6.495190620422363 0
      vertex -1.1250004768371582 -5.196152687072754 0
      vertex -1.1250001192092896 -3.8971145153045654 0
    endloop
  endfacet
  facet normal 0 0 -1
    outer loop
      vertex -2.250000238418579 -4.546633720397949 0
      vertex -1.1250001192092896 -3.8971145153045654 0
      vertex -1.1250004768371582 -5.196152687072754 0
    endloop
  endfacet
  facet normal 0 0 -1
    outer loop
      vertex -1.1250001192092896 -3.8971145153045654 0
      vertex -2.25 -3.2475953102111816 0
      vertex -1.1249998807907104 -2.598076343536377 0
    endloop
  endfacet
  facet normal 0 0 -1
    outer loop
      vertex -1.1250001192092896 -3.8971145153045654 0
      vertex -2.250000238418579 -4.546633720397949 0
      vertex -2.25 -3.2475953102111816 0
    endloop
  endfacet
  facet normal 0 0 -1
    outer loop
      vertex -3.374999761581421 -5.196152210235596 0
      vertex -2.25 -3.2475953102111816 0
      vertex -2.250000238418579 -4.546633720397949 0
    endloop
  endfacet
  facet normal 0 0 -1
    outer loop
      vertex -2.25 -3.2475953102111816 0
      vertex -3.374999761581421 -5.196152210235596 0
      vertex -3.375 -2.598076343536377 0
    endloop
  endfacet
  facet normal 0 0 -1
    outer loop
      vertex 10.5 -4.979645729064941 0
      vertex 14.25 -14.25 0
      vertex 10.5 -5.41265869140625 0
    endloop
  endfacet
  facet normal 0 0 -1
    outer loop
      vertex 10.124999046325684 -6.495190143585205 0
      vertex 10.5 -5.41265869140625 0
      vertex 14.25 -14.25 0
    endloop
  endfacet
  facet normal 0 0 -1
    outer loop
      vertex 9 -5.8456711769104 0
      vertex 10.125 -5.196152210235596 0
      vertex 10.124999046325684 -6.495190143585205 0
    endloop
  endfacet
  facet normal 0 0 -1
    outer loop
      vertex 10.5 -5.41265869140625 0
      vertex 10.124999046325684 -6.495190143585205 0
      vertex 10.125 -5.196152210235596 0
    endloop
  endfacet
  facet normal 0 0 -1
    outer loop
      vertex 14.25 -14.25 0
      vertex 8.999999046325684 -7.144709587097168 0
      vertex 10.124999046325684 -6.495190143585205 0
    endloop
  endfacet
  facet normal 0 0 -1
    outer loop
      vertex 6.963240146636963 -9.865900993347168 0
      vertex 8.999999046325684 -7.144709587097168 0
      vertex 14.25 -14.25 0
    endloop
  endfacet
  facet normal 0 0 -1
    outer loop
      vertex 8.999999046325684 -7.144709587097168 0
      vertex 6.963240146636963 -9.865900993347168 0
      vertex 7.875 -7.7942280769348145 0
    endloop
  endfacet
  facet normal 0 0 -1
    outer loop
      vertex 14.25 -14.25 0
      vertex 6.329140663146973 -10.5 0
      vertex 6.963240146636963 -9.865900993347168 0
    endloop
  endfacet
  facet normal 0 0 -1
    outer loop
      vertex 14.25 -14.25 0
      vertex 5.811532497406006 -10.5 0
      vertex 6.329140663146973 -10.5 0
    endloop
  endfacet
  facet normal 0 0 -1
    outer loop
      vertex 5.624999523162842 -10.392305374145508 0
      vertex 4.499999523162842 -9.742785453796387 0
      vertex 5.624999523162842 -9.093266487121582 0
    endloop
  endfacet
  facet normal 0 0 -1
    outer loop
      vertex 5.624999523162842 -10.392305374145508 0
      vertex 3.374999523162842 -10.392305374145508 0
      vertex 4.499999523162842 -9.742785453796387 0
    endloop
  endfacet
  facet normal 0 0 -1
    outer loop
      vertex 5.811532497406006 -10.5 0
      vertex 3.374999523162842 -10.392305374145508 0
      vertex 5.624999523162842 -10.392305374145508 0
    endloop
  endfacet
  facet normal 0 0 -1
    outer loop
      vertex 3.1884663105010986 -10.5 0
      vertex 5.811532497406006 -10.5 0
      vertex 14.25 -14.25 0
    endloop
  endfacet
  facet normal 0 0 -1
    outer loop
      vertex 5.811532497406006 -10.5 0
      vertex 3.1884663105010986 -10.5 0
      vertex 3.374999523162842 -10.392305374145508 0
    endloop
  endfacet
  facet normal 0 0 -1
    outer loop
      vertex 14.25 -14.25 0
      vertex 1.3115326166152954 -10.5 0
      vertex 3.1884663105010986 -10.5 0
    endloop
  endfacet
  facet normal 0 0 -1
    outer loop
      vertex 1.1249995231628418 -10.392305374145508 0
      vertex -1.1249995231628418 -10.392305374145508 0
      vertex 0 -9.742786407470703 0
    endloop
  endfacet
  facet normal 0 0 -1
    outer loop
      vertex 1.3115326166152954 -10.5 0
      vertex -1.1249995231628418 -10.392305374145508 0
      vertex 1.1249995231628418 -10.392305374145508 0
    endloop
  endfacet
  facet normal 0 0 -1
    outer loop
      vertex -1.3115326166152954 -10.5 0
      vertex 1.3115326166152954 -10.5 0
      vertex 14.25 -14.25 0
    endloop
  endfacet
  facet normal 0 0 -1
    outer loop
      vertex 1.3115326166152954 -10.5 0
      vertex -1.3115326166152954 -10.5 0
      vertex -1.1249995231628418 -10.392305374145508 0
    endloop
  endfacet
  facet normal 0 0 -1
    outer loop
      vertex -14.25 -14.25 0
      vertex -1.3115326166152954 -10.5 0
      vertex 14.25 -14.25 0
    endloop
  endfacet
  facet normal 0 0 -1
    outer loop
      vertex -3.374999523162842 -10.392305374145508 0
      vertex -4.499999523162842 -9.742785453796387 0
      vertex -3.374999523162842 -9.093266487121582 0
    endloop
  endfacet
  facet normal 0 0 -1
    outer loop
      vertex -3.374999523162842 -10.392305374145508 0
      vertex -5.624999523162842 -10.392305374145508 0
      vertex -4.499999523162842 -9.742785453796387 0
    endloop
  endfacet
  facet normal 0 0 -1
    outer loop
      vertex -3.1884663105010986 -10.5 0
      vertex -5.624999523162842 -10.392305374145508 0
      vertex -3.374999523162842 -10.392305374145508 0
    endloop
  endfacet
  facet normal 0 0 -1
    outer loop
      vertex -1.3115326166152954 -10.5 0
      vertex -14.25 -14.25 0
      vertex -3.1884663105010986 -10.5 0
    endloop
  endfacet
  facet normal 0 0 -1
    outer loop
      vertex -3.1884663105010986 -10.5 0
      vertex -5.811532497406006 -10.5 0
      vertex -5.624999523162842 -10.392305374145508 0
    endloop
  endfacet
  facet normal 0 0 -1
    outer loop
      vertex -3.1884663105010986 -10.5 0
      vertex -14.25 -14.25 0
      vertex -5.811532497406006 -10.5 0
    endloop
  endfacet
  facet normal 0 0 -1
    outer loop
      vertex -7.875 -7.7942280769348145 0
      vertex -9 -7.14470911026001 0
      vertex -7.875 -6.495190143585205 0
    endloop
  endfacet
  facet normal 0 0 -1
    outer loop
      vertex -6.963240146636963 -9.865900993347168 0
      vertex -9 -7.14470911026001 0
      vertex -7.875 -7.7942280769348145 0
    endloop
  endfacet
  facet normal 0 0 -1
    outer loop
      vertex -14.25 -14.25 0
      vertex -9 -7.14470911026001 0
      vertex -6.963240146636963 -9.865900993347168 0
    endloop
  endfacet
  facet normal 0 0 -1
    outer loop
      vertex -10.124999046325684 -6.495190143585205 0
      vertex -10.5 -5.412657737731934 0
      vertex -10.125 -5.1961517333984375 0
    endloop
  endfacet
  facet normal 0 0 -1
    outer loop
      vertex -14.25 -14.25 0
      vertex -10.5 -4.979645729064941 0
      vertex -10.5 -5.412657737731934 0
    endloop
  endfacet
  facet normal 0 0 -1
    outer loop
      vertex -10.5 -4.979645729064941 0
      vertex -14.25 -14.25 0
      vertex -10.5 -2.814582109451294 0
    endloop
  endfacet
  facet normal 0 0 -1
    outer loop
      vertex -10.5 -2.814582109451294 0
      vertex -14.25 -14.25 0
      vertex -10.5 -2.3815696239471436 0
    endloop
  endfacet
  facet normal 0 0 -1
    outer loop
      vertex -10.5 -2.3815696239471436 0
      vertex -14.25 -14.25 0
      vertex -10.5 -0.21650616824626923 0
    endloop
  endfacet
  facet normal 0 0 -1
    outer loop
      vertex -10.5 -0.21650616824626923 0
      vertex -14.25 -14.25 0
      vertex -10.5 0.21650616824626923 0
    endloop
  endfacet
  facet normal 0 0 -1
    outer loop
      vertex -14.25 14.25 0
      vertex -10.5 0.21650616824626923 0
      vertex -14.25 -14.25 0
    endloop
  endfacet
  facet normal 0 0 -1
    outer loop
      vertex -10.5 0.21650616824626923 0
      vertex -14.25 14.25 0
      vertex -10.5 2.3815696239471436 0
    endloop
  endfacet
  facet normal 0 0 -1
    outer loop
      vertex -10.5 2.3815696239471436 0
      vertex -14.25 14.25 0
      vertex -10.5 2.814582109451294 0
    endloop
  endfacet
  facet normal 0 0 -1
    outer loop
      vertex -10.5 2.814582109451294 0
      vertex -14.25 14.25 0
      vertex -10.5 4.979645729064941 0
    endloop
  endfacet
  facet normal 0 0 -1
    outer loop
      vertex -10.124999046325684 -6.495190143585205 0
      vertex -14.25 -14.25 0
      vertex -10.5 -5.412657737731934 0
    endloop
  endfacet
  facet normal 0 0 -1
    outer loop
      vertex -9 -7.14470911026001 0
      vertex -14.25 -14.25 0
      vertex -10.124999046325684 -6.495190143585205 0
    endloop
  endfacet
  facet normal 0 0 -1
    outer loop
      vertex -6.329140663146973 -10.5 0
      vertex -14.25 -14.25 0
      vertex -6.963240146636963 -9.865900993347168 0
    endloop
  endfacet
  facet normal 0 0 -1
    outer loop
      vertex -5.811532497406006 -10.5 0
      vertex -14.25 -14.25 0
      vertex -6.329140663146973 -10.5 0
    endloop
  endfacet
  facet normal 0 0 -1
    outer loop
      vertex 10.5 -2.814582109451294 0
      vertex 14.25 -14.25 0
      vertex 10.5 -4.979645729064941 0
    endloop
  endfacet
  facet normal 0 0 -1
    outer loop
      vertex 10.5 -2.3815696239471436 0
      vertex 14.25 -14.25 0
      vertex 10.5 -2.814582109451294 0
    endloop
  endfacet
  facet normal 0 0 -1
    outer loop
      vertex 10.5 -0.21650616824626923 0
      vertex 14.25 -14.25 0
      vertex 10.5 -2.3815696239471436 0
    endloop
  endfacet
  facet normal 0 0 -1
    outer loop
      vertex 14.25 -14.25 0
      vertex 10.5 -0.21650616824626923 0
      vertex 14.25 14.25 0
    endloop
  endfacet
  facet normal 0 0 -1
    outer loop
      vertex 10.5 0.21650616824626923 0
      vertex 14.25 14.25 0
      vertex 10.5 -0.21650616824626923 0
    endloop
  endfacet
  facet normal 0 0 -1
    outer loop
      vertex 10.5 2.3815696239471436 0
      vertex 14.25 14.25 0
      vertex 10.5 0.21650616824626923 0
    endloop
  endfacet
  facet normal 0 0 -1
    outer loop
      vertex 10.5 2.814582109451294 0
      vertex 14.25 14.25 0
      vertex 10.5 2.3815696239471436 0
    endloop
  endfacet
  facet normal 0 0 -1
    outer loop
      vertex 10.5 4.979645729064941 0
      vertex 14.25 14.25 0
      vertex 10.5 2.814582109451294 0
    endloop
  endfacet
  facet normal 0 0 -1
    outer loop
      vertex 10.5 5.412657737731934 0
      vertex 14.25 14.25 0
      vertex 10.5 4.979645729064941 0
    endloop
  endfacet
  facet normal 0 0 -1
    outer loop
      vertex 10.124999046325684 6.495190143585205 0
      vertex 10.5 5.412657737731934 0
      vertex 10.125 5.1961517333984375 0
    endloop
  endfacet
  facet normal 0 0 -1
    outer loop
      vertex 10.5 5.412657737731934 0
      vertex 10.124999046325684 6.495190143585205 0
      vertex 14.25 14.25 0
    endloop
  endfacet
  facet normal 0 0 -1
    outer loop
      vertex 9 7.14470911026001 0
      vertex 14.25 14.25 0
      vertex 10.124999046325684 6.495190143585205 0
    endloop
  endfacet
  facet normal 0 0 -1
    outer loop
      vertex 7.875 7.7942280769348145 0
      vertex 9 7.14470911026001 0
      vertex 7.875 6.495190143585205 0
    endloop
  endfacet
  facet normal 0 0 -1
    outer loop
      vertex 6.963240146636963 9.865900993347168 0
      vertex 9 7.14470911026001 0
      vertex 7.875 7.7942280769348145 0
    endloop
  endfacet
  facet normal 0 0 -1
    outer loop
      vertex 9 7.14470911026001 0
      vertex 6.963240146636963 9.865900993347168 0
      vertex 14.25 14.25 0
    endloop
  endfacet
  facet normal 0 0 -1
    outer loop
      vertex 6.329140663146973 10.5 0
      vertex 14.25 14.25 0
      vertex 6.963240146636963 9.865900993347168 0
    endloop
  endfacet
  facet normal 0 0 -1
    outer loop
      vertex 5.811532497406006 10.5 0
      vertex 14.25 14.25 0
      vertex 6.329140663146973 10.5 0
    endloop
  endfacet
  facet normal 0 0 -1
    outer loop
      vertex 3.374999523162842 10.392305374145508 0
      vertex 4.499999523162842 9.742785453796387 0
      vertex 3.374999523162842 9.093266487121582 0
    endloop
  endfacet
  facet normal 0 0 -1
    outer loop
      vertex 4.499999523162842 9.742785453796387 0
      vertex 3.374999523162842 10.392305374145508 0
      vertex 5.624999523162842 10.392305374145508 0
    endloop
  endfacet
  facet normal 0 0 -1
    outer loop
      vertex 3.374999523162842 10.392305374145508 0
      vertex 5.811532497406006 10.5 0
      vertex 5.624999523162842 10.392305374145508 0
    endloop
  endfacet
  facet normal 0 0 -1
    outer loop
      vertex 3.1884663105010986 10.5 0
      vertex 5.811532497406006 10.5 0
      vertex 3.374999523162842 10.392305374145508 0
    endloop
  endfacet
  facet normal 0 0 -1
    outer loop
      vertex 5.811532497406006 10.5 0
      vertex 3.1884663105010986 10.5 0
      vertex 14.25 14.25 0
    endloop
  endfacet
  facet normal 0 0 -1
    outer loop
      vertex 1.3115326166152954 10.5 0
      vertex 14.25 14.25 0
      vertex 3.1884663105010986 10.5 0
    endloop
  endfacet
  facet normal 0 0 -1
    outer loop
      vertex -1.1249995231628418 10.392305374145508 0
      vertex 1.1249995231628418 10.392305374145508 0
      vertex 0 9.742786407470703 0
    endloop
  endfacet
  facet normal 0 0 -1
    outer loop
      vertex -1.1249995231628418 10.392305374145508 0
      vertex 1.3115326166152954 10.5 0
      vertex 1.1249995231628418 10.392305374145508 0
    endloop
  endfacet
  facet normal 0 0 -1
    outer loop
      vertex -1.3115326166152954 10.5 0
      vertex 1.3115326166152954 10.5 0
      vertex -1.1249995231628418 10.392305374145508 0
    endloop
  endfacet
  facet normal 0 0 -1
    outer loop
      vertex 1.3115326166152954 10.5 0
      vertex -1.3115326166152954 10.5 0
      vertex 14.25 14.25 0
    endloop
  endfacet
  facet normal 0 0 -1
    outer loop
      vertex -14.25 14.25 0
      vertex -1.3115326166152954 10.5 0
      vertex -3.1884663105010986 10.5 0
    endloop
  endfacet
  facet normal 0 0 -1
    outer loop
      vertex -5.624999523162842 10.392305374145508 0
      vertex -4.499999523162842 9.742785453796387 0
      vertex -5.624999523162842 9.093266487121582 0
    endloop
  endfacet
  facet normal 0 0 -1
    outer loop
      vertex -4.499999523162842 9.742785453796387 0
      vertex -5.624999523162842 10.392305374145508 0
      vertex -3.374999523162842 10.392305374145508 0
    endloop
  endfacet
  facet normal 0 0 -1
    outer loop
      vertex -5.624999523162842 10.392305374145508 0
      vertex -3.1884663105010986 10.5 0
      vertex -3.374999523162842 10.392305374145508 0
    endloop
  endfacet
  facet normal 0 0 -1
    outer loop
      vertex -5.811532497406006 10.5 0
      vertex -3.1884663105010986 10.5 0
      vertex -5.624999523162842 10.392305374145508 0
    endloop
  endfacet
  facet normal 0 0 -1
    outer loop
      vertex -14.25 14.25 0
      vertex -3.1884663105010986 10.5 0
      vertex -5.811532497406006 10.5 0
    endloop
  endfacet
  facet normal 0 0 -1
    outer loop
      vertex -14.25 14.25 0
      vertex -5.811532497406006 10.5 0
      vertex -6.329140663146973 10.5 0
    endloop
  endfacet
  facet normal 0 0 -1
    outer loop
      vertex -9 7.14470911026001 0
      vertex -6.963240146636963 9.865900993347168 0
      vertex -7.875 7.7942280769348145 0
    endloop
  endfacet
  facet normal 0 0 -1
    outer loop
      vertex -14.25 14.25 0
      vertex -9 7.14470911026001 0
      vertex -10.124999046325684 6.495190143585205 0
    endloop
  endfacet
  facet normal 0 0 -1
    outer loop
      vertex -9 5.8456711769104 0
      vertex -10.125 5.1961517333984375 0
      vertex -10.124999046325684 6.495190143585205 0
    endloop
  endfacet
  facet normal 0 0 -1
    outer loop
      vertex -10.5 5.412657737731934 0
      vertex -10.124999046325684 6.495190143585205 0
      vertex -10.125 5.1961517333984375 0
    endloop
  endfacet
  facet normal 0 0 -1
    outer loop
      vertex -1.3115326166152954 10.5 0
      vertex -14.25 14.25 0
      vertex 14.25 14.25 0
    endloop
  endfacet
  facet normal 0 0 -1
    outer loop
      vertex -6.963240146636963 9.865900993347168 0
      vertex -14.25 14.25 0
      vertex -6.329140663146973 10.5 0
    endloop
  endfacet
  facet normal 0 0 -1
    outer loop
      vertex -9 7.14470911026001 0
      vertex -14.25 14.25 0
      vertex -6.963240146636963 9.865900993347168 0
    endloop
  endfacet
  facet normal 0 0 -1
    outer loop
      vertex -10.5 5.412657737731934 0
      vertex -14.25 14.25 0
      vertex -10.124999046325684 6.495190143585205 0
    endloop
  endfacet
  facet normal 0 0 -1
    outer loop
      vertex -10.5 4.979645729064941 0
      vertex -14.25 14.25 0
      vertex -10.5 5.412657737731934 0
    endloop
  endfacet
  facet normal -1 0 0
    outer loop
      vertex 11.25 -5 2.299999237060547
      vertex 11.25 5 2.59999942779541
      vertex 11.25 5 2.299999237060547
    endloop
  endfacet
  facet normal -1 0 0
    outer loop
      vertex 11.25 5 2.59999942779541
      vertex 11.25 -5 2.299999237060547
      vertex 11.25 -5 2.59999942779541
    endloop
  endfacet
  facet normal 0 1 0
    outer loop
      vertex 14.049999237060547 5 2.299999237060547
      vertex 11.25 5 2.59999942779541
      vertex 14.049999237060547 5 2.59999942779541
    endloop
  endfacet
  facet normal 0 1 0
    outer loop
      vertex 11.25 5 2.59999942779541
      vertex 14.049999237060547 5 2.299999237060547
      vertex 11.25 5 2.299999237060547
    endloop
  endfacet
  facet normal 0 -1 0
    outer loop
      vertex 11.25 -5 2.299999237060547
      vertex 14.049999237060547 -5 2.59999942779541
      vertex 11.25 -5 2.59999942779541
    endloop
  endfacet
  facet normal 0 -1 0
    outer loop
      vertex 14.049999237060547 -5 2.59999942779541
      vertex 11.25 -5 2.299999237060547
      vertex 14.049999237060547 -5 2.299999237060547
    endloop
  endfacet
  facet normal 0 0 1
    outer loop
      vertex 1.5908565521240234 11.974571228027344 2.59999942779541
      vertex 5 14.049999237060547 2.59999942779541
      vertex 1.5908565521240234 13.565427780151367 2.59999942779541
    endloop
  endfacet
  facet normal 0 0 1
    outer loop
      vertex 5 14.049999237060547 2.59999942779541
      vertex -1.5908565521240234 13.565427780151367 2.59999942779541
      vertex 1.5908565521240234 13.565427780151367 2.59999942779541
    endloop
  endfacet
  facet normal 0 0 1
    outer loop
      vertex -1.5908565521240234 13.565427780151367 2.59999942779541
      vertex -5 14.049999237060547 2.59999942779541
      vertex -1.5908565521240234 11.974571228027344 2.59999942779541
    endloop
  endfacet
  facet normal 0 0 1
    outer loop
      vertex -5 14.049999237060547 2.59999942779541
      vertex -1.5908565521240234 13.565427780151367 2.59999942779541
      vertex 5 14.049999237060547 2.59999942779541
    endloop
  endfacet
  facet normal 0 0 1
    outer loop
      vertex 5 14.049999237060547 2.59999942779541
      vertex 1.5908565521240234 11.974571228027344 2.59999942779541
      vertex 5 11.25 2.59999942779541
    endloop
  endfacet
  facet normal 0 0 1
    outer loop
      vertex -1.5908565521240234 11.974571228027344 2.59999942779541
      vertex 5 11.25 2.59999942779541
      vertex 1.5908565521240234 11.974571228027344 2.59999942779541
    endloop
  endfacet
  facet normal 0 0 1
    outer loop
      vertex -1.5908565521240234 11.974571228027344 2.59999942779541
      vertex -5 11.25 2.59999942779541
      vertex 5 11.25 2.59999942779541
    endloop
  endfacet
  facet normal 0 0 1
    outer loop
      vertex -5 11.25 2.59999942779541
      vertex -1.5908565521240234 11.974571228027344 2.59999942779541
      vertex -5 14.049999237060547 2.59999942779541
    endloop
  endfacet
  facet normal 0 -1 0
    outer loop
      vertex -5 11.25 2.299999237060547
      vertex 5 11.25 2.59999942779541
      vertex -5 11.25 2.59999942779541
    endloop
  endfacet
  facet normal 0 -1 0
    outer loop
      vertex 5 11.25 2.59999942779541
      vertex -5 11.25 2.299999237060547
      vertex 5 11.25 2.299999237060547
    endloop
  endfacet
  facet normal -1 0 0
    outer loop
      vertex -5 11.25 2.299999237060547
      vertex -5 14.049999237060547 2.59999942779541
      vertex -5 14.049999237060547 2.299999237060547
    endloop
  endfacet
  facet normal -1 0 0
    outer loop
      vertex -5 14.049999237060547 2.59999942779541
      vertex -5 11.25 2.299999237060547
      vertex -5 11.25 2.59999942779541
    endloop
  endfacet
  facet normal 1 0 0
    outer loop
      vertex 5 11.25 2.59999942779541
      vertex 5 14.049999237060547 2.299999237060547
      vertex 5 14.049999237060547 2.59999942779541
    endloop
  endfacet
  facet normal 1 0 0
    outer loop
      vertex 5 14.049999237060547 2.299999237060547
      vertex 5 11.25 2.59999942779541
      vertex 5 11.25 2.299999237060547
    endloop
  endfacet
  facet normal 0 1 0
    outer loop
      vertex 5 14.049999237060547 2.299999237060547
      vertex -5 14.049999237060547 2.59999942779541
      vertex 5 14.049999237060547 2.59999942779541
    endloop
  endfacet
  facet normal 0 1 0
    outer loop
      vertex -5 14.049999237060547 2.59999942779541
      vertex 5 14.049999237060547 2.299999237060547
      vertex -5 14.049999237060547 2.299999237060547
    endloop
  endfacet
  facet normal 0 0 1
    outer loop
      vertex -11.25 5 2.59999942779541
      vertex -11.974571228027344 1.5908565521240234 2.59999942779541
      vertex -11.25 -5 2.59999942779541
    endloop
  endfacet
  facet normal 0 0 1
    outer loop
      vertex -14.049999237060547 5 2.59999942779541
      vertex -11.974571228027344 1.5908565521240234 2.59999942779541
      vertex -11.25 5 2.59999942779541
    endloop
  endfacet
  facet normal 0 0 1
    outer loop
      vertex -13.565427780151367 1.5908565521240234 2.59999942779541
      vertex -14.049999237060547 5 2.59999942779541
      vertex -13.565427780151367 -1.5908565521240234 2.59999942779541
    endloop
  endfacet
  facet normal 0 0 1
    outer loop
      vertex -11.974571228027344 1.5908565521240234 2.59999942779541
      vertex -14.049999237060547 5 2.59999942779541
      vertex -13.565427780151367 1.5908565521240234 2.59999942779541
    endloop
  endfacet
  facet normal 0 0 1
    outer loop
      vertex -11.974571228027344 -1.5908565521240234 2.59999942779541
      vertex -11.25 -5 2.59999942779541
      vertex -11.974571228027344 1.5908565521240234 2.59999942779541
    endloop
  endfacet
  facet normal 0 0 1
    outer loop
      vertex -14.049999237060547 -5 2.59999942779541
      vertex -11.974571228027344 -1.5908565521240234 2.59999942779541
      vertex -13.565427780151367 -1.5908565521240234 2.59999942779541
    endloop
  endfacet
  facet normal 0 0 1
    outer loop
      vertex -11.974571228027344 -1.5908565521240234 2.59999942779541
      vertex -14.049999237060547 -5 2.59999942779541
      vertex -11.25 -5 2.59999942779541
    endloop
  endfacet
  facet normal 0 0 1
    outer loop
      vertex -14.049999237060547 -5 2.59999942779541
      vertex -13.565427780151367 -1.5908565521240234 2.59999942779541
      vertex -14.049999237060547 5 2.59999942779541
    endloop
  endfacet
  facet normal 1 0 0
    outer loop
      vertex -11.25 -5 2.59999942779541
      vertex -11.25 5 2.299999237060547
      vertex -11.25 5 2.59999942779541
    endloop
  endfacet
  facet normal 1 0 0
    outer loop
      vertex -11.25 5 2.299999237060547
      vertex -11.25 -5 2.59999942779541
      vertex -11.25 -5 2.299999237060547
    endloop
  endfacet
  facet normal 0 -1 0
    outer loop
      vertex -14.049999237060547 -5 2.299999237060547
      vertex -11.25 -5 2.59999942779541
      vertex -14.049999237060547 -5 2.59999942779541
    endloop
  endfacet
  facet normal 0 -1 0
    outer loop
      vertex -11.25 -5 2.59999942779541
      vertex -14.049999237060547 -5 2.299999237060547
      vertex -11.25 -5 2.299999237060547
    endloop
  endfacet
  facet normal 0 1 0
    outer loop
      vertex -11.25 5 2.299999237060547
      vertex -14.049999237060547 5 2.59999942779541
      vertex -11.25 5 2.59999942779541
    endloop
  endfacet
  facet normal 0 1 0
    outer loop
      vertex -14.049999237060547 5 2.59999942779541
      vertex -11.25 5 2.299999237060547
      vertex -14.049999237060547 5 2.299999237060547
    endloop
  endfacet
  facet normal -1 0 0
    outer loop
      vertex -14.049999237060547 -5 2.299999237060547
      vertex -14.049999237060547 5 2.59999942779541
      vertex -14.049999237060547 5 2.299999237060547
    endloop
  endfacet
  facet normal -1 0 0
    outer loop
      vertex -14.049999237060547 5 2.59999942779541
      vertex -14.049999237060547 -5 2.299999237060547
      vertex -14.049999237060547 -5 2.59999942779541
    endloop
  endfacet
  facet normal 0 -1 0
    outer loop
      vertex -5 -14.049999237060547 2.299999237060547
      vertex 5 -14.049999237060547 2.59999942779541
      vertex -5 -14.049999237060547 2.59999942779541
    endloop
  endfacet
  facet normal 0 -1 0
    outer loop
      vertex 5 -14.049999237060547 2.59999942779541
      vertex -5 -14.049999237060547 2.299999237060547
      vertex 5 -14.049999237060547 2.299999237060547
    endloop
  endfacet
  facet normal 0 0 1
    outer loop
      vertex 5 -11.25 2.59999942779541
      vertex 1.5908565521240234 -11.974571228027344 2.59999942779541
      vertex 5 -14.049999237060547 2.59999942779541
    endloop
  endfacet
  facet normal 0 0 1
    outer loop
      vertex 5 -11.25 2.59999942779541
      vertex -1.5908565521240234 -11.974571228027344 2.59999942779541
      vertex 1.5908565521240234 -11.974571228027344 2.59999942779541
    endloop
  endfacet
  facet normal 0 0 1
    outer loop
      vertex -5 -14.049999237060547 2.59999942779541
      vertex -1.5908565521240234 -11.974571228027344 2.59999942779541
      vertex -5 -11.25 2.59999942779541
    endloop
  endfacet
  facet normal 0 0 1
    outer loop
      vertex -5 -11.25 2.59999942779541
      vertex -1.5908565521240234 -11.974571228027344 2.59999942779541
      vertex 5 -11.25 2.59999942779541
    endloop
  endfacet
  facet normal 0 0 1
    outer loop
      vertex 1.5908565521240234 -13.565427780151367 2.59999942779541
      vertex 5 -14.049999237060547 2.59999942779541
      vertex 1.5908565521240234 -11.974571228027344 2.59999942779541
    endloop
  endfacet
  facet normal 0 0 1
    outer loop
      vertex -1.5908565521240234 -13.565427780151367 2.59999942779541
      vertex 5 -14.049999237060547 2.59999942779541
      vertex 1.5908565521240234 -13.565427780151367 2.59999942779541
    endloop
  endfacet
  facet normal 0 0 1
    outer loop
      vertex -1.5908565521240234 -13.565427780151367 2.59999942779541
      vertex -5 -14.049999237060547 2.59999942779541
      vertex 5 -14.049999237060547 2.59999942779541
    endloop
  endfacet
  facet normal 0 0 1
    outer loop
      vertex -1.5908565521240234 -11.974571228027344 2.59999942779541
      vertex -5 -14.049999237060547 2.59999942779541
      vertex -1.5908565521240234 -13.565427780151367 2.59999942779541
    endloop
  endfacet
  facet normal 0 1 0
    outer loop
      vertex 5 -11.25 2.299999237060547
      vertex -5 -11.25 2.59999942779541
      vertex 5 -11.25 2.59999942779541
    endloop
  endfacet
  facet normal 0 1 0
    outer loop
      vertex -5 -11.25 2.59999942779541
      vertex 5 -11.25 2.299999237060547
      vertex -5 -11.25 2.299999237060547
    endloop
  endfacet
  facet normal 1 0 0
    outer loop
      vertex 5 -14.049999237060547 2.59999942779541
      vertex 5 -11.25 2.299999237060547
      vertex 5 -11.25 2.59999942779541
    endloop
  endfacet
  facet normal 1 0 0
    outer loop
      vertex 5 -11.25 2.299999237060547
      vertex 5 -14.049999237060547 2.59999942779541
      vertex 5 -14.049999237060547 2.299999237060547
    endloop
  endfacet
  facet normal -1 0 0
    outer loop
      vertex -5 -14.049999237060547 2.299999237060547
      vertex -5 -11.25 2.59999942779541
      vertex -5 -11.25 2.299999237060547
    endloop
  endfacet
  facet normal -1 0 0
    outer loop
      vertex -5 -11.25 2.59999942779541
      vertex -5 -14.049999237060547 2.299999237060547
      vertex -5 -14.049999237060547 2.59999942779541
    endloop
  endfacet
  facet normal 0 0.9995359223752575 0.030462105663325217
    outer loop
      vertex 13.565427780151367 1.5908565521240234 2.59999942779541
      vertex 12.001999855041504 1.5359992980957031 4.399999618530273
      vertex 13.537999153137207 1.5359992980957031 4.399999618530273
    endloop
  endfacet
  facet normal 0 0.9995359223752573 0.030462105663325214
    outer loop
      vertex 12.001999855041504 1.5359992980957031 4.399999618530273
      vertex 13.565427780151367 1.5908565521240234 2.59999942779541
      vertex 11.974571228027344 1.5908565521240234 2.59999942779541
    endloop
  endfacet
  facet normal 0 -0.9995359223752575 0.030462105663325217
    outer loop
      vertex 11.974571228027344 -1.5908565521240234 2.59999942779541
      vertex 13.537999153137207 -1.5359992980957031 4.399999618530273
      vertex 12.001999855041504 -1.5359992980957031 4.399999618530273
    endloop
  endfacet
  facet normal 0 -0.9995359223752573 0.030462105663325214
    outer loop
      vertex 13.537999153137207 -1.5359992980957031 4.399999618530273
      vertex 11.974571228027344 -1.5908565521240234 2.59999942779541
      vertex 13.565427780151367 -1.5908565521240234 2.59999942779541
    endloop
  endfacet
  facet normal -0.9998839199957757 0 0.015236355662731264
    outer loop
      vertex 11.974571228027344 1.5908565521240234 2.59999942779541
      vertex 12.001999855041504 -1.5359992980957031 4.399999618530273
      vertex 12.001999855041504 1.5359992980957031 4.399999618530273
    endloop
  endfacet
  facet normal -0.9998839199957757 0 0.015236355662731262
    outer loop
      vertex 12.001999855041504 -1.5359992980957031 4.399999618530273
      vertex 11.974571228027344 1.5908565521240234 2.59999942779541
      vertex 11.974571228027344 -1.5908565521240234 2.59999942779541
    endloop
  endfacet
  facet normal 0 0 1
    outer loop
      vertex 12.001999855041504 1.5359992980957031 4.399999618530273
      vertex 13.537999153137207 -1.5359992980957031 4.399999618530273
      vertex 13.537999153137207 1.5359992980957031 4.399999618530273
    endloop
  endfacet
  facet normal 0 0 1
    outer loop
      vertex 13.537999153137207 -1.5359992980957031 4.399999618530273
      vertex 12.001999855041504 1.5359992980957031 4.399999618530273
      vertex 12.001999855041504 -1.5359992980957031 4.399999618530273
    endloop
  endfacet
  facet normal 0.9998839199957757 0 0.015236355662731264
    outer loop
      vertex 13.537999153137207 -1.5359992980957031 4.399999618530273
      vertex 13.565427780151367 1.5908565521240234 2.59999942779541
      vertex 13.537999153137207 1.5359992980957031 4.399999618530273
    endloop
  endfacet
  facet normal 0.9998839199957757 0 0.015236355662731262
    outer loop
      vertex 13.565427780151367 1.5908565521240234 2.59999942779541
      vertex 13.537999153137207 -1.5359992980957031 4.399999618530273
      vertex 13.565427780151367 -1.5908565521240234 2.59999942779541
    endloop
  endfacet
  facet normal -0.9995359223752575 0 0.030462105663325217
    outer loop
      vertex -1.5908565521240234 13.565427780151367 2.59999942779541
      vertex -1.5359992980957031 12.001999855041504 4.399999618530273
      vertex -1.5359992980957031 13.537999153137207 4.399999618530273
    endloop
  endfacet
  facet normal -0.9995359223752573 0 0.030462105663325214
    outer loop
      vertex -1.5359992980957031 12.001999855041504 4.399999618530273
      vertex -1.5908565521240234 13.565427780151367 2.59999942779541
      vertex -1.5908565521240234 11.974571228027344 2.59999942779541
    endloop
  endfacet
  facet normal 0 0 1
    outer loop
      vertex -1.5359992980957031 13.537999153137207 4.399999618530273
      vertex 1.5359992980957031 12.001999855041504 4.399999618530273
      vertex 1.5359992980957031 13.537999153137207 4.399999618530273
    endloop
  endfacet
  facet normal 0 0 1
    outer loop
      vertex 1.5359992980957031 12.001999855041504 4.399999618530273
      vertex -1.5359992980957031 13.537999153137207 4.399999618530273
      vertex -1.5359992980957031 12.001999855041504 4.399999618530273
    endloop
  endfacet
  facet normal 0.9995359223752575 0 0.030462105663325217
    outer loop
      vertex 1.5359992980957031 12.001999855041504 4.399999618530273
      vertex 1.5908565521240234 13.565427780151367 2.59999942779541
      vertex 1.5359992980957031 13.537999153137207 4.399999618530273
    endloop
  endfacet
  facet normal 0.9995359223752573 0 0.030462105663325214
    outer loop
      vertex 1.5908565521240234 13.565427780151367 2.59999942779541
      vertex 1.5359992980957031 12.001999855041504 4.399999618530273
      vertex 1.5908565521240234 11.974571228027344 2.59999942779541
    endloop
  endfacet
  facet normal 0 0.9998839199957757 0.015236355662731264
    outer loop
      vertex 1.5908565521240234 13.565427780151367 2.59999942779541
      vertex -1.5359992980957031 13.537999153137207 4.399999618530273
      vertex 1.5359992980957031 13.537999153137207 4.399999618530273
    endloop
  endfacet
  facet normal 0 0.9998839199957757 0.015236355662731262
    outer loop
      vertex -1.5359992980957031 13.537999153137207 4.399999618530273
      vertex 1.5908565521240234 13.565427780151367 2.59999942779541
      vertex -1.5908565521240234 13.565427780151367 2.59999942779541
    endloop
  endfacet
  facet normal 0 -0.9998839199957757 0.015236355662731264
    outer loop
      vertex -1.5908565521240234 11.974571228027344 2.59999942779541
      vertex 1.5359992980957031 12.001999855041504 4.399999618530273
      vertex -1.5359992980957031 12.001999855041504 4.399999618530273
    endloop
  endfacet
  facet normal 0 -0.9998839199957757 0.015236355662731262
    outer loop
      vertex 1.5359992980957031 12.001999855041504 4.399999618530273
      vertex -1.5908565521240234 11.974571228027344 2.59999942779541
      vertex 1.5908565521240234 11.974571228027344 2.59999942779541
    endloop
  endfacet
  facet normal 0 -0.9995359223752575 0.030462105663325217
    outer loop
      vertex -13.565427780151367 -1.5908565521240234 2.59999942779541
      vertex -12.001999855041504 -1.5359992980957031 4.399999618530273
      vertex -13.537999153137207 -1.5359992980957031 4.399999618530273
    endloop
  endfacet
  facet normal 0 -0.9995359223752573 0.030462105663325214
    outer loop
      vertex -12.001999855041504 -1.5359992980957031 4.399999618530273
      vertex -13.565427780151367 -1.5908565521240234 2.59999942779541
      vertex -11.974571228027344 -1.5908565521240234 2.59999942779541
    endloop
  endfacet
  facet normal 0 0 1
    outer loop
      vertex -13.537999153137207 1.5359992980957031 4.399999618530273
      vertex -12.001999855041504 -1.5359992980957031 4.399999618530273
      vertex -12.001999855041504 1.5359992980957031 4.399999618530273
    endloop
  endfacet
  facet normal 0 0 1
    outer loop
      vertex -12.001999855041504 -1.5359992980957031 4.399999618530273
      vertex -13.537999153137207 1.5359992980957031 4.399999618530273
      vertex -13.537999153137207 -1.5359992980957031 4.399999618530273
    endloop
  endfacet
  facet normal 0 0.9995359223752575 0.030462105663325217
    outer loop
      vertex -11.974571228027344 1.5908565521240234 2.59999942779541
      vertex -13.537999153137207 1.5359992980957031 4.399999618530273
      vertex -12.001999855041504 1.5359992980957031 4.399999618530273
    endloop
  endfacet
  facet normal 0 0.9995359223752573 0.030462105663325214
    outer loop
      vertex -13.537999153137207 1.5359992980957031 4.399999618530273
      vertex -11.974571228027344 1.5908565521240234 2.59999942779541
      vertex -13.565427780151367 1.5908565521240234 2.59999942779541
    endloop
  endfacet
  facet normal -0.9998839199957757 0 0.015236355662731264
    outer loop
      vertex -13.565427780151367 1.5908565521240234 2.59999942779541
      vertex -13.537999153137207 -1.5359992980957031 4.399999618530273
      vertex -13.537999153137207 1.5359992980957031 4.399999618530273
    endloop
  endfacet
  facet normal -0.9998839199957757 0 0.015236355662731262
    outer loop
      vertex -13.537999153137207 -1.5359992980957031 4.399999618530273
      vertex -13.565427780151367 1.5908565521240234 2.59999942779541
      vertex -13.565427780151367 -1.5908565521240234 2.59999942779541
    endloop
  endfacet
  facet normal 0.9998839199957757 0 0.015236355662731264
    outer loop
      vertex -12.001999855041504 -1.5359992980957031 4.399999618530273
      vertex -11.974571228027344 1.5908565521240234 2.59999942779541
      vertex -12.001999855041504 1.5359992980957031 4.399999618530273
    endloop
  endfacet
  facet normal 0.9998839199957757 0 0.015236355662731262
    outer loop
      vertex -11.974571228027344 1.5908565521240234 2.59999942779541
      vertex -12.001999855041504 -1.5359992980957031 4.399999618530273
      vertex -11.974571228027344 -1.5908565521240234 2.59999942779541
    endloop
  endfacet
  facet normal 0.9995359223752575 0 0.030462105663325217
    outer loop
      vertex 1.5359992980957031 -13.537999153137207 4.399999618530273
      vertex 1.5908565521240234 -11.974571228027344 2.59999942779541
      vertex 1.5359992980957031 -12.001999855041504 4.399999618530273
    endloop
  endfacet
  facet normal 0.9995359223752573 0 0.030462105663325214
    outer loop
      vertex 1.5908565521240234 -11.974571228027344 2.59999942779541
      vertex 1.5359992980957031 -13.537999153137207 4.399999618530273
      vertex 1.5908565521240234 -13.565427780151367 2.59999942779541
    endloop
  endfacet
  facet normal -0.9995359223752575 0 0.030462105663325217
    outer loop
      vertex -1.5908565521240234 -11.974571228027344 2.59999942779541
      vertex -1.5359992980957031 -13.537999153137207 4.399999618530273
      vertex -1.5359992980957031 -12.001999855041504 4.399999618530273
    endloop
  endfacet
  facet normal -0.9995359223752573 0 0.030462105663325214
    outer loop
      vertex -1.5359992980957031 -13.537999153137207 4.399999618530273
      vertex -1.5908565521240234 -11.974571228027344 2.59999942779541
      vertex -1.5908565521240234 -13.565427780151367 2.59999942779541
    endloop
  endfacet
  facet normal 0 -0.9998839199957757 0.015236355662731264
    outer loop
      vertex -1.5908565521240234 -13.565427780151367 2.59999942779541
      vertex 1.5359992980957031 -13.537999153137207 4.399999618530273
      vertex -1.5359992980957031 -13.537999153137207 4.399999618530273
    endloop
  endfacet
  facet normal 0 -0.9998839199957757 0.015236355662731262
    outer loop
      vertex 1.5359992980957031 -13.537999153137207 4.399999618530273
      vertex -1.5908565521240234 -13.565427780151367 2.59999942779541
      vertex 1.5908565521240234 -13.565427780151367 2.59999942779541
    endloop
  endfacet
  facet normal 0 0.9998839199957757 0.015236355662731264
    outer loop
      vertex 1.5908565521240234 -11.974571228027344 2.59999942779541
      vertex -1.5359992980957031 -12.001999855041504 4.399999618530273
      vertex 1.5359992980957031 -12.001999855041504 4.399999618530273
    endloop
  endfacet
  facet normal 0 0.9998839199957757 0.015236355662731262
    outer loop
      vertex -1.5359992980957031 -12.001999855041504 4.399999618530273
      vertex 1.5908565521240234 -11.974571228027344 2.59999942779541
      vertex -1.5908565521240234 -11.974571228027344 2.59999942779541
    endloop
  endfacet
  facet normal 0 0 1
    outer loop
      vertex -1.5359992980957031 -12.001999855041504 4.399999618530273
      vertex 1.5359992980957031 -13.537999153137207 4.399999618530273
      vertex 1.5359992980957031 -12.001999855041504 4.399999618530273
    endloop
  endfacet
  facet normal 0 0 1
    outer loop
      vertex 1.5359992980957031 -13.537999153137207 4.399999618530273
      vertex -1.5359992980957031 -12.001999855041504 4.399999618530273
      vertex -1.5359992980957031 -13.537999153137207 4.399999618530273
    endloop
  endfacet
  facet normal 0 0 1
    outer loop
      vertex 10.311534881591797 10.5 1.5999994277954102
      vertex 10.5 10.175798416137695 1.5999994277954102
      vertex 10.5 10.5 1.5999994277954102
    endloop
  endfacet
  facet normal 0 0 1
    outer loop
      vertex 10.5 10.175798416137695 1.5999994277954102
      vertex 10.311534881591797 10.5 1.5999994277954102
      vertex 10.125 10.392304420471191 1.5999994277954102
    endloop
  endfacet
  facet normal 0 0 0
    outer loop
      vertex 6.329140663146973 10.5 1.5999994277954102
      vertex 6.329141139984131 10.5 1.5999994277954102
      vertex 7.688467025756836 10.5 1.5999994277954102
    endloop
  endfacet
  facet normal 0 0 0
    outer loop
      vertex 6.329140663146973 10.5 1.5999994277954102
      vertex 7.688467025756836 10.5 1.5999994277954102
      vertex 7.6884660720825195 10.5 1.5999994277954102
    endloop
  endfacet
  facet normal 0 0 1
    outer loop
      vertex 9 9.742785453796387 1.5999994277954102
      vertex 9.686245918273926 8.839951515197754 1.5999994277954102
      vertex 10.125 9.093266487121582 1.5999994277954102
    endloop
  endfacet
  facet normal 0 0 1
    outer loop
      vertex 9.686245918273926 8.839951515197754 1.5999994277954102
      vertex 9 9.742785453796387 1.5999994277954102
      vertex 8.862688064575195 9.663508415222168 1.5999994277954102
    endloop
  endfacet
  facet normal 0 0 1
    outer loop
      vertex 7.688467025756836 10.5 1.5999994277954102
      vertex 6.329141139984131 10.5 1.5999994277954102
      vertex 6.963240146636963 9.865900993347168 1.5999994277954102
    endloop
  endfacet
  facet normal 0 0 1
    outer loop
      vertex 9.686245918273926 8.839951515197754 1.5999994277954102
      vertex 10.5 8.010734558105469 1.5999994277954102
      vertex 10.5 8.02619743347168 1.5999994277954102
    endloop
  endfacet
  facet normal 0 0 1
    outer loop
      vertex 10.5 8.010734558105469 1.5999994277954102
      vertex 9.686245918273926 8.839951515197754 1.5999994277954102
      vertex 10.5 7.57772159576416 1.5999994277954102
    endloop
  endfacet
  facet normal 0 0 1
    outer loop
      vertex 10.5 7.57772159576416 1.5999994277954102
      vertex 10.124999046325684 6.495190143585205 1.5999994277954102
      vertex 10.5 6.046298980712891 1.5999994277954102
    endloop
  endfacet
  facet normal 0 0 1
    outer loop
      vertex 10.5 7.57772159576416 1.5999994277954102
      vertex 9.950170516967773 6.596127510070801 1.5999994277954102
      vertex 10.124999046325684 6.495190143585205 1.5999994277954102
    endloop
  endfacet
  facet normal 0 0 1
    outer loop
      vertex 10.5 7.57772159576416 1.5999994277954102
      vertex 9.686245918273926 8.839951515197754 1.5999994277954102
      vertex 9.950170516967773 6.596127510070801 1.5999994277954102
    endloop
  endfacet
  facet normal 0 0 1
    outer loop
      vertex 6.783925533294678 9.762372970581055 1.5999994277954102
      vertex 9.686245918273926 8.839951515197754 1.5999994277954102
      vertex 8.862688064575195 9.663508415222168 1.5999994277954102
    endloop
  endfacet
  facet normal 0 0 1
    outer loop
      vertex 6.963240146636963 9.865900993347168 1.5999994277954102
      vertex 8.862688064575195 9.663508415222168 1.5999994277954102
      vertex 8.02619743347168 10.5 1.5999994277954102
    endloop
  endfacet
  facet normal 0 0 1
    outer loop
      vertex 6.963240146636963 9.865900993347168 1.5999994277954102
      vertex 8.02619743347168 10.5 1.5999994277954102
      vertex 7.688467025756836 10.5 1.5999994277954102
    endloop
  endfacet
  facet normal 0 0 1
    outer loop
      vertex 6.783925533294678 9.762372970581055 1.5999994277954102
      vertex 8.862688064575195 9.663508415222168 1.5999994277954102
      vertex 6.963240146636963 9.865900993347168 1.5999994277954102
    endloop
  endfacet
  facet normal 0 0 1
    outer loop
      vertex 9.686245918273926 8.839951515197754 1.5999994277954102
      vertex 6.783925533294678 9.762372970581055 1.5999994277954102
      vertex 9.950170516967773 6.596127510070801 1.5999994277954102
    endloop
  endfacet
  facet normal 0 0 1
    outer loop
      vertex 10.5 6.046298980712891 1.5999994277954102
      vertex 10.124999046325684 6.495190143585205 1.5999994277954102
      vertex 10.078154563903809 6.468143939971924 1.5999994277954102
    endloop
  endfacet
  facet normal 1 0 0
    outer loop
      vertex 10.217156410217285 8.309040069580078 4.299999713897705
      vertex 10.217156410217285 8.591882705688477 3.59999942779541
      vertex 10.217156410217285 8.591882705688477 4.199999809265137
    endloop
  endfacet
  facet normal 1 0 0
    outer loop
      vertex 10.217156410217285 8.591882705688477 3.59999942779541
      vertex 10.217156410217285 8.309040069580078 4.299999713897705
      vertex 10.217156410217285 8.309040069580078 3.3999996185302734
    endloop
  endfacet
  facet normal 0 1 0
    outer loop
      vertex 8.591882705688477 10.217156410217285 3.59999942779541
      vertex 8.309040069580078 10.217156410217285 4.299999713897705
      vertex 8.591882705688477 10.217156410217285 4.199999809265137
    endloop
  endfacet
  facet normal 0 1 0
    outer loop
      vertex 8.309040069580078 10.217156410217285 4.299999713897705
      vertex 8.591882705688477 10.217156410217285 3.59999942779541
      vertex 8.309040069580078 10.217156410217285 3.3999996185302734
    endloop
  endfacet
  facet normal 0.7071067811865475 0.7071067811865475 0
    outer loop
      vertex 10.217156410217285 8.591882705688477 4.199999809265137
      vertex 8.591882705688477 10.217156410217285 3.59999942779541
      vertex 8.591882705688477 10.217156410217285 4.199999809265137
    endloop
  endfacet
  facet normal 0.7071067811865475 0.7071067811865475 0
    outer loop
      vertex 8.591882705688477 10.217156410217285 3.59999942779541
      vertex 10.217156410217285 8.591882705688477 4.199999809265137
      vertex 10.217156410217285 8.591882705688477 3.59999942779541
    endloop
  endfacet
  facet normal 0.49999982908012763 0.49999982908012763 -0.7071070229036664
    outer loop
      vertex 10.217156410217285 8.309040069580078 3.3999996185302734
      vertex 8.591882705688477 10.217156410217285 3.59999942779541
      vertex 10.217156410217285 8.591882705688477 3.59999942779541
    endloop
  endfacet
  facet normal 0.4999998290801276 0.4999998290801276 -0.7071070229036664
    outer loop
      vertex 8.591882705688477 10.217156410217285 3.59999942779541
      vertex 10.217156410217285 8.309040069580078 3.3999996185302734
      vertex 8.309040069580078 10.217156410217285 3.3999996185302734
    endloop
  endfacet
  facet normal 0 -1 0
    outer loop
      vertex 6.329140663146973 10.5 0
      vertex 6.329141139984131 10.5 1.5999994277954102
      vertex 6.329140663146973 10.5 1.5999994277954102
    endloop
  endfacet
  facet normal -0.7071067811865318 -0.7071067811865318 2.1073431791893043e-7
    outer loop
      vertex 6.329141139984131 10.5 1.5999994277954102
      vertex 6.329140663146973 10.5 0
      vertex 6.963240146636963 9.865900993347168 1.5999994277954102
    endloop
  endfacet
  facet normal -0.7071065153174 -0.7071070470555951 0
    outer loop
      vertex 6.963240146636963 9.865900993347168 1.5999994277954102
      vertex 6.329140663146973 10.5 0
      vertex 6.963240146636963 9.865900993347168 0
    endloop
  endfacet
  facet normal 0.316227593058141 0.316227593058141 0.8944273133001415
    outer loop
      vertex 8.591882705688477 10.217156410217285 4.199999809265137
      vertex 10.217156410217285 8.309040069580078 4.299999713897705
      vertex 10.217156410217285 8.591882705688477 4.199999809265137
    endloop
  endfacet
  facet normal 0.316227593058141 0.316227593058141 0.8944273133001415
    outer loop
      vertex 10.217156410217285 8.309040069580078 4.299999713897705
      vertex 8.591882705688477 10.217156410217285 4.199999809265137
      vertex 8.309040069580078 10.217156410217285 4.299999713897705
    endloop
  endfacet
  facet normal 0 0 1
    outer loop
      vertex -10.5 10.175798416137695 1.5999994277954102
      vertex -10.311534881591797 10.5 1.5999994277954102
      vertex -10.5 10.5 1.5999994277954102
    endloop
  endfacet
  facet normal 0 0 1
    outer loop
      vertex -10.311534881591797 10.5 1.5999994277954102
      vertex -10.5 10.175798416137695 1.5999994277954102
      vertex -10.125 10.392304420471191 1.5999994277954102
    endloop
  endfacet
  facet normal 0 0 0
    outer loop
      vertex -7.688467025756836 10.5 1.5999994277954102
      vertex -6.329141139984131 10.5 1.5999994277954102
      vertex -6.329140663146973 10.5 1.5999994277954102
    endloop
  endfacet
  facet normal 0 0 0
    outer loop
      vertex -7.688466548919678 10.5 1.5999994277954102
      vertex -7.688467025756836 10.5 1.5999994277954102
      vertex -6.329140663146973 10.5 1.5999994277954102
    endloop
  endfacet
  facet normal 0 0 1
    outer loop
      vertex -9 9.742785453796387 1.5999994277954102
      vertex -9.686245918273926 8.839951515197754 1.5999994277954102
      vertex -8.862688064575195 9.663508415222168 1.5999994277954102
    endloop
  endfacet
  facet normal 0 0 1
    outer loop
      vertex -9.686245918273926 8.839951515197754 1.5999994277954102
      vertex -9 9.742785453796387 1.5999994277954102
      vertex -10.125 9.093266487121582 1.5999994277954102
    endloop
  endfacet
  facet normal 0 0 1
    outer loop
      vertex -6.329141139984131 10.5 1.5999994277954102
      vertex -7.688467025756836 10.5 1.5999994277954102
      vertex -6.963240146636963 9.865900993347168 1.5999994277954102
    endloop
  endfacet
  facet normal 0 0 1
    outer loop
      vertex -8.02619743347168 10.5 1.5999994277954102
      vertex -6.963240146636963 9.865900993347168 1.5999994277954102
      vertex -7.688467025756836 10.5 1.5999994277954102
    endloop
  endfacet
  facet normal 0 0 1
    outer loop
      vertex -8.862688064575195 9.663508415222168 1.5999994277954102
      vertex -6.963240146636963 9.865900993347168 1.5999994277954102
      vertex -8.02619743347168 10.5 1.5999994277954102
    endloop
  endfacet
  facet normal 0 0 1
    outer loop
      vertex -8.862688064575195 9.663508415222168 1.5999994277954102
      vertex -6.783925533294678 9.762372970581055 1.5999994277954102
      vertex -6.963240146636963 9.865900993347168 1.5999994277954102
    endloop
  endfacet
  facet normal 0 0 1
    outer loop
      vertex -9.686245918273926 8.839951515197754 1.5999994277954102
      vertex -6.783925533294678 9.762372970581055 1.5999994277954102
      vertex -8.862688064575195 9.663508415222168 1.5999994277954102
    endloop
  endfacet
  facet normal 0 0 1
    outer loop
      vertex -9.686245918273926 8.839951515197754 1.5999994277954102
      vertex -9.950170516967773 6.596127510070801 1.5999994277954102
      vertex -6.783925533294678 9.762372970581055 1.5999994277954102
    endloop
  endfacet
  facet normal 0 0 1
    outer loop
      vertex -10.5 7.57772159576416 1.5999994277954102
      vertex -9.950170516967773 6.596127510070801 1.5999994277954102
      vertex -9.686245918273926 8.839951515197754 1.5999994277954102
    endloop
  endfacet
  facet normal 0 0 1
    outer loop
      vertex -10.5 8.010734558105469 1.5999994277954102
      vertex -9.686245918273926 8.839951515197754 1.5999994277954102
      vertex -10.5 8.02619743347168 1.5999994277954102
    endloop
  endfacet
  facet normal 0 0 1
    outer loop
      vertex -10.5 7.57772159576416 1.5999994277954102
      vertex -9.686245918273926 8.839951515197754 1.5999994277954102
      vertex -10.5 8.010734558105469 1.5999994277954102
    endloop
  endfacet
  facet normal 0 0 1
    outer loop
      vertex -9.950170516967773 6.596127510070801 1.5999994277954102
      vertex -10.5 7.57772159576416 1.5999994277954102
      vertex -10.124999046325684 6.495190143585205 1.5999994277954102
    endloop
  endfacet
  facet normal 0 0 1
    outer loop
      vertex -10.124999046325684 6.495190143585205 1.5999994277954102
      vertex -10.5 6.046298980712891 1.5999994277954102
      vertex -10.078154563903809 6.468143939971924 1.5999994277954102
    endloop
  endfacet
  facet normal 0 0 1
    outer loop
      vertex -10.5 6.046298980712891 1.5999994277954102
      vertex -10.124999046325684 6.495190143585205 1.5999994277954102
      vertex -10.5 7.57772159576416 1.5999994277954102
    endloop
  endfacet
  facet normal 0 1 0
    outer loop
      vertex -8.309040069580078 10.217156410217285 4.299999713897705
      vertex -8.591882705688477 10.217156410217285 3.59999942779541
      vertex -8.591882705688477 10.217156410217285 4.199999809265137
    endloop
  endfacet
  facet normal 0 1 0
    outer loop
      vertex -8.591882705688477 10.217156410217285 3.59999942779541
      vertex -8.309040069580078 10.217156410217285 4.299999713897705
      vertex -8.309040069580078 10.217156410217285 3.3999996185302734
    endloop
  endfacet
  facet normal -1 0 0
    outer loop
      vertex -10.217156410217285 8.309040069580078 4.299999713897705
      vertex -10.217156410217285 8.591882705688477 3.59999942779541
      vertex -10.217156410217285 8.309040069580078 3.3999996185302734
    endloop
  endfacet
  facet normal -1 0 0
    outer loop
      vertex -10.217156410217285 8.591882705688477 3.59999942779541
      vertex -10.217156410217285 8.309040069580078 4.299999713897705
      vertex -10.217156410217285 8.591882705688477 4.199999809265137
    endloop
  endfacet
  facet normal -0.7071067811865475 0.7071067811865475 0
    outer loop
      vertex -10.217156410217285 8.591882705688477 3.59999942779541
      vertex -8.591882705688477 10.217156410217285 4.199999809265137
      vertex -8.591882705688477 10.217156410217285 3.59999942779541
    endloop
  endfacet
  facet normal -0.7071067811865475 0.7071067811865475 0
    outer loop
      vertex -8.591882705688477 10.217156410217285 4.199999809265137
      vertex -10.217156410217285 8.591882705688477 3.59999942779541
      vertex -10.217156410217285 8.591882705688477 4.199999809265137
    endloop
  endfacet
  facet normal -0.4999998290801276 0.4999998290801276 -0.7071070229036664
    outer loop
      vertex -10.217156410217285 8.309040069580078 3.3999996185302734
      vertex -8.591882705688477 10.217156410217285 3.59999942779541
      vertex -8.309040069580078 10.217156410217285 3.3999996185302734
    endloop
  endfacet
  facet normal -0.49999982908012763 0.49999982908012763 -0.7071070229036664
    outer loop
      vertex -8.591882705688477 10.217156410217285 3.59999942779541
      vertex -10.217156410217285 8.309040069580078 3.3999996185302734
      vertex -10.217156410217285 8.591882705688477 3.59999942779541
    endloop
  endfacet
  facet normal 0.7071067811865476 -0.7071067811865476 0
    outer loop
      vertex -6.963240146636963 9.865900993347168 0
      vertex -6.329141139984131 10.5 1.5999994277954102
      vertex -6.963240146636963 9.865900993347168 1.5999994277954102
    endloop
  endfacet
  facet normal 0.7071065153173843 -0.7071070470555795 2.1073423868372164e-7
    outer loop
      vertex -6.329140663146973 10.5 0
      vertex -6.329141139984131 10.5 1.5999994277954102
      vertex -6.963240146636963 9.865900993347168 0
    endloop
  endfacet
  facet normal 0 -1 0
    outer loop
      vertex -6.329141139984131 10.5 1.5999994277954102
      vertex -6.329140663146973 10.5 0
      vertex -6.329140663146973 10.5 1.5999994277954102
    endloop
  endfacet
  facet normal -0.316227593058141 0.316227593058141 0.8944273133001415
    outer loop
      vertex -10.217156410217285 8.591882705688477 4.199999809265137
      vertex -8.309040069580078 10.217156410217285 4.299999713897705
      vertex -8.591882705688477 10.217156410217285 4.199999809265137
    endloop
  endfacet
  facet normal -0.316227593058141 0.316227593058141 0.8944273133001415
    outer loop
      vertex -8.309040069580078 10.217156410217285 4.299999713897705
      vertex -10.217156410217285 8.591882705688477 4.199999809265137
      vertex -10.217156410217285 8.309040069580078 4.299999713897705
    endloop
  endfacet
  facet normal 0 0 1
    outer loop
      vertex -10.5 -10.175797462463379 1.5999994277954102
      vertex -10.311534881591797 -10.5 1.5999994277954102
      vertex -10.125 -10.392304420471191 1.5999994277954102
    endloop
  endfacet
  facet normal 0 0 1
    outer loop
      vertex -10.311534881591797 -10.5 1.5999994277954102
      vertex -10.5 -10.175797462463379 1.5999994277954102
      vertex -10.5 -10.5 1.5999994277954102
    endloop
  endfacet
  facet normal 0 0 0
    outer loop
      vertex -7.688467025756836 -10.5 1.5999994277954102
      vertex -7.6884660720825195 -10.5 1.5999994277954102
      vertex -6.329140663146973 -10.5 1.5999994277954102
    endloop
  endfacet
  facet normal 0 0 0
    outer loop
      vertex -6.329140663146973 -10.5 1.5999994277954102
      vertex -6.329141139984131 -10.5 1.5999994277954102
      vertex -7.688467025756836 -10.5 1.5999994277954102
    endloop
  endfacet
  facet normal 0 0 1
    outer loop
      vertex -9.686245918273926 -8.839951515197754 1.5999994277954102
      vertex -9 -9.742785453796387 1.5999994277954102
      vertex -8.862688064575195 -9.663508415222168 1.5999994277954102
    endloop
  endfacet
  facet normal 0 0 1
    outer loop
      vertex -9 -9.742785453796387 1.5999994277954102
      vertex -9.686245918273926 -8.839951515197754 1.5999994277954102
      vertex -10.125 -9.093266487121582 1.5999994277954102
    endloop
  endfacet
  facet normal 0 0 1
    outer loop
      vertex -10.078154563903809 -6.468143939971924 1.5999994277954102
      vertex -10.5 -6.046298980712891 1.5999994277954102
      vertex -10.124999046325684 -6.495190143585205 1.5999994277954102
    endloop
  endfacet
  facet normal 0 0 1
    outer loop
      vertex -6.963240146636963 -9.865900993347168 1.5999994277954102
      vertex -8.02619743347168 -10.5 1.5999994277954102
      vertex -7.688467025756836 -10.5 1.5999994277954102
    endloop
  endfacet
  facet normal 0 0 1
    outer loop
      vertex -6.963240146636963 -9.865900993347168 1.5999994277954102
      vertex -8.862688064575195 -9.663508415222168 1.5999994277954102
      vertex -8.02619743347168 -10.5 1.5999994277954102
    endloop
  endfacet
  facet normal 0 0 1
    outer loop
      vertex -6.783925533294678 -9.762372970581055 1.5999994277954102
      vertex -8.862688064575195 -9.663508415222168 1.5999994277954102
      vertex -6.963240146636963 -9.865900993347168 1.5999994277954102
    endloop
  endfacet
  facet normal 0 0 1
    outer loop
      vertex -6.783925533294678 -9.762372970581055 1.5999994277954102
      vertex -9.686245918273926 -8.839951515197754 1.5999994277954102
      vertex -8.862688064575195 -9.663508415222168 1.5999994277954102
    endloop
  endfacet
  facet normal 0 0 1
    outer loop
      vertex -9.950170516967773 -6.596127510070801 1.5999994277954102
      vertex -9.686245918273926 -8.839951515197754 1.5999994277954102
      vertex -6.783925533294678 -9.762372970581055 1.5999994277954102
    endloop
  endfacet
  facet normal 0 0 1
    outer loop
      vertex -10.5 -7.57772159576416 1.5999994277954102
      vertex -9.950170516967773 -6.596127510070801 1.5999994277954102
      vertex -10.124999046325684 -6.495190143585205 1.5999994277954102
    endloop
  endfacet
  facet normal 0 0 1
    outer loop
      vertex -10.5 -7.57772159576416 1.5999994277954102
      vertex -10.124999046325684 -6.495190143585205 1.5999994277954102
      vertex -10.5 -6.046298980712891 1.5999994277954102
    endloop
  endfacet
  facet normal 0 0 1
    outer loop
      vertex -9.950170516967773 -6.596127510070801 1.5999994277954102
      vertex -10.5 -7.57772159576416 1.5999994277954102
      vertex -9.686245918273926 -8.839951515197754 1.5999994277954102
    endloop
  endfacet
  facet normal 0 0 1
    outer loop
      vertex -10.5 -8.010734558105469 1.5999994277954102
      vertex -9.686245918273926 -8.839951515197754 1.5999994277954102
      vertex -10.5 -7.57772159576416 1.5999994277954102
    endloop
  endfacet
  facet normal 0 0 1
    outer loop
      vertex -9.686245918273926 -8.839951515197754 1.5999994277954102
      vertex -10.5 -8.010734558105469 1.5999994277954102
      vertex -10.5 -8.02619743347168 1.5999994277954102
    endloop
  endfacet
  facet normal 0 0 1
    outer loop
      vertex -6.329141139984131 -10.5 1.5999994277954102
      vertex -6.963240146636963 -9.865900993347168 1.5999994277954102
      vertex -7.688467025756836 -10.5 1.5999994277954102
    endloop
  endfacet
  facet normal -1 0 0
    outer loop
      vertex -10.217156410217285 -8.591882705688477 3.59999942779541
      vertex -10.217156410217285 -8.309040069580078 4.299999713897705
      vertex -10.217156410217285 -8.309040069580078 3.3999996185302734
    endloop
  endfacet
  facet normal -1 0 0
    outer loop
      vertex -10.217156410217285 -8.309040069580078 4.299999713897705
      vertex -10.217156410217285 -8.591882705688477 3.59999942779541
      vertex -10.217156410217285 -8.591882705688477 4.199999809265137
    endloop
  endfacet
  facet normal 0 -1 0
    outer loop
      vertex -8.591882705688477 -10.217156410217285 3.59999942779541
      vertex -8.309040069580078 -10.217156410217285 4.299999713897705
      vertex -8.591882705688477 -10.217156410217285 4.199999809265137
    endloop
  endfacet
  facet normal 0 -1 0
    outer loop
      vertex -8.309040069580078 -10.217156410217285 4.299999713897705
      vertex -8.591882705688477 -10.217156410217285 3.59999942779541
      vertex -8.309040069580078 -10.217156410217285 3.3999996185302734
    endloop
  endfacet
  facet normal -0.7071067811865475 -0.7071067811865475 0
    outer loop
      vertex -8.591882705688477 -10.217156410217285 3.59999942779541
      vertex -10.217156410217285 -8.591882705688477 4.199999809265137
      vertex -10.217156410217285 -8.591882705688477 3.59999942779541
    endloop
  endfacet
  facet normal -0.7071067811865475 -0.7071067811865475 0
    outer loop
      vertex -10.217156410217285 -8.591882705688477 4.199999809265137
      vertex -8.591882705688477 -10.217156410217285 3.59999942779541
      vertex -8.591882705688477 -10.217156410217285 4.199999809265137
    endloop
  endfacet
  facet normal -0.49999982908012763 -0.49999982908012763 -0.7071070229036664
    outer loop
      vertex -10.217156410217285 -8.591882705688477 3.59999942779541
      vertex -8.309040069580078 -10.217156410217285 3.3999996185302734
      vertex -8.591882705688477 -10.217156410217285 3.59999942779541
    endloop
  endfacet
  facet normal -0.4999998290801276 -0.4999998290801276 -0.7071070229036664
    outer loop
      vertex -8.309040069580078 -10.217156410217285 3.3999996185302734
      vertex -10.217156410217285 -8.591882705688477 3.59999942779541
      vertex -10.217156410217285 -8.309040069580078 3.3999996185302734
    endloop
  endfacet
  facet normal 0 1 0
    outer loop
      vertex -6.329140663146973 -10.5 0
      vertex -6.329141139984131 -10.5 1.5999994277954102
      vertex -6.329140663146973 -10.5 1.5999994277954102
    endloop
  endfacet
  facet normal 0.7071067811865318 0.7071067811865318 2.1073431791893043e-7
    outer loop
      vertex -6.329141139984131 -10.5 1.5999994277954102
      vertex -6.329140663146973 -10.5 0
      vertex -6.963240146636963 -9.865900993347168 1.5999994277954102
    endloop
  endfacet
  facet normal 0.7071065153174 0.7071070470555951 0
    outer loop
      vertex -6.963240146636963 -9.865900993347168 1.5999994277954102
      vertex -6.329140663146973 -10.5 0
      vertex -6.963240146636963 -9.865900993347168 0
    endloop
  endfacet
  facet normal -0.316227593058141 -0.316227593058141 0.8944273133001415
    outer loop
      vertex -10.217156410217285 -8.309040069580078 4.299999713897705
      vertex -8.591882705688477 -10.217156410217285 4.199999809265137
      vertex -8.309040069580078 -10.217156410217285 4.299999713897705
    endloop
  endfacet
  facet normal -0.316227593058141 -0.316227593058141 0.8944273133001415
    outer loop
      vertex -8.591882705688477 -10.217156410217285 4.199999809265137
      vertex -10.217156410217285 -8.309040069580078 4.299999713897705
      vertex -10.217156410217285 -8.591882705688477 4.199999809265137
    endloop
  endfacet
  facet normal 0 0 1
    outer loop
      vertex 10.5 -10.175798416137695 1.5999994277954102
      vertex 10.31153392791748 -10.5 1.5999994277954102
      vertex 10.5 -10.5 1.5999994277954102
    endloop
  endfacet
  facet normal 0 0 1
    outer loop
      vertex 10.31153392791748 -10.5 1.5999994277954102
      vertex 10.5 -10.175798416137695 1.5999994277954102
      vertex 10.125 -10.392304420471191 1.5999994277954102
    endloop
  endfacet
  facet normal 0 0 0
    outer loop
      vertex 6.329140663146973 -10.5 1.5999994277954102
      vertex 7.688466548919678 -10.5 1.5999994277954102
      vertex 7.688467025756836 -10.5 1.5999994277954102
    endloop
  endfacet
  facet normal 0 0 0
    outer loop
      vertex 6.329140663146973 -10.5 1.5999994277954102
      vertex 7.688467025756836 -10.5 1.5999994277954102
      vertex 6.329141139984131 -10.5 1.5999994277954102
    endloop
  endfacet
  facet normal 0 0 1
    outer loop
      vertex 9.686245918273926 -8.839951515197754 1.5999994277954102
      vertex 9 -9.742785453796387 1.5999994277954102
      vertex 10.125 -9.093266487121582 1.5999994277954102
    endloop
  endfacet
  facet normal 0 0 1
    outer loop
      vertex 9 -9.742785453796387 1.5999994277954102
      vertex 9.686245918273926 -8.839951515197754 1.5999994277954102
      vertex 8.862688064575195 -9.663508415222168 1.5999994277954102
    endloop
  endfacet
  facet normal 0 0 1
    outer loop
      vertex 10.124999046325684 -6.495190143585205 1.5999994277954102
      vertex 10.5 -7.57772159576416 1.5999994277954102
      vertex 10.5 -6.046298980712891 1.5999994277954102
    endloop
  endfacet
  facet normal 0 0 1
    outer loop
      vertex 9.950170516967773 -6.596127510070801 1.5999994277954102
      vertex 10.5 -7.57772159576416 1.5999994277954102
      vertex 10.124999046325684 -6.495190143585205 1.5999994277954102
    endloop
  endfacet
  facet normal 0 0 1
    outer loop
      vertex 9.686245918273926 -8.839951515197754 1.5999994277954102
      vertex 10.5 -7.57772159576416 1.5999994277954102
      vertex 9.950170516967773 -6.596127510070801 1.5999994277954102
    endloop
  endfacet
  facet normal 0 0 1
    outer loop
      vertex 10.124999046325684 -6.495190143585205 1.5999994277954102
      vertex 10.5 -6.046298980712891 1.5999994277954102
      vertex 10.078154563903809 -6.468143939971924 1.5999994277954102
    endloop
  endfacet
  facet normal 0 0 1
    outer loop
      vertex 10.5 -7.57772159576416 1.5999994277954102
      vertex 9.686245918273926 -8.839951515197754 1.5999994277954102
      vertex 10.5 -8.010735511779785 1.5999994277954102
    endloop
  endfacet
  facet normal 0 0 1
    outer loop
      vertex 10.5 -8.010735511779785 1.5999994277954102
      vertex 9.686245918273926 -8.839951515197754 1.5999994277954102
      vertex 10.5 -8.02619743347168 1.5999994277954102
    endloop
  endfacet
  facet normal 0 0 1
    outer loop
      vertex 6.783925533294678 -9.762372970581055 1.5999994277954102
      vertex 9.686245918273926 -8.839951515197754 1.5999994277954102
      vertex 9.950170516967773 -6.596127510070801 1.5999994277954102
    endloop
  endfacet
  facet normal 0 0 1
    outer loop
      vertex 9.686245918273926 -8.839951515197754 1.5999994277954102
      vertex 6.783925533294678 -9.762372970581055 1.5999994277954102
      vertex 8.862688064575195 -9.663508415222168 1.5999994277954102
    endloop
  endfacet
  facet normal 0 0 1
    outer loop
      vertex 8.862688064575195 -9.663508415222168 1.5999994277954102
      vertex 6.963240146636963 -9.865900993347168 1.5999994277954102
      vertex 8.02619743347168 -10.5 1.5999994277954102
    endloop
  endfacet
  facet normal 0 0 1
    outer loop
      vertex 8.02619743347168 -10.5 1.5999994277954102
      vertex 6.963240146636963 -9.865900993347168 1.5999994277954102
      vertex 7.688467025756836 -10.5 1.5999994277954102
    endloop
  endfacet
  facet normal 0 0 1
    outer loop
      vertex 8.862688064575195 -9.663508415222168 1.5999994277954102
      vertex 6.783925533294678 -9.762372970581055 1.5999994277954102
      vertex 6.963240146636963 -9.865900993347168 1.5999994277954102
    endloop
  endfacet
  facet normal 0 0 1
    outer loop
      vertex 7.688467025756836 -10.5 1.5999994277954102
      vertex 6.963240146636963 -9.865900993347168 1.5999994277954102
      vertex 6.329141139984131 -10.5 1.5999994277954102
    endloop
  endfacet
  facet normal 0 -1 0
    outer loop
      vertex 8.309040069580078 -10.217156410217285 4.299999713897705
      vertex 8.591882705688477 -10.217156410217285 3.59999942779541
      vertex 8.591882705688477 -10.217156410217285 4.199999809265137
    endloop
  endfacet
  facet normal 0 -1 0
    outer loop
      vertex 8.591882705688477 -10.217156410217285 3.59999942779541
      vertex 8.309040069580078 -10.217156410217285 4.299999713897705
      vertex 8.309040069580078 -10.217156410217285 3.3999996185302734
    endloop
  endfacet
  facet normal 1 0 0
    outer loop
      vertex 10.217156410217285 -8.591882705688477 3.59999942779541
      vertex 10.217156410217285 -8.309040069580078 4.299999713897705
      vertex 10.217156410217285 -8.591882705688477 4.199999809265137
    endloop
  endfacet
  facet normal 1 0 0
    outer loop
      vertex 10.217156410217285 -8.309040069580078 4.299999713897705
      vertex 10.217156410217285 -8.591882705688477 3.59999942779541
      vertex 10.217156410217285 -8.309040069580078 3.3999996185302734
    endloop
  endfacet
  facet normal 0.7071067811865475 -0.7071067811865475 0
    outer loop
      vertex 8.591882705688477 -10.217156410217285 4.199999809265137
      vertex 10.217156410217285 -8.591882705688477 3.59999942779541
      vertex 10.217156410217285 -8.591882705688477 4.199999809265137
    endloop
  endfacet
  facet normal 0.7071067811865475 -0.7071067811865475 0
    outer loop
      vertex 10.217156410217285 -8.591882705688477 3.59999942779541
      vertex 8.591882705688477 -10.217156410217285 4.199999809265137
      vertex 8.591882705688477 -10.217156410217285 3.59999942779541
    endloop
  endfacet
  facet normal 0.49999982908012763 -0.49999982908012763 -0.7071070229036664
    outer loop
      vertex 8.591882705688477 -10.217156410217285 3.59999942779541
      vertex 10.217156410217285 -8.309040069580078 3.3999996185302734
      vertex 10.217156410217285 -8.591882705688477 3.59999942779541
    endloop
  endfacet
  facet normal 0.4999998290801276 -0.4999998290801276 -0.7071070229036664
    outer loop
      vertex 10.217156410217285 -8.309040069580078 3.3999996185302734
      vertex 8.591882705688477 -10.217156410217285 3.59999942779541
      vertex 8.309040069580078 -10.217156410217285 3.3999996185302734
    endloop
  endfacet
  facet normal -0.7071067811865476 0.7071067811865476 0
    outer loop
      vertex 6.963240146636963 -9.865900993347168 0
      vertex 6.329141139984131 -10.5 1.5999994277954102
      vertex 6.963240146636963 -9.865900993347168 1.5999994277954102
    endloop
  endfacet
  facet normal -0.7071065153173843 0.7071070470555795 2.1073423868372164e-7
    outer loop
      vertex 6.329140663146973 -10.5 0
      vertex 6.329141139984131 -10.5 1.5999994277954102
      vertex 6.963240146636963 -9.865900993347168 0
    endloop
  endfacet
  facet normal 0 1 0
    outer loop
      vertex 6.329141139984131 -10.5 1.5999994277954102
      vertex 6.329140663146973 -10.5 0
      vertex 6.329140663146973 -10.5 1.5999994277954102
    endloop
  endfacet
  facet normal 0.316227593058141 -0.316227593058141 0.8944273133001415
    outer loop
      vertex 10.217156410217285 -8.309040069580078 4.299999713897705
      vertex 8.591882705688477 -10.217156410217285 4.199999809265137
      vertex 10.217156410217285 -8.591882705688477 4.199999809265137
    endloop
  endfacet
  facet normal 0.316227593058141 -0.316227593058141 0.8944273133001415
    outer loop
      vertex 8.591882705688477 -10.217156410217285 4.199999809265137
      vertex 10.217156410217285 -8.309040069580078 4.299999713897705
      vertex 8.309040069580078 -10.217156410217285 4.299999713897705
    endloop
  endfacet
  facet normal -0.4999993996489824 0.8660257503969829 0
    outer loop
      vertex -10.125 10.392304420471191 1.5999994277954102
      vertex -10.5 10.175798416137695 2.299999237060547
      vertex -10.125 10.392304420471191 2.299999237060547
    endloop
  endfacet
  facet normal -0.4999993996489824 0.8660257503969829 0
    outer loop
      vertex -10.5 10.175798416137695 2.299999237060547
      vertex -10.125 10.392304420471191 1.5999994277954102
      vertex -10.5 10.175798416137695 1.5999994277954102
    endloop
  endfacet
  facet normal 0.49999995025346355 -0.8660254325056129 0
    outer loop
      vertex -10.125 9.093266487121582 1.5999994277954102
      vertex -9 9.742785453796387 2.299999237060547
      vertex -10.125 9.093266487121582 2.299999237060547
    endloop
  endfacet
  facet normal 0.49999995025346355 -0.8660254325056129 0
    outer loop
      vertex -9 9.742785453796387 2.299999237060547
      vertex -10.125 9.093266487121582 1.5999994277954102
      vertex -9 9.742785453796387 1.5999994277954102
    endloop
  endfacet
  facet normal 0 -1 0
    outer loop
      vertex -7.688467025756836 10.5 1.5999994277954102
      vertex -7.688466548919678 10.5 2.299999237060547
      vertex -7.688467025756836 10.5 2.299999237060547
    endloop
  endfacet
  facet normal 0 -1 0
    outer loop
      vertex -7.688466548919678 10.5 2.299999237060547
      vertex -7.688467025756836 10.5 1.5999994277954102
      vertex -7.688466548919678 10.5 1.5999994277954102
    endloop
  endfacet
  facet normal -0.5000005008573385 0.8660251146141265 0
    outer loop
      vertex -5.624999523162842 10.392305374145508 0
      vertex -6.749999523162842 9.742785453796387 2.299999237060547
      vertex -5.624999523162842 10.392305374145508 2.299999237060547
    endloop
  endfacet
  facet normal -0.5000005008573385 0.8660251146141265 0
    outer loop
      vertex -6.749999523162842 9.742785453796387 2.299999237060547
      vertex -5.624999523162842 10.392305374145508 0
      vertex -6.749999523162842 9.742785453796387 0
    endloop
  endfacet
  facet normal 0.5000002255554769 -0.8660252735598841 0
    outer loop
      vertex -7.875 7.7942280769348145 0
      vertex -6.75 8.443747520446777 2.299999237060547
      vertex -7.875 7.7942280769348145 2.299999237060547
    endloop
  endfacet
  facet normal 0.5000002255554769 -0.8660252735598841 0
    outer loop
      vertex -6.75 8.443747520446777 2.299999237060547
      vertex -7.875 7.7942280769348145 0
      vertex -6.75 8.443747520446777 0
    endloop
  endfacet
  facet normal 0.5000002526274866 -0.8660252579298422 0
    outer loop
      vertex -10.124999046325684 6.495190143585205 1.5999994277954102
      vertex -10.124999046325684 6.495190143585205 0
      vertex -9.950170516967773 6.596127510070801 1.5999994277954102
    endloop
  endfacet
  facet normal 0.5000002710002472 -0.8660252473223163 0
    outer loop
      vertex -9.950170516967773 6.596127510070801 1.5999994277954102
      vertex -9 7.14470911026001 2.299999237060547
      vertex -9.950170516967773 6.596127510070801 2.299999237060547
    endloop
  endfacet
  facet normal 0.5000002681450603 -0.8660252489707605 -2.260763743167899e-9
    outer loop
      vertex -9 7.14470911026001 0
      vertex -9.950170516967773 6.596127510070801 1.5999994277954102
      vertex -10.124999046325684 6.495190143585205 0
    endloop
  endfacet
  facet normal 0.5000002710002474 -0.8660252473223164 0
    outer loop
      vertex -9.950170516967773 6.596127510070801 1.5999994277954102
      vertex -9 7.14470911026001 0
      vertex -9 7.14470911026001 2.299999237060547
    endloop
  endfacet
  facet normal 0.4999999502534636 -0.866025432505613 0
    outer loop
      vertex -5.624999523162842 9.093266487121582 0
      vertex -4.499999523162842 9.742785453796387 2.299999237060547
      vertex -5.624999523162842 9.093266487121582 2.299999237060547
    endloop
  endfacet
  facet normal 0.4999999502534636 -0.866025432505613 0
    outer loop
      vertex -4.499999523162842 9.742785453796387 2.299999237060547
      vertex -5.624999523162842 9.093266487121582 0
      vertex -4.499999523162842 9.742785453796387 0
    endloop
  endfacet
  facet normal 0.4999986953117906 -0.8660261570452171 0
    outer loop
      vertex -3.374999523162842 10.392305374145508 0
      vertex -3.1884663105010986 10.5 2.299999237060547
      vertex -3.374999523162842 10.392305374145508 2.299999237060547
    endloop
  endfacet
  facet normal 0.4999986953117906 -0.8660261570452171 0
    outer loop
      vertex -3.1884663105010986 10.5 2.299999237060547
      vertex -3.374999523162842 10.392305374145508 0
      vertex -3.1884663105010986 10.5 0
    endloop
  endfacet
  facet normal -0.5000002255554769 0.8660252735598841 0
    outer loop
      vertex -5.625 7.794228553771973 0
      vertex -6.75 7.14470911026001 2.299999237060547
      vertex -5.625 7.794228553771973 2.299999237060547
    endloop
  endfacet
  facet normal -0.5000002255554769 0.8660252735598841 0
    outer loop
      vertex -6.75 7.14470911026001 2.299999237060547
      vertex -5.625 7.794228553771973 0
      vertex -6.75 7.14470911026001 0
    endloop
  endfacet
  facet normal -0.4999999502534636 0.866025432505613 0
    outer loop
      vertex -7.875 6.495190143585205 0
      vertex -9 5.8456711769104 2.299999237060547
      vertex -7.875 6.495190143585205 2.299999237060547
    endloop
  endfacet
  facet normal -0.4999999502534636 0.866025432505613 0
    outer loop
      vertex -9 5.8456711769104 2.299999237060547
      vertex -7.875 6.495190143585205 0
      vertex -9 5.8456711769104 0
    endloop
  endfacet
  facet normal -0.4999993996489823 0.8660257503969828 0
    outer loop
      vertex -10.125 5.1961517333984375 0
      vertex -10.5 4.979645729064941 2.299999237060547
      vertex -10.125 5.1961517333984375 2.299999237060547
    endloop
  endfacet
  facet normal -0.4999993996489823 0.8660257503969828 0
    outer loop
      vertex -10.5 4.979645729064941 2.299999237060547
      vertex -10.125 5.1961517333984375 0
      vertex -10.5 4.979645729064941 0
    endloop
  endfacet
  facet normal -0.4999999502534636 0.866025432505613 0
    outer loop
      vertex -3.374999523162842 9.093266487121582 0
      vertex -4.499999523162842 8.443747520446777 2.299999237060547
      vertex -3.374999523162842 9.093266487121582 2.299999237060547
    endloop
  endfacet
  facet normal -0.4999999502534636 0.866025432505613 0
    outer loop
      vertex -4.499999523162842 8.443747520446777 2.299999237060547
      vertex -3.374999523162842 9.093266487121582 0
      vertex -4.499999523162842 8.443747520446777 0
    endloop
  endfacet
  facet normal -0.4999999502534636 0.866025432505613 0
    outer loop
      vertex -1.1249995231628418 10.392305374145508 0
      vertex -2.249999523162842 9.742786407470703 2.299999237060547
      vertex -1.1249995231628418 10.392305374145508 2.299999237060547
    endloop
  endfacet
  facet normal -0.4999999502534636 0.866025432505613 0
    outer loop
      vertex -2.249999523162842 9.742786407470703 2.299999237060547
      vertex -1.1249995231628418 10.392305374145508 0
      vertex -2.249999523162842 9.742786407470703 0
    endloop
  endfacet
  facet normal 0.5000001091992198 -0.8660253407382305 0
    outer loop
      vertex -5.625 6.495190620422363 0
      vertex -4.500000476837158 7.144709587097168 2.299999237060547
      vertex -5.625 6.495190620422363 2.299999237060547
    endloop
  endfacet
  facet normal 0.5000001091992198 -0.8660253407382305 0
    outer loop
      vertex -4.500000476837158 7.144709587097168 2.299999237060547
      vertex -5.625 6.495190620422363 0
      vertex -4.500000476837158 7.144709587097168 0
    endloop
  endfacet
  facet normal 0.4999999502534636 -0.866025432505613 0
    outer loop
      vertex -7.875 5.196152210235596 0
      vertex -6.75 5.8456711769104 2.299999237060547
      vertex -7.875 5.196152210235596 2.299999237060547
    endloop
  endfacet
  facet normal 0.4999999502534636 -0.866025432505613 0
    outer loop
      vertex -6.75 5.8456711769104 2.299999237060547
      vertex -7.875 5.196152210235596 0
      vertex -6.75 5.8456711769104 0
    endloop
  endfacet
  facet normal 0.5000002681450603 -0.8660252489707606 0
    outer loop
      vertex -10.125 3.897113800048828 0
      vertex -9.000000953674316 4.546632766723633 2.299999237060547
      vertex -10.125 3.897113800048828 2.299999237060547
    endloop
  endfacet
  facet normal 0.5000002681450603 -0.8660252489707606 0
    outer loop
      vertex -9.000000953674316 4.546632766723633 2.299999237060547
      vertex -10.125 3.897113800048828 0
      vertex -9.000000953674316 4.546632766723633 0
    endloop
  endfacet
  facet normal 0.4999997544241518 -0.8660255455676744 0
    outer loop
      vertex -3.374999761581421 7.794229030609131 0
      vertex -2.25 8.443747520446777 2.299999237060547
      vertex -3.374999761581421 7.794229030609131 2.299999237060547
    endloop
  endfacet
  facet normal 0.4999997544241518 -0.8660255455676744 0
    outer loop
      vertex -2.25 8.443747520446777 2.299999237060547
      vertex -3.374999761581421 7.794229030609131 0
      vertex -2.25 8.443747520446777 0
    endloop
  endfacet
  facet normal 0.4999999899898947 -0.8660254095637755 0
    outer loop
      vertex -1.1249998807907104 9.093267440795898 0
      vertex 0 9.742786407470703 2.299999237060547
      vertex -1.1249998807907104 9.093267440795898 2.299999237060547
    endloop
  endfacet
  facet normal 0.4999999899898947 -0.8660254095637755 0
    outer loop
      vertex 0 9.742786407470703 2.299999237060547
      vertex -1.1249998807907104 9.093267440795898 0
      vertex 0 9.742786407470703 0
    endloop
  endfacet
  facet normal 0.49999893496596215 -0.8660260186812538 0
    outer loop
      vertex 1.1249995231628418 10.392305374145508 0
      vertex 1.3115326166152954 10.5 2.299999237060547
      vertex 1.1249995231628418 10.392305374145508 2.299999237060547
    endloop
  endfacet
  facet normal 0.49999893496596215 -0.8660260186812538 0
    outer loop
      vertex 1.3115326166152954 10.5 2.299999237060547
      vertex 1.1249995231628418 10.392305374145508 0
      vertex 1.3115326166152954 10.5 0
    endloop
  endfacet
  facet normal -0.4999999502534636 0.866025432505613 0
    outer loop
      vertex -3.375000476837158 6.495190620422363 0
      vertex -4.500000476837158 5.845671653747559 2.299999237060547
      vertex -3.375000476837158 6.495190620422363 2.299999237060547
    endloop
  endfacet
  facet normal -0.4999999502534636 0.866025432505613 0
    outer loop
      vertex -4.500000476837158 5.845671653747559 2.299999237060547
      vertex -3.375000476837158 6.495190620422363 0
      vertex -4.500000476837158 5.845671653747559 0
    endloop
  endfacet
  facet normal -0.5000002255554769 0.8660252735598841 0
    outer loop
      vertex -5.625 5.196152687072754 0
      vertex -6.75 4.546633243560791 2.299999237060547
      vertex -5.625 5.196152687072754 2.299999237060547
    endloop
  endfacet
  facet normal -0.5000002255554769 0.8660252735598841 0
    outer loop
      vertex -6.75 4.546633243560791 2.299999237060547
      vertex -5.625 5.196152687072754 0
      vertex -6.75 4.546633243560791 0
    endloop
  endfacet
  facet normal -0.4999999289588025 0.8660254448000893 0
    outer loop
      vertex -7.875000476837158 3.8971140384674072 0
      vertex -9.000000953674316 3.2475948333740234 2.299999237060547
      vertex -7.875000476837158 3.8971140384674072 2.299999237060547
    endloop
  endfacet
  facet normal -0.4999999289588025 0.8660254448000893 0
    outer loop
      vertex -9.000000953674316 3.2475948333740234 2.299999237060547
      vertex -7.875000476837158 3.8971140384674072 0
      vertex -9.000000953674316 3.2475948333740234 0
    endloop
  endfacet
  facet normal -0.49999981260240006 0.8660255119784663 0
    outer loop
      vertex -10.125 2.5980758666992188 0
      vertex -10.5 2.3815696239471436 2.299999237060547
      vertex -10.125 2.5980758666992188 2.299999237060547
    endloop
  endfacet
  facet normal -0.49999981260240006 0.8660255119784663 0
    outer loop
      vertex -10.5 2.3815696239471436 2.299999237060547
      vertex -10.125 2.5980758666992188 0
      vertex -10.5 2.3815696239471436 0
    endloop
  endfacet
  facet normal -0.5000001091992198 0.8660253407382305 0
    outer loop
      vertex -1.125000238418579 7.794229030609131 0
      vertex -2.249999761581421 7.144710063934326 2.299999237060547
      vertex -1.125000238418579 7.794229030609131 2.299999237060547
    endloop
  endfacet
  facet normal -0.5000001091992198 0.8660253407382305 0
    outer loop
      vertex -2.249999761581421 7.144710063934326 2.299999237060547
      vertex -1.125000238418579 7.794229030609131 0
      vertex -2.249999761581421 7.144710063934326 0
    endloop
  endfacet
  facet normal -0.4999999899898947 0.8660254095637755 0
    outer loop
      vertex 1.1249998807907104 9.093267440795898 0
      vertex 0 8.443748474121094 2.299999237060547
      vertex 1.1249998807907104 9.093267440795898 2.299999237060547
    endloop
  endfacet
  facet normal -0.4999999899898947 0.8660254095637755 0
    outer loop
      vertex 0 8.443748474121094 2.299999237060547
      vertex 1.1249998807907104 9.093267440795898 0
      vertex 0 8.443748474121094 0
    endloop
  endfacet
  facet normal -0.4999999502534636 0.866025432505613 0
    outer loop
      vertex 3.374999523162842 10.392305374145508 0
      vertex 2.249999523162842 9.742786407470703 2.299999237060547
      vertex 3.374999523162842 10.392305374145508 2.299999237060547
    endloop
  endfacet
  facet normal -0.4999999502534636 0.866025432505613 0
    outer loop
      vertex 2.249999523162842 9.742786407470703 2.299999237060547
      vertex 3.374999523162842 10.392305374145508 0
      vertex 2.249999523162842 9.742786407470703 0
    endloop
  endfacet
  facet normal 0.5000000297263312 -0.8660253866219326 0
    outer loop
      vertex -3.374999761581421 5.196152210235596 0
      vertex -2.25 5.8456711769104 2.299999237060547
      vertex -3.374999761581421 5.196152210235596 2.299999237060547
    endloop
  endfacet
  facet normal 0.5000000297263312 -0.8660253866219326 0
    outer loop
      vertex -2.25 5.8456711769104 2.299999237060547
      vertex -3.374999761581421 5.196152210235596 0
      vertex -2.25 5.8456711769104 0
    endloop
  endfacet
  facet normal 0.5000000879044891 -0.8660253530327522 0
    outer loop
      vertex -5.624999523162842 3.8971140384674072 0
      vertex -4.499999523162842 4.546633243560791 2.299999237060547
      vertex -5.624999523162842 3.8971140384674072 2.299999237060547
    endloop
  endfacet
  facet normal 0.5000000879044891 -0.8660253530327522 0
    outer loop
      vertex -4.499999523162842 4.546633243560791 2.299999237060547
      vertex -5.624999523162842 3.8971140384674072 0
      vertex -4.499999523162842 4.546633243560791 0
    endloop
  endfacet
  facet normal 0.4999999502534636 -0.866025432505613 0
    outer loop
      vertex -7.875 2.5980756282806396 0
      vertex -6.75 3.2475945949554443 2.299999237060547
      vertex -7.875 2.5980756282806396 2.299999237060547
    endloop
  endfacet
  facet normal 0.4999999502534636 -0.866025432505613 0
    outer loop
      vertex -6.75 3.2475945949554443 2.299999237060547
      vertex -7.875 2.5980756282806396 0
      vertex -6.75 3.2475945949554443 0
    endloop
  endfacet
  facet normal 0.5000000190789811 -0.8660253927691834 0
    outer loop
      vertex -10.125 1.2990374565124512 0
      vertex -9 1.9485565423965454 2.299999237060547
      vertex -10.125 1.2990374565124512 2.299999237060547
    endloop
  endfacet
  facet normal 0.5000000190789811 -0.8660253927691834 0
    outer loop
      vertex -9 1.9485565423965454 2.299999237060547
      vertex -10.125 1.2990374565124512 0
      vertex -9 1.9485565423965454 0
    endloop
  endfacet
  facet normal 0.5000001091992198 -0.8660253407382305 0
    outer loop
      vertex -1.1249995231628418 6.495190620422363 0
      vertex 0 7.144709587097168 2.299999237060547
      vertex -1.1249995231628418 6.495190620422363 2.299999237060547
    endloop
  endfacet
  facet normal 0.5000001091992198 -0.8660253407382305 0
    outer loop
      vertex 0 7.144709587097168 2.299999237060547
      vertex -1.1249995231628418 6.495190620422363 0
      vertex 0 7.144709587097168 0
    endloop
  endfacet
  facet normal 0.4999997544241518 -0.8660255455676744 0
    outer loop
      vertex 1.125000238418579 7.794229030609131 0
      vertex 2.25 8.443747520446777 2.299999237060547
      vertex 1.125000238418579 7.794229030609131 2.299999237060547
    endloop
  endfacet
  facet normal 0.4999997544241518 -0.8660255455676744 0
    outer loop
      vertex 2.25 8.443747520446777 2.299999237060547
      vertex 1.125000238418579 7.794229030609131 0
      vertex 2.25 8.443747520446777 0
    endloop
  endfacet
  facet normal 0.4999999502534636 -0.866025432505613 0
    outer loop
      vertex 3.374999523162842 9.093266487121582 0
      vertex 4.499999523162842 9.742785453796387 2.299999237060547
      vertex 3.374999523162842 9.093266487121582 2.299999237060547
    endloop
  endfacet
  facet normal 0.4999999502534636 -0.866025432505613 0
    outer loop
      vertex 4.499999523162842 9.742785453796387 2.299999237060547
      vertex 3.374999523162842 9.093266487121582 0
      vertex 4.499999523162842 9.742785453796387 0
    endloop
  endfacet
  facet normal 0.4999991746203252 -0.8660258803170917 0
    outer loop
      vertex 5.624999523162842 10.392305374145508 0
      vertex 5.811532497406006 10.5 2.299999237060547
      vertex 5.624999523162842 10.392305374145508 2.299999237060547
    endloop
  endfacet
  facet normal 0.4999991746203252 -0.8660258803170917 0
    outer loop
      vertex 5.811532497406006 10.5 2.299999237060547
      vertex 5.624999523162842 10.392305374145508 0
      vertex 5.811532497406006 10.5 0
    endloop
  endfacet
  facet normal -0.5000000297263312 0.8660253866219326 0
    outer loop
      vertex -1.1250004768371582 5.196152687072754 0
      vertex -2.250000238418579 4.546633720397949 2.299999237060547
      vertex -1.1250004768371582 5.196152687072754 2.299999237060547
    endloop
  endfacet
  facet normal -0.5000000297263312 0.8660253866219326 0
    outer loop
      vertex -2.250000238418579 4.546633720397949 2.299999237060547
      vertex -1.1250004768371582 5.196152687072754 0
      vertex -2.250000238418579 4.546633720397949 0
    endloop
  endfacet
  facet normal -0.5000001673773641 0.866025307149051 0
    outer loop
      vertex -3.375000238418579 3.8971145153045654 0
      vertex -4.5 3.2475953102111816 2.299999237060547
      vertex -3.375000238418579 3.8971145153045654 2.299999237060547
    endloop
  endfacet
  facet normal -0.5000001673773641 0.866025307149051 0
    outer loop
      vertex -4.5 3.2475953102111816 2.299999237060547
      vertex -3.375000238418579 3.8971145153045654 0
      vertex -4.5 3.2475953102111816 0
    endloop
  endfacet
  facet normal -0.5000000190789811 0.8660253927691834 0
    outer loop
      vertex -5.625000953674316 2.598076105117798 0
      vertex -6.750000953674316 1.9485570192337036 2.299999237060547
      vertex -5.625000953674316 2.598076105117798 2.299999237060547
    endloop
  endfacet
  facet normal -0.5000000190789811 0.8660253927691834 0
    outer loop
      vertex -6.750000953674316 1.9485570192337036 2.299999237060547
      vertex -5.625000953674316 2.598076105117798 0
      vertex -6.750000953674316 1.9485570192337036 0
    endloop
  endfacet
  facet normal -0.5000001436119834 0.8660253208700055 0
    outer loop
      vertex -7.875000476837158 1.299038052558899 0
      vertex -9 0.6495190262794495 2.299999237060547
      vertex -7.875000476837158 1.299038052558899 2.299999237060547
    endloop
  endfacet
  facet normal -0.5000001436119834 0.8660253208700055 0
    outer loop
      vertex -9 0.6495190262794495 2.299999237060547
      vertex -7.875000476837158 1.299038052558899 0
      vertex -9 0.6495190262794495 0
    endloop
  endfacet
  facet normal -0.4999996835544937 0.8660255864842599 0
    outer loop
      vertex -10.125 0 0
      vertex -10.5 -0.21650616824626923 2.299999237060547
      vertex -10.125 0 2.299999237060547
    endloop
  endfacet
  facet normal -0.4999996835544937 0.8660255864842599 0
    outer loop
      vertex -10.5 -0.21650616824626923 2.299999237060547
      vertex -10.125 0 0
      vertex -10.5 -0.21650616824626923 0
    endloop
  endfacet
  facet normal -0.5000001091992198 0.8660253407382305 0
    outer loop
      vertex 1.1249995231628418 6.495190620422363 0
      vertex 0 5.845671653747559 2.299999237060547
      vertex 1.1249995231628418 6.495190620422363 2.299999237060547
    endloop
  endfacet
  facet normal -0.5000001091992198 0.8660253407382305 0
    outer loop
      vertex 0 5.845671653747559 2.299999237060547
      vertex 1.1249995231628418 6.495190620422363 0
      vertex 0 5.845671653747559 0
    endloop
  endfacet
  facet normal -0.4999999502534636 0.866025432505613 0
    outer loop
      vertex 3.374999761581421 7.794229030609131 0
      vertex 2.249999761581421 7.144710063934326 2.299999237060547
      vertex 3.374999761581421 7.794229030609131 2.299999237060547
    endloop
  endfacet
  facet normal -0.4999999502534636 0.866025432505613 0
    outer loop
      vertex 2.249999761581421 7.144710063934326 2.299999237060547
      vertex 3.374999761581421 7.794229030609131 0
      vertex 2.249999761581421 7.144710063934326 0
    endloop
  endfacet
  facet normal -0.4999999502534636 0.866025432505613 0
    outer loop
      vertex 5.624999523162842 9.093266487121582 0
      vertex 4.499999523162842 8.443747520446777 2.299999237060547
      vertex 5.624999523162842 9.093266487121582 2.299999237060547
    endloop
  endfacet
  facet normal -0.4999999502534636 0.866025432505613 0
    outer loop
      vertex 4.499999523162842 8.443747520446777 2.299999237060547
      vertex 5.624999523162842 9.093266487121582 0
      vertex 4.499999523162842 8.443747520446777 0
    endloop
  endfacet
  facet normal -0.5000024721064826 0.8660239765083909 0
    outer loop
      vertex 6.963240146636963 9.865900993347168 1.5999994277954102
      vertex 6.963240146636963 9.865900993347168 0
      vertex 6.783925533294678 9.762372970581055 1.5999994277954102
    endloop
  endfacet
  facet normal -0.5000062355895658 0.8660218036351923 0
    outer loop
      vertex 6.783925533294678 9.762372970581055 1.5999994277954102
      vertex 6.749999523162842 9.742785453796387 2.299999237060547
      vertex 6.783925533294678 9.762372970581055 2.299999237060547
    endloop
  endfacet
  facet normal -0.5000062355895658 0.8660218036351923 0
    outer loop
      vertex 6.783925533294678 9.762372970581055 1.5999994277954102
      vertex 6.749999523162842 9.742785453796387 0
      vertex 6.749999523162842 9.742785453796387 2.299999237060547
    endloop
  endfacet
  facet normal -0.5000030708684201 0.8660236308104656 -8.947264949067027e-8
    outer loop
      vertex 6.749999523162842 9.742785453796387 0
      vertex 6.783925533294678 9.762372970581055 1.5999994277954102
      vertex 6.963240146636963 9.865900993347168 0
    endloop
  endfacet
  facet normal 0.4999999899898947 -0.8660254095637755 0
    outer loop
      vertex -1.1249998807907104 3.8971142768859863 0
      vertex 0 4.546633243560791 2.299999237060547
      vertex -1.1249998807907104 3.8971142768859863 2.299999237060547
    endloop
  endfacet
  facet normal 0.4999999899898947 -0.8660254095637755 0
    outer loop
      vertex 0 4.546633243560791 2.299999237060547
      vertex -1.1249998807907104 3.8971142768859863 0
      vertex 0 4.546633243560791 0
    endloop
  endfacet
  facet normal 0.49999987078061703 -0.8660254783892714 0
    outer loop
      vertex -3.375 2.598076343536377 0
      vertex -2.249999761581421 3.2475953102111816 2.299999237060547
      vertex -3.375 2.598076343536377 2.299999237060547
    endloop
  endfacet
  facet normal 0.49999987078061703 -0.8660254783892714 0
    outer loop
      vertex -2.249999761581421 3.2475953102111816 2.299999237060547
      vertex -3.375 2.598076343536377 0
      vertex -2.249999761581421 3.2475953102111816 0
    endloop
  endfacet
  facet normal 0.5000000190789811 -0.8660253927691834 0
    outer loop
      vertex -5.625000476837158 1.2990378141403198 0
      vertex -4.500000476837158 1.948556900024414 2.299999237060547
      vertex -5.625000476837158 1.2990378141403198 2.299999237060547
    endloop
  endfacet
  facet normal 0.5000000190789811 -0.8660253927691834 0
    outer loop
      vertex -4.500000476837158 1.948556900024414 2.299999237060547
      vertex -5.625000476837158 1.2990378141403198 0
      vertex -4.500000476837158 1.948556900024414 0
    endloop
  endfacet
  facet normal 0.4999999728309794 -0.8660254194704794 0
    outer loop
      vertex -7.875000476837158 -3.9105401583583443e-8 0
      vertex -6.750000476837158 0.6495189666748047 2.299999237060547
      vertex -7.875000476837158 -3.9105401583583443e-8 2.299999237060547
    endloop
  endfacet
  facet normal 0.4999999728309794 -0.8660254194704794 0
    outer loop
      vertex -6.750000476837158 0.6495189666748047 2.299999237060547
      vertex -7.875000476837158 -3.9105401583583443e-8 0
      vertex -6.750000476837158 0.6495189666748047 0
    endloop
  endfacet
  facet normal 0.49999995843004846 -0.8660254277848599 0
    outer loop
      vertex -10.124999046325684 -1.2990374565124512 0
      vertex -9 -0.6495190262794495 2.299999237060547
      vertex -10.124999046325684 -1.2990374565124512 2.299999237060547
    endloop
  endfacet
  facet normal 0.49999995843004846 -0.8660254277848599 0
    outer loop
      vertex -9 -0.6495190262794495 2.299999237060547
      vertex -10.124999046325684 -1.2990374565124512 0
      vertex -9 -0.6495190262794495 0
    endloop
  endfacet
  facet normal 0.49999983389702574 -0.8660254996840142 0
    outer loop
      vertex 1.1250004768371582 5.196152687072754 0
      vertex 2.25 5.8456711769104 2.299999237060547
      vertex 1.1250004768371582 5.196152687072754 2.299999237060547
    endloop
  endfacet
  facet normal 0.49999983389702574 -0.8660254996840142 0
    outer loop
      vertex 2.25 5.8456711769104 2.299999237060547
      vertex 1.1250004768371582 5.196152687072754 0
      vertex 2.25 5.8456711769104 0
    endloop
  endfacet
  facet normal 0.4999999502534636 -0.866025432505613 0
    outer loop
      vertex 3.375000476837158 6.495190620422363 0
      vertex 4.500000476837158 7.144709587097168 2.299999237060547
      vertex 3.375000476837158 6.495190620422363 2.299999237060547
    endloop
  endfacet
  facet normal 0.4999999502534636 -0.866025432505613 0
    outer loop
      vertex 4.500000476837158 7.144709587097168 2.299999237060547
      vertex 3.375000476837158 6.495190620422363 0
      vertex 4.500000476837158 7.144709587097168 0
    endloop
  endfacet
  facet normal 0.4999999502534636 -0.866025432505613 0
    outer loop
      vertex 5.625 7.794228553771973 0
      vertex 6.75 8.443747520446777 2.299999237060547
      vertex 5.625 7.794228553771973 2.299999237060547
    endloop
  endfacet
  facet normal 0.4999999502534636 -0.866025432505613 0
    outer loop
      vertex 6.75 8.443747520446777 2.299999237060547
      vertex 5.625 7.794228553771973 0
      vertex 6.75 8.443747520446777 0
    endloop
  endfacet
  facet normal 0.4999997904205963 -0.8660255247851301 0
    outer loop
      vertex 8.862688064575195 9.663508415222168 1.5999994277954102
      vertex 9 9.742785453796387 2.299999237060547
      vertex 8.862688064575195 9.663508415222168 2.299999237060547
    endloop
  endfacet
  facet normal 0.4999997904205963 -0.8660255247851301 0
    outer loop
      vertex 9 9.742785453796387 2.299999237060547
      vertex 8.862688064575195 9.663508415222168 1.5999994277954102
      vertex 9 9.742785453796387 1.5999994277954102
    endloop
  endfacet
  facet normal 0.49999866091087364 -0.8660261769065257 0
    outer loop
      vertex 10.125 10.392304420471191 1.5999994277954102
      vertex 10.311534881591797 10.5 2.299999237060547
      vertex 10.125 10.392304420471191 2.299999237060547
    endloop
  endfacet
  facet normal 0.49999866091087364 -0.8660261769065257 0
    outer loop
      vertex 10.311534881591797 10.5 2.299999237060547
      vertex 10.125 10.392304420471191 1.5999994277954102
      vertex 10.311534881591797 10.5 1.5999994277954102
    endloop
  endfacet
  facet normal -0.4999999899898947 0.8660254095637755 0
    outer loop
      vertex 1.1249998807907104 3.8971142768859863 0
      vertex 0 3.2475953102111816 2.299999237060547
      vertex 1.1249998807907104 3.8971142768859863 2.299999237060547
    endloop
  endfacet
  facet normal -0.4999999899898947 0.8660254095637755 0
    outer loop
      vertex 0 3.2475953102111816 2.299999237060547
      vertex 1.1249998807907104 3.8971142768859863 0
      vertex 0 3.2475953102111816 0
    endloop
  endfacet
  facet normal -0.4999999793425534 0.8660254157110208 0
    outer loop
      vertex -1.1249998807907104 2.598076343536377 0
      vertex -2.25 1.9485572576522827 2.299999237060547
      vertex -1.1249998807907104 2.598076343536377 2.299999237060547
    endloop
  endfacet
  facet normal -0.4999999793425534 0.8660254157110208 0
    outer loop
      vertex -2.25 1.9485572576522827 2.299999237060547
      vertex -1.1249998807907104 2.598076343536377 0
      vertex -2.25 1.9485572576522827 0
    endloop
  endfacet
  facet normal -0.5000000641390929 0.866025366753713 0
    outer loop
      vertex -3.3750007152557373 1.2990379333496094 0
      vertex -4.500000476837158 0.6495189070701599 2.299999237060547
      vertex -3.3750007152557373 1.2990379333496094 2.299999237060547
    endloop
  endfacet
  facet normal -0.5000000641390929 0.866025366753713 0
    outer loop
      vertex -4.500000476837158 0.6495189070701599 2.299999237060547
      vertex -3.3750007152557373 1.2990379333496094 0
      vertex -4.500000476837158 0.6495189070701599 0
    endloop
  endfacet
  facet normal -0.4999999846662236 0.8660254126373985 0
    outer loop
      vertex -5.625000476837158 0 0
      vertex -6.750000476837158 -0.6495190262794495 2.299999237060547
      vertex -5.625000476837158 0 2.299999237060547
    endloop
  endfacet
  facet normal -0.4999999846662236 0.8660254126373985 0
    outer loop
      vertex -6.750000476837158 -0.6495190262794495 2.299999237060547
      vertex -5.625000476837158 0 0
      vertex -6.750000476837158 -0.6495190262794495 0
    endloop
  endfacet
  facet normal -0.49999983389702574 0.8660254996840142 0
    outer loop
      vertex -7.875000476837158 -1.299038052558899 0
      vertex -9 -1.9485565423965454 2.299999237060547
      vertex -7.875000476837158 -1.299038052558899 2.299999237060547
    endloop
  endfacet
  facet normal -0.49999983389702574 0.8660254996840142 0
    outer loop
      vertex -9 -1.9485565423965454 2.299999237060547
      vertex -7.875000476837158 -1.299038052558899 0
      vertex -9 -1.9485565423965454 0
    endloop
  endfacet
  facet normal -0.49999981260240006 0.8660255119784663 0
    outer loop
      vertex -10.125 -2.5980758666992188 0
      vertex -10.5 -2.814582109451294 2.299999237060547
      vertex -10.125 -2.5980758666992188 2.299999237060547
    endloop
  endfacet
  facet normal -0.49999981260240006 0.8660255119784663 0
    outer loop
      vertex -10.5 -2.814582109451294 2.299999237060547
      vertex -10.125 -2.5980758666992188 0
      vertex -10.5 -2.814582109451294 0
    endloop
  endfacet
  facet normal -0.49999983389702574 0.8660254996840142 0
    outer loop
      vertex 3.374999761581421 5.196152210235596 0
      vertex 2.250000238418579 4.546633720397949 2.299999237060547
      vertex 3.374999761581421 5.196152210235596 2.299999237060547
    endloop
  endfacet
  facet normal -0.49999983389702574 0.8660254996840142 0
    outer loop
      vertex 2.250000238418579 4.546633720397949 2.299999237060547
      vertex 3.374999761581421 5.196152210235596 0
      vertex 2.250000238418579 4.546633720397949 0
    endloop
  endfacet
  facet normal -0.5000001091992198 0.8660253407382305 0
    outer loop
      vertex 5.625 6.495190620422363 0
      vertex 4.500000476837158 5.845671653747559 2.299999237060547
      vertex 5.625 6.495190620422363 2.299999237060547
    endloop
  endfacet
  facet normal -0.5000001091992198 0.8660253407382305 0
    outer loop
      vertex 4.500000476837158 5.845671653747559 2.299999237060547
      vertex 5.625 6.495190620422363 0
      vertex 4.500000476837158 5.845671653747559 0
    endloop
  endfacet
  facet normal -0.4999999502534636 0.866025432505613 0
    outer loop
      vertex 7.875 7.7942280769348145 0
      vertex 6.75 7.14470911026001 2.299999237060547
      vertex 7.875 7.7942280769348145 2.299999237060547
    endloop
  endfacet
  facet normal -0.4999999502534636 0.866025432505613 0
    outer loop
      vertex 6.75 7.14470911026001 2.299999237060547
      vertex 7.875 7.7942280769348145 0
      vertex 6.75 7.14470911026001 0
    endloop
  endfacet
  facet normal -0.5000002734707827 0.8660252458959512 0
    outer loop
      vertex 10.125 9.093266487121582 1.5999994277954102
      vertex 9.686245918273926 8.839951515197754 2.299999237060547
      vertex 10.125 9.093266487121582 2.299999237060547
    endloop
  endfacet
  facet normal -0.5000002734707827 0.8660252458959512 0
    outer loop
      vertex 9.686245918273926 8.839951515197754 2.299999237060547
      vertex 10.125 9.093266487121582 1.5999994277954102
      vertex 9.686245918273926 8.839951515197754 1.5999994277954102
    endloop
  endfacet
  facet normal 0.4999999899898947 -0.8660254095637755 0
    outer loop
      vertex 1.1249998807907104 2.598076343536377 0
      vertex 2.249999761581421 3.2475953102111816 2.299999237060547
      vertex 1.1249998807907104 2.598076343536377 2.299999237060547
    endloop
  endfacet
  facet normal 0.4999999899898947 -0.8660254095637755 0
    outer loop
      vertex 2.249999761581421 3.2475953102111816 2.299999237060547
      vertex 1.1249998807907104 2.598076343536377 0
      vertex 2.249999761581421 3.2475953102111816 0
    endloop
  endfacet
  facet normal 0.4999999793425534 -0.8660254157110208 0
    outer loop
      vertex -1.1250001192092896 1.299038290977478 0
      vertex 0 1.9485573768615723 2.299999237060547
      vertex -1.1250001192092896 1.299038290977478 2.299999237060547
    endloop
  endfacet
  facet normal 0.4999999793425534 -0.8660254157110208 0
    outer loop
      vertex 0 1.9485573768615723 2.299999237060547
      vertex -1.1250001192092896 1.299038290977478 0
      vertex 0 1.9485573768615723 0
    endloop
  endfacet
  facet normal 0.5000000053425996 -0.8660254006998874 0
    outer loop
      vertex -3.3750007152557373 -9.541717815864104e-8 0
      vertex -2.2500007152557373 0.6495189666748047 2.299999237060547
      vertex -3.3750007152557373 -9.541717815864104e-8 2.299999237060547
    endloop
  endfacet
  facet normal 0.5000000053425996 -0.8660254006998874 0
    outer loop
      vertex -2.2500007152557373 0.6495189666748047 2.299999237060547
      vertex -3.3750007152557373 -9.541717815864104e-8 0
      vertex -2.2500007152557373 0.6495189666748047 0
    endloop
  endfacet
  facet normal 0.5000000190789811 -0.8660253927691834 0
    outer loop
      vertex -5.625000476837158 -1.299038052558899 0
      vertex -4.500000476837158 -0.6495189666748047 2.299999237060547
      vertex -5.625000476837158 -1.299038052558899 2.299999237060547
    endloop
  endfacet
  facet normal 0.5000000190789811 -0.8660253927691834 0
    outer loop
      vertex -4.500000476837158 -0.6495189666748047 2.299999237060547
      vertex -5.625000476837158 -1.299038052558899 0
      vertex -4.500000476837158 -0.6495189666748047 0
    endloop
  endfacet
  facet normal 0.49999990272258854 -0.8660254599475711 0
    outer loop
      vertex -7.875 -2.5980756282806396 0
      vertex -6.750000476837158 -1.9485570192337036 2.299999237060547
      vertex -7.875 -2.5980756282806396 2.299999237060547
    endloop
  endfacet
  facet normal 0.49999990272258854 -0.8660254599475711 0
    outer loop
      vertex -6.750000476837158 -1.9485570192337036 2.299999237060547
      vertex -7.875 -2.5980756282806396 0
      vertex -6.750000476837158 -1.9485570192337036 0
    endloop
  endfacet
  facet normal 0.4999999502534636 -0.866025432505613 0
    outer loop
      vertex -10.125 -3.897113800048828 0
      vertex -9 -3.2475948333740234 2.299999237060547
      vertex -10.125 -3.897113800048828 2.299999237060547
    endloop
  endfacet
  facet normal 0.4999999502534636 -0.866025432505613 0
    outer loop
      vertex -9 -3.2475948333740234 2.299999237060547
      vertex -10.125 -3.897113800048828 0
      vertex -9 -3.2475948333740234 0
    endloop
  endfacet
  facet normal 0.5000000510210442 -0.866025374327423 0
    outer loop
      vertex 3.375000238418579 3.8971145153045654 0
      vertex 4.499999523162842 4.546633243560791 2.299999237060547
      vertex 3.375000238418579 3.8971145153045654 2.299999237060547
    endloop
  endfacet
  facet normal 0.5000000510210442 -0.866025374327423 0
    outer loop
      vertex 4.499999523162842 4.546633243560791 2.299999237060547
      vertex 3.375000238418579 3.8971145153045654 0
      vertex 4.499999523162842 4.546633243560791 0
    endloop
  endfacet
  facet normal 0.49999967495129877 -0.8660255914513125 0
    outer loop
      vertex 5.625 5.196152687072754 0
      vertex 6.75 5.8456711769104 2.299999237060547
      vertex 5.625 5.196152687072754 2.299999237060547
    endloop
  endfacet
  facet normal 0.49999967495129877 -0.8660255914513125 0
    outer loop
      vertex 6.75 5.8456711769104 2.299999237060547
      vertex 5.625 5.196152687072754 0
      vertex 6.75 5.8456711769104 0
    endloop
  endfacet
  facet normal 0.4999999502534636 -0.866025432505613 0
    outer loop
      vertex 7.875 6.495190143585205 0
      vertex 9 7.14470911026001 2.299999237060547
      vertex 7.875 6.495190143585205 2.299999237060547
    endloop
  endfacet
  facet normal 0.4999999502534636 -0.866025432505613 0
    outer loop
      vertex 9 7.14470911026001 2.299999237060547
      vertex 7.875 6.495190143585205 0
      vertex 9 7.14470911026001 0
    endloop
  endfacet
  facet normal -0.4999999502534636 0.866025432505613 0
    outer loop
      vertex 3.374999761581421 2.598076343536377 0
      vertex 2.249999761581421 1.9485573768615723 2.299999237060547
      vertex 3.374999761581421 2.598076343536377 2.299999237060547
    endloop
  endfacet
  facet normal -0.4999999502534636 0.866025432505613 0
    outer loop
      vertex 2.249999761581421 1.9485573768615723 2.299999237060547
      vertex 3.374999761581421 2.598076343536377 0
      vertex 2.249999761581421 1.9485573768615723 0
    endloop
  endfacet
  facet normal -0.4999999793425534 0.8660254157110208 0
    outer loop
      vertex 1.1249998807907104 1.2990384101867676 0
      vertex -2.384185791015625e-7 0.6495193243026733 2.299999237060547
      vertex 1.1249998807907104 1.2990384101867676 2.299999237060547
    endloop
  endfacet
  facet normal -0.4999999793425534 0.8660254157110208 0
    outer loop
      vertex -2.384185791015625e-7 0.6495193243026733 2.299999237060547
      vertex 1.1249998807907104 1.2990384101867676 0
      vertex -2.384185791015625e-7 0.6495193243026733 0
    endloop
  endfacet
  facet normal -0.4999999396061309 0.8660254386528524 0
    outer loop
      vertex -1.1250007152557373 0 0
      vertex -2.2500009536743164 -0.6495190858840942 2.299999237060547
      vertex -1.1250007152557373 0 2.299999237060547
    endloop
  endfacet
  facet normal -0.4999999396061309 0.8660254386528524 0
    outer loop
      vertex -2.2500009536743164 -0.6495190858840942 2.299999237060547
      vertex -1.1250007152557373 0 0
      vertex -2.2500009536743164 -0.6495190858840942 0
    endloop
  endfacet
  facet normal -0.5000000985518523 0.8660253468854926 0
    outer loop
      vertex -3.3750007152557373 -1.2990379333496094 0
      vertex -4.500000476837158 -1.9485570192337036 2.299999237060547
      vertex -3.3750007152557373 -1.2990379333496094 2.299999237060547
    endloop
  endfacet
  facet normal -0.5000000985518523 0.8660253468854926 0
    outer loop
      vertex -4.500000476837158 -1.9485570192337036 2.299999237060547
      vertex -3.3750007152557373 -1.2990379333496094 0
      vertex -4.500000476837158 -1.9485570192337036 0
    endloop
  endfacet
  facet normal -0.4999999928428371 0.8660254079166285 0
    outer loop
      vertex -5.625000953674316 -2.598076105117798 0
      vertex -6.75 -3.2475945949554443 2.299999237060547
      vertex -5.625000953674316 -2.598076105117798 2.299999237060547
    endloop
  endfacet
  facet normal -0.4999999928428371 0.8660254079166285 0
    outer loop
      vertex -6.75 -3.2475945949554443 2.299999237060547
      vertex -5.625000953674316 -2.598076105117798 0
      vertex -6.75 -3.2475945949554443 0
    endloop
  endfacet
  facet normal -0.49999965365674265 0.8660256037457191 0
    outer loop
      vertex -7.875000476837158 -3.8971140384674072 0
      vertex -9.000000953674316 -4.546632766723633 2.299999237060547
      vertex -7.875000476837158 -3.8971140384674072 2.299999237060547
    endloop
  endfacet
  facet normal -0.49999965365674265 0.8660256037457191 0
    outer loop
      vertex -9.000000953674316 -4.546632766723633 2.299999237060547
      vertex -7.875000476837158 -3.8971140384674072 0
      vertex -9.000000953674316 -4.546632766723633 0
    endloop
  endfacet
  facet normal -0.4999993996489823 0.8660257503969828 0
    outer loop
      vertex -10.125 -5.1961517333984375 0
      vertex -10.5 -5.412657737731934 2.299999237060547
      vertex -10.125 -5.1961517333984375 2.299999237060547
    endloop
  endfacet
  facet normal -0.4999993996489823 0.8660257503969828 0
    outer loop
      vertex -10.5 -5.412657737731934 2.299999237060547
      vertex -10.125 -5.1961517333984375 0
      vertex -10.5 -5.412657737731934 0
    endloop
  endfacet
  facet normal -0.49999983389702574 0.8660254996840142 0
    outer loop
      vertex 5.624999523162842 3.8971140384674072 0
      vertex 4.5 3.2475955486297607 2.299999237060547
      vertex 5.624999523162842 3.8971140384674072 2.299999237060547
    endloop
  endfacet
  facet normal -0.49999983389702574 0.8660254996840142 0
    outer loop
      vertex 4.5 3.2475955486297607 2.299999237060547
      vertex 5.624999523162842 3.8971140384674072 0
      vertex 4.5 3.2475955486297607 0
    endloop
  endfacet
  facet normal -0.4999999502534636 0.866025432505613 0
    outer loop
      vertex 7.875 5.196152210235596 0
      vertex 6.75 4.546633243560791 2.299999237060547
      vertex 7.875 5.196152210235596 2.299999237060547
    endloop
  endfacet
  facet normal -0.4999999502534636 0.866025432505613 0
    outer loop
      vertex 6.75 4.546633243560791 2.299999237060547
      vertex 7.875 5.196152210235596 0
      vertex 6.75 4.546633243560791 0
    endloop
  endfacet
  facet normal -0.5000073358275979 0.8660211684009737 0
    outer loop
      vertex 10.124999046325684 6.495190143585205 1.5999994277954102
      vertex 10.124999046325684 6.495190143585205 0
      vertex 10.078154563903809 6.468143939971924 1.5999994277954102
    endloop
  endfacet
  facet normal -0.49999996106073014 0.8660254262660355 0
    outer loop
      vertex 10.078154563903809 6.468143939971924 1.5999994277954102
      vertex 9 5.8456711769104 2.299999237060547
      vertex 10.078154563903809 6.468143939971924 2.299999237060547
    endloop
  endfacet
  facet normal -0.5000002681450412 0.8660252489707275 2.7590375599383905e-7
    outer loop
      vertex 9 5.8456711769104 0
      vertex 10.078154563903809 6.468143939971924 1.5999994277954102
      vertex 10.124999046325684 6.495190143585205 0
    endloop
  endfacet
  facet normal -0.4999999610607301 0.8660254262660354 0
    outer loop
      vertex 10.078154563903809 6.468143939971924 1.5999994277954102
      vertex 9 5.8456711769104 0
      vertex 9 5.8456711769104 2.299999237060547
    endloop
  endfacet
  facet normal 0.5000000297263312 -0.8660253866219326 0
    outer loop
      vertex 3.3750007152557373 1.2990379333496094 0
      vertex 4.500000476837158 1.948556900024414 2.299999237060547
      vertex 3.3750007152557373 1.2990379333496094 2.299999237060547
    endloop
  endfacet
  facet normal 0.5000000297263312 -0.8660253866219326 0
    outer loop
      vertex 4.500000476837158 1.948556900024414 2.299999237060547
      vertex 3.3750007152557373 1.2990379333496094 0
      vertex 4.500000476837158 1.948556900024414 0
    endloop
  endfacet
  facet normal 0.49999995838138267 -0.8660254278129572 0
    outer loop
      vertex 1.1250004768371582 -1.5172898315540806e-7 0
      vertex 2.2500007152557373 0.6495189666748047 2.299999237060547
      vertex 1.1250004768371582 -1.5172898315540806e-7 2.299999237060547
    endloop
  endfacet
  facet normal 0.49999995838138267 -0.8660254278129572 0
    outer loop
      vertex 2.2500007152557373 0.6495189666748047 2.299999237060547
      vertex 1.1250004768371582 -1.5172898315540806e-7 0
      vertex 2.2500007152557373 0.6495189666748047 0
    endloop
  endfacet
  facet normal 0.4999999793425534 -0.8660254157110208 0
    outer loop
      vertex -1.1250001192092896 -1.2990385293960571 0
      vertex 0 -0.6495194435119629 2.299999237060547
      vertex -1.1250001192092896 -1.2990385293960571 2.299999237060547
    endloop
  endfacet
  facet normal 0.4999999793425534 -0.8660254157110208 0
    outer loop
      vertex 0 -0.6495194435119629 2.299999237060547
      vertex -1.1250001192092896 -1.2990385293960571 0
      vertex 0 -0.6495194435119629 0
    endloop
  endfacet
  facet normal 0.49999987078061703 -0.8660254783892714 0
    outer loop
      vertex -3.375 -2.598076343536377 0
      vertex -2.249999761581421 -1.9485573768615723 2.299999237060547
      vertex -3.375 -2.598076343536377 2.299999237060547
    endloop
  endfacet
  facet normal 0.49999987078061703 -0.8660254783892714 0
    outer loop
      vertex -2.249999761581421 -1.9485573768615723 2.299999237060547
      vertex -3.375 -2.598076343536377 0
      vertex -2.249999761581421 -1.9485573768615723 0
    endloop
  endfacet
  facet normal 0.49999983389702574 -0.8660254996840142 0
    outer loop
      vertex -5.624999523162842 -3.8971140384674072 0
      vertex -4.5 -3.2475955486297607 2.299999237060547
      vertex -5.624999523162842 -3.8971140384674072 2.299999237060547
    endloop
  endfacet
  facet normal 0.49999983389702574 -0.8660254996840142 0
    outer loop
      vertex -4.5 -3.2475955486297607 2.299999237060547
      vertex -5.624999523162842 -3.8971140384674072 0
      vertex -4.5 -3.2475955486297607 0
    endloop
  endfacet
  facet normal 0.4999999502534636 -0.866025432505613 0
    outer loop
      vertex -7.875 -5.196152210235596 0
      vertex -6.75 -4.546633243560791 2.299999237060547
      vertex -7.875 -5.196152210235596 2.299999237060547
    endloop
  endfacet
  facet normal 0.4999999502534636 -0.866025432505613 0
    outer loop
      vertex -6.75 -4.546633243560791 2.299999237060547
      vertex -7.875 -5.196152210235596 0
      vertex -6.75 -4.546633243560791 0
    endloop
  endfacet
  facet normal 0.5000073358275979 -0.8660211684009737 0
    outer loop
      vertex -10.124999046325684 -6.495190143585205 1.5999994277954102
      vertex -10.124999046325684 -6.495190143585205 0
      vertex -10.078154563903809 -6.468143939971924 1.5999994277954102
    endloop
  endfacet
  facet normal 0.49999996106073014 -0.8660254262660355 0
    outer loop
      vertex -10.078154563903809 -6.468143939971924 1.5999994277954102
      vertex -9 -5.8456711769104 2.299999237060547
      vertex -10.078154563903809 -6.468143939971924 2.299999237060547
    endloop
  endfacet
  facet normal 0.5000002681450412 -0.8660252489707275 2.7590375599383905e-7
    outer loop
      vertex -9 -5.8456711769104 0
      vertex -10.078154563903809 -6.468143939971924 1.5999994277954102
      vertex -10.124999046325684 -6.495190143585205 0
    endloop
  endfacet
  facet normal 0.4999999610607301 -0.8660254262660354 0
    outer loop
      vertex -10.078154563903809 -6.468143939971924 1.5999994277954102
      vertex -9 -5.8456711769104 0
      vertex -9 -5.8456711769104 2.299999237060547
    endloop
  endfacet
  facet normal 0.4999999928428371 -0.8660254079166285 0
    outer loop
      vertex 5.625000953674316 2.598076105117798 0
      vertex 6.75 3.2475945949554443 2.299999237060547
      vertex 5.625000953674316 2.598076105117798 2.299999237060547
    endloop
  endfacet
  facet normal 0.4999999928428371 -0.8660254079166285 0
    outer loop
      vertex 6.75 3.2475945949554443 2.299999237060547
      vertex 5.625000953674316 2.598076105117798 0
      vertex 6.75 3.2475945949554443 0
    endloop
  endfacet
  facet normal 0.49999965365674265 -0.8660256037457191 0
    outer loop
      vertex 7.875000476837158 3.8971140384674072 0
      vertex 9.000000953674316 4.546632766723633 2.299999237060547
      vertex 7.875000476837158 3.8971140384674072 2.299999237060547
    endloop
  endfacet
  facet normal 0.49999965365674265 -0.8660256037457191 0
    outer loop
      vertex 9.000000953674316 4.546632766723633 2.299999237060547
      vertex 7.875000476837158 3.8971140384674072 0
      vertex 9.000000953674316 4.546632766723633 0
    endloop
  endfacet
  facet normal 0.4999993996489823 -0.8660257503969828 0
    outer loop
      vertex 10.125 5.1961517333984375 0
      vertex 10.5 5.412657737731934 2.299999237060547
      vertex 10.125 5.1961517333984375 2.299999237060547
    endloop
  endfacet
  facet normal 0.4999993996489823 -0.8660257503969828 0
    outer loop
      vertex 10.5 5.412657737731934 2.299999237060547
      vertex 10.125 5.1961517333984375 0
      vertex 10.5 5.412657737731934 0
    endloop
  endfacet
  facet normal -0.4999999502534636 0.866025432505613 0
    outer loop
      vertex 5.625000476837158 1.2990379333496094 0
      vertex 4.500000476837158 0.6495189666748047 2.299999237060547
      vertex 5.625000476837158 1.2990379333496094 2.299999237060547
    endloop
  endfacet
  facet normal -0.4999999502534636 0.866025432505613 0
    outer loop
      vertex 4.500000476837158 0.6495189666748047 2.299999237060547
      vertex 5.625000476837158 1.2990379333496094 0
      vertex 4.500000476837158 0.6495189666748047 0
    endloop
  endfacet
  facet normal -0.4999999740188843 0.8660254187846422 0
    outer loop
      vertex 3.3750007152557373 0 0
      vertex 2.250000476837158 -0.649519145488739 2.299999237060547
      vertex 3.3750007152557373 0 2.299999237060547
    endloop
  endfacet
  facet normal -0.4999999740188843 0.8660254187846422 0
    outer loop
      vertex 2.250000476837158 -0.649519145488739 2.299999237060547
      vertex 3.3750007152557373 0 0
      vertex 2.250000476837158 -0.649519145488739 0
    endloop
  endfacet
  facet normal -0.4999999793425534 0.8660254157110208 0
    outer loop
      vertex 1.1249998807907104 -1.2990384101867676 0
      vertex -2.384185791015625e-7 -1.9485574960708618 2.299999237060547
      vertex 1.1249998807907104 -1.2990384101867676 2.299999237060547
    endloop
  endfacet
  facet normal -0.4999999793425534 0.8660254157110208 0
    outer loop
      vertex -2.384185791015625e-7 -1.9485574960708618 2.299999237060547
      vertex 1.1249998807907104 -1.2990384101867676 0
      vertex -2.384185791015625e-7 -1.9485574960708618 0
    endloop
  endfacet
  facet normal -0.49999991051703774 0.8660254554474449 0
    outer loop
      vertex -1.1249998807907104 -2.598076343536377 0
      vertex -2.25 -3.2475953102111816 2.299999237060547
      vertex -1.1249998807907104 -2.598076343536377 2.299999237060547
    endloop
  endfacet
  facet normal -0.49999991051703774 0.8660254554474449 0
    outer loop
      vertex -2.25 -3.2475953102111816 2.299999237060547
      vertex -1.1249998807907104 -2.598076343536377 0
      vertex -2.25 -3.2475953102111816 0
    endloop
  endfacet
  facet normal -0.5000000510210442 0.866025374327423 0
    outer loop
      vertex -3.375000238418579 -3.8971145153045654 0
      vertex -4.499999523162842 -4.546633243560791 2.299999237060547
      vertex -3.375000238418579 -3.8971145153045654 2.299999237060547
    endloop
  endfacet
  facet normal -0.5000000510210442 0.866025374327423 0
    outer loop
      vertex -4.499999523162842 -4.546633243560791 2.299999237060547
      vertex -3.375000238418579 -3.8971145153045654 0
      vertex -4.499999523162842 -4.546633243560791 0
    endloop
  endfacet
  facet normal -0.49999967495129877 0.8660255914513125 0
    outer loop
      vertex -5.625 -5.196152687072754 0
      vertex -6.75 -5.8456711769104 2.299999237060547
      vertex -5.625 -5.196152687072754 2.299999237060547
    endloop
  endfacet
  facet normal -0.49999967495129877 0.8660255914513125 0
    outer loop
      vertex -6.75 -5.8456711769104 2.299999237060547
      vertex -5.625 -5.196152687072754 0
      vertex -6.75 -5.8456711769104 0
    endloop
  endfacet
  facet normal -0.4999999502534636 0.866025432505613 0
    outer loop
      vertex -7.875 -6.495190143585205 0
      vertex -9 -7.14470911026001 2.299999237060547
      vertex -7.875 -6.495190143585205 2.299999237060547
    endloop
  endfacet
  facet normal -0.4999999502534636 0.866025432505613 0
    outer loop
      vertex -9 -7.14470911026001 2.299999237060547
      vertex -7.875 -6.495190143585205 0
      vertex -9 -7.14470911026001 0
    endloop
  endfacet
  facet normal -0.49999990272258854 0.8660254599475711 0
    outer loop
      vertex 7.875 2.5980756282806396 0
      vertex 6.750000476837158 1.9485570192337036 2.299999237060547
      vertex 7.875 2.5980756282806396 2.299999237060547
    endloop
  endfacet
  facet normal -0.49999990272258854 0.8660254599475711 0
    outer loop
      vertex 6.750000476837158 1.9485570192337036 2.299999237060547
      vertex 7.875 2.5980756282806396 0
      vertex 6.750000476837158 1.9485570192337036 0
    endloop
  endfacet
  facet normal -0.4999999502534636 0.866025432505613 0
    outer loop
      vertex 10.125 3.897113800048828 0
      vertex 9 3.2475948333740234 2.299999237060547
      vertex 10.125 3.897113800048828 2.299999237060547
    endloop
  endfacet
  facet normal -0.4999999502534636 0.866025432505613 0
    outer loop
      vertex 9 3.2475948333740234 2.299999237060547
      vertex 10.125 3.897113800048828 0
      vertex 9 3.2475948333740234 0
    endloop
  endfacet
  facet normal 0.4999999502534636 -0.866025432505613 0
    outer loop
      vertex 5.625000476837158 0 0
      vertex 6.750000476837158 0.6495189666748047 2.299999237060547
      vertex 5.625000476837158 0 2.299999237060547
    endloop
  endfacet
  facet normal 0.4999999502534636 -0.866025432505613 0
    outer loop
      vertex 6.750000476837158 0.6495189666748047 2.299999237060547
      vertex 5.625000476837158 0 0
      vertex 6.750000476837158 0.6495189666748047 0
    endloop
  endfacet
  facet normal 0.5000000084316353 -0.8660253989164317 0
    outer loop
      vertex 3.375000238418579 -1.2990381717681885 0
      vertex 4.500000476837158 -0.6495189666748047 2.299999237060547
      vertex 3.375000238418579 -1.2990381717681885 2.299999237060547
    endloop
  endfacet
  facet normal 0.5000000084316353 -0.8660253989164317 0
    outer loop
      vertex 4.500000476837158 -0.6495189666748047 2.299999237060547
      vertex 3.375000238418579 -1.2990381717681885 0
      vertex 4.500000476837158 -0.6495189666748047 0
    endloop
  endfacet
  facet normal 0.5000000481680597 -0.8660253759745947 0
    outer loop
      vertex 1.1249996423721313 -2.598076581954956 0
      vertex 2.249999761581421 -1.9485573768615723 2.299999237060547
      vertex 1.1249996423721313 -2.598076581954956 2.299999237060547
    endloop
  endfacet
  facet normal 0.5000000481680597 -0.8660253759745947 0
    outer loop
      vertex 2.249999761581421 -1.9485573768615723 2.299999237060547
      vertex 1.1249996423721313 -2.598076581954956 0
      vertex 2.249999761581421 -1.9485573768615723 0
    endloop
  endfacet
  facet normal 0.5000000481680597 -0.8660253759745947 0
    outer loop
      vertex -1.1250001192092896 -3.8971145153045654 0
      vertex 0 -3.2475953102111816 2.299999237060547
      vertex -1.1250001192092896 -3.8971145153045654 2.299999237060547
    endloop
  endfacet
  facet normal 0.5000000481680597 -0.8660253759745947 0
    outer loop
      vertex 0 -3.2475953102111816 2.299999237060547
      vertex -1.1250001192092896 -3.8971145153045654 0
      vertex 0 -3.2475953102111816 0
    endloop
  endfacet
  facet normal 0.49999983389702574 -0.8660254996840142 0
    outer loop
      vertex -3.374999761581421 -5.196152210235596 0
      vertex -2.250000238418579 -4.546633720397949 2.299999237060547
      vertex -3.374999761581421 -5.196152210235596 2.299999237060547
    endloop
  endfacet
  facet normal 0.49999983389702574 -0.8660254996840142 0
    outer loop
      vertex -2.250000238418579 -4.546633720397949 2.299999237060547
      vertex -3.374999761581421 -5.196152210235596 0
      vertex -2.250000238418579 -4.546633720397949 0
    endloop
  endfacet
  facet normal 0.5000001091992198 -0.8660253407382305 0
    outer loop
      vertex -5.625 -6.495190620422363 0
      vertex -4.500000476837158 -5.845671653747559 2.299999237060547
      vertex -5.625 -6.495190620422363 2.299999237060547
    endloop
  endfacet
  facet normal 0.5000001091992198 -0.8660253407382305 0
    outer loop
      vertex -4.500000476837158 -5.845671653747559 2.299999237060547
      vertex -5.625 -6.495190620422363 0
      vertex -4.500000476837158 -5.845671653747559 0
    endloop
  endfacet
  facet normal 0.4999999502534636 -0.866025432505613 0
    outer loop
      vertex -7.875 -7.7942280769348145 0
      vertex -6.75 -7.14470911026001 2.299999237060547
      vertex -7.875 -7.7942280769348145 2.299999237060547
    endloop
  endfacet
  facet normal 0.4999999502534636 -0.866025432505613 0
    outer loop
      vertex -6.75 -7.14470911026001 2.299999237060547
      vertex -7.875 -7.7942280769348145 0
      vertex -6.75 -7.14470911026001 0
    endloop
  endfacet
  facet normal 0.49999983389702574 -0.8660254996840142 0
    outer loop
      vertex 7.875000476837158 1.299038052558899 0
      vertex 9 1.9485565423965454 2.299999237060547
      vertex 7.875000476837158 1.299038052558899 2.299999237060547
    endloop
  endfacet
  facet normal 0.49999983389702574 -0.8660254996840142 0
    outer loop
      vertex 9 1.9485565423965454 2.299999237060547
      vertex 7.875000476837158 1.299038052558899 0
      vertex 9 1.9485565423965454 0
    endloop
  endfacet
  facet normal 0.49999981260240006 -0.8660255119784663 0
    outer loop
      vertex 10.125 2.5980758666992188 0
      vertex 10.5 2.814582109451294 2.299999237060547
      vertex 10.125 2.5980758666992188 2.299999237060547
    endloop
  endfacet
  facet normal 0.49999981260240006 -0.8660255119784663 0
    outer loop
      vertex 10.5 2.814582109451294 2.299999237060547
      vertex 10.125 2.5980758666992188 0
      vertex 10.5 2.814582109451294 0
    endloop
  endfacet
  facet normal 0.5000002734707827 -0.8660252458959512 0
    outer loop
      vertex -10.125 -9.093266487121582 1.5999994277954102
      vertex -9.686245918273926 -8.839951515197754 2.299999237060547
      vertex -10.125 -9.093266487121582 2.299999237060547
    endloop
  endfacet
  facet normal 0.5000002734707827 -0.8660252458959512 0
    outer loop
      vertex -9.686245918273926 -8.839951515197754 2.299999237060547
      vertex -10.125 -9.093266487121582 1.5999994277954102
      vertex -9.686245918273926 -8.839951515197754 1.5999994277954102
    endloop
  endfacet
  facet normal -0.4999999502534636 0.866025432505613 0
    outer loop
      vertex 7.875000476837158 0 0
      vertex 6.750000476837158 -0.6495189666748047 2.299999237060547
      vertex 7.875000476837158 0 2.299999237060547
    endloop
  endfacet
  facet normal -0.4999999502534636 0.866025432505613 0
    outer loop
      vertex 6.750000476837158 -0.6495189666748047 2.299999237060547
      vertex 7.875000476837158 0 0
      vertex 6.750000476837158 -0.6495189666748047 0
    endloop
  endfacet
  facet normal -0.4999999289588025 0.8660254448000893 0
    outer loop
      vertex 5.625000476837158 -1.2990379333496094 0
      vertex 4.5 -1.9485571384429932 2.299999237060547
      vertex 5.625000476837158 -1.2990379333496094 2.299999237060547
    endloop
  endfacet
  facet normal -0.4999999289588025 0.8660254448000893 0
    outer loop
      vertex 4.5 -1.9485571384429932 2.299999237060547
      vertex 5.625000476837158 -1.2990379333496094 0
      vertex 4.5 -1.9485571384429932 0
    endloop
  endfacet
  facet normal -0.5000000084316353 0.8660253989164317 0
    outer loop
      vertex 3.374999761581421 -2.598076343536377 0
      vertex 2.249999523162842 -3.2475955486297607 2.299999237060547
      vertex 3.374999761581421 -2.598076343536377 2.299999237060547
    endloop
  endfacet
  facet normal -0.5000000084316353 0.8660253989164317 0
    outer loop
      vertex 2.249999523162842 -3.2475955486297607 2.299999237060547
      vertex 3.374999761581421 -2.598076343536377 0
      vertex 2.249999523162842 -3.2475955486297607 0
    endloop
  endfacet
  facet normal -0.49999991051703774 0.8660254554474449 0
    outer loop
      vertex 1.1249998807907104 -3.8971142768859863 0
      vertex -2.384185791015625e-7 -4.546633243560791 2.299999237060547
      vertex 1.1249998807907104 -3.8971142768859863 2.299999237060547
    endloop
  endfacet
  facet normal -0.49999991051703774 0.8660254554474449 0
    outer loop
      vertex -2.384185791015625e-7 -4.546633243560791 2.299999237060547
      vertex 1.1249998807907104 -3.8971142768859863 0
      vertex -2.384185791015625e-7 -4.546633243560791 0
    endloop
  endfacet
  facet normal -0.49999983389702574 0.8660254996840142 0
    outer loop
      vertex -1.1250004768371582 -5.196152687072754 0
      vertex -2.25 -5.8456711769104 2.299999237060547
      vertex -1.1250004768371582 -5.196152687072754 2.299999237060547
    endloop
  endfacet
  facet normal -0.49999983389702574 0.8660254996840142 0
    outer loop
      vertex -2.25 -5.8456711769104 2.299999237060547
      vertex -1.1250004768371582 -5.196152687072754 0
      vertex -2.25 -5.8456711769104 0
    endloop
  endfacet
  facet normal -0.4999999502534636 0.866025432505613 0
    outer loop
      vertex -3.375000476837158 -6.495190620422363 0
      vertex -4.500000476837158 -7.144709587097168 2.299999237060547
      vertex -3.375000476837158 -6.495190620422363 2.299999237060547
    endloop
  endfacet
  facet normal -0.4999999502534636 0.866025432505613 0
    outer loop
      vertex -4.500000476837158 -7.144709587097168 2.299999237060547
      vertex -3.375000476837158 -6.495190620422363 0
      vertex -4.500000476837158 -7.144709587097168 0
    endloop
  endfacet
  facet normal -0.4999999502534636 0.866025432505613 0
    outer loop
      vertex -5.625 -7.794228553771973 0
      vertex -6.75 -8.443747520446777 2.299999237060547
      vertex -5.625 -7.794228553771973 2.299999237060547
    endloop
  endfacet
  facet normal -0.4999999502534636 0.866025432505613 0
    outer loop
      vertex -6.75 -8.443747520446777 2.299999237060547
      vertex -5.625 -7.794228553771973 0
      vertex -6.75 -8.443747520446777 0
    endloop
  endfacet
  facet normal -0.49999995843004846 0.8660254277848599 0
    outer loop
      vertex 10.124999046325684 1.2990374565124512 0
      vertex 9 0.6495190262794495 2.299999237060547
      vertex 10.124999046325684 1.2990374565124512 2.299999237060547
    endloop
  endfacet
  facet normal -0.49999995843004846 0.8660254277848599 0
    outer loop
      vertex 9 0.6495190262794495 2.299999237060547
      vertex 10.124999046325684 1.2990374565124512 0
      vertex 9 0.6495190262794495 0
    endloop
  endfacet
  facet normal -0.4999997904205963 0.8660255247851301 0
    outer loop
      vertex -8.862688064575195 -9.663508415222168 1.5999994277954102
      vertex -9 -9.742785453796387 2.299999237060547
      vertex -8.862688064575195 -9.663508415222168 2.299999237060547
    endloop
  endfacet
  facet normal -0.4999997904205963 0.8660255247851301 0
    outer loop
      vertex -9 -9.742785453796387 2.299999237060547
      vertex -8.862688064575195 -9.663508415222168 1.5999994277954102
      vertex -9 -9.742785453796387 1.5999994277954102
    endloop
  endfacet
  facet normal -0.49999866091087364 0.8660261769065257 0
    outer loop
      vertex -10.125 -10.392304420471191 1.5999994277954102
      vertex -10.311534881591797 -10.5 2.299999237060547
      vertex -10.125 -10.392304420471191 2.299999237060547
    endloop
  endfacet
  facet normal -0.49999866091087364 0.8660261769065257 0
    outer loop
      vertex -10.311534881591797 -10.5 2.299999237060547
      vertex -10.125 -10.392304420471191 1.5999994277954102
      vertex -10.311534881591797 -10.5 1.5999994277954102
    endloop
  endfacet
  facet normal 0.5000001436119834 -0.8660253208700055 0
    outer loop
      vertex 7.875000476837158 -1.299038052558899 0
      vertex 9 -0.6495190262794495 2.299999237060547
      vertex 7.875000476837158 -1.299038052558899 2.299999237060547
    endloop
  endfacet
  facet normal 0.5000001436119834 -0.8660253208700055 0
    outer loop
      vertex 9 -0.6495190262794495 2.299999237060547
      vertex 7.875000476837158 -1.299038052558899 0
      vertex 9 -0.6495190262794495 0
    endloop
  endfacet
  facet normal 0.5000001567299877 -0.866025313296319 0
    outer loop
      vertex 5.625000476837158 -2.598076343536377 0
      vertex 6.750000476837158 -1.9485570192337036 2.299999237060547
      vertex 5.625000476837158 -2.598076343536377 2.299999237060547
    endloop
  endfacet
  facet normal 0.5000001567299877 -0.866025313296319 0
    outer loop
      vertex 6.750000476837158 -1.9485570192337036 2.299999237060547
      vertex 5.625000476837158 -2.598076343536377 0
      vertex 6.750000476837158 -1.9485570192337036 0
    endloop
  endfacet
  facet normal 0.5000000879044891 -0.8660253530327522 0
    outer loop
      vertex 3.375 -3.8971147537231445 0
      vertex 4.5 -3.2475955486297607 2.299999237060547
      vertex 3.375 -3.8971147537231445 2.299999237060547
    endloop
  endfacet
  facet normal 0.5000000879044891 -0.8660253530327522 0
    outer loop
      vertex 4.5 -3.2475955486297607 2.299999237060547
      vertex 3.375 -3.8971147537231445 0
      vertex 4.5 -3.2475955486297607 0
    endloop
  endfacet
  facet normal 0.4999999502534636 -0.866025432505613 0
    outer loop
      vertex 1.125000238418579 -5.196152687072754 0
      vertex 2.250000238418579 -4.546633720397949 2.299999237060547
      vertex 1.125000238418579 -5.196152687072754 2.299999237060547
    endloop
  endfacet
  facet normal 0.4999999502534636 -0.866025432505613 0
    outer loop
      vertex 2.250000238418579 -4.546633720397949 2.299999237060547
      vertex 1.125000238418579 -5.196152687072754 0
      vertex 2.250000238418579 -4.546633720397949 0
    endloop
  endfacet
  facet normal 0.5000001091992198 -0.8660253407382305 0
    outer loop
      vertex -1.1249995231628418 -6.495190620422363 0
      vertex 0 -5.845671653747559 2.299999237060547
      vertex -1.1249995231628418 -6.495190620422363 2.299999237060547
    endloop
  endfacet
  facet normal 0.5000001091992198 -0.8660253407382305 0
    outer loop
      vertex 0 -5.845671653747559 2.299999237060547
      vertex -1.1249995231628418 -6.495190620422363 0
      vertex 0 -5.845671653747559 0
    endloop
  endfacet
  facet normal 0.4999999502534636 -0.866025432505613 0
    outer loop
      vertex -3.374999761581421 -7.794229030609131 0
      vertex -2.249999761581421 -7.144710063934326 2.299999237060547
      vertex -3.374999761581421 -7.794229030609131 2.299999237060547
    endloop
  endfacet
  facet normal 0.4999999502534636 -0.866025432505613 0
    outer loop
      vertex -2.249999761581421 -7.144710063934326 2.299999237060547
      vertex -3.374999761581421 -7.794229030609131 0
      vertex -2.249999761581421 -7.144710063934326 0
    endloop
  endfacet
  facet normal 0.4999999502534636 -0.866025432505613 0
    outer loop
      vertex -5.624999523162842 -9.093266487121582 0
      vertex -4.499999523162842 -8.443747520446777 2.299999237060547
      vertex -5.624999523162842 -9.093266487121582 2.299999237060547
    endloop
  endfacet
  facet normal 0.4999999502534636 -0.866025432505613 0
    outer loop
      vertex -4.499999523162842 -8.443747520446777 2.299999237060547
      vertex -5.624999523162842 -9.093266487121582 0
      vertex -4.499999523162842 -8.443747520446777 0
    endloop
  endfacet
  facet normal 0.5000024721064826 -0.8660239765083909 0
    outer loop
      vertex -6.963240146636963 -9.865900993347168 1.5999994277954102
      vertex -6.963240146636963 -9.865900993347168 0
      vertex -6.783925533294678 -9.762372970581055 1.5999994277954102
    endloop
  endfacet
  facet normal 0.5000062355895658 -0.8660218036351923 0
    outer loop
      vertex -6.783925533294678 -9.762372970581055 1.5999994277954102
      vertex -6.749999523162842 -9.742785453796387 2.299999237060547
      vertex -6.783925533294678 -9.762372970581055 2.299999237060547
    endloop
  endfacet
  facet normal 0.5000062355895658 -0.8660218036351923 0
    outer loop
      vertex -6.783925533294678 -9.762372970581055 1.5999994277954102
      vertex -6.749999523162842 -9.742785453796387 0
      vertex -6.749999523162842 -9.742785453796387 2.299999237060547
    endloop
  endfacet
  facet normal 0.5000030708684201 -0.8660236308104656 -8.947264949067027e-8
    outer loop
      vertex -6.749999523162842 -9.742785453796387 0
      vertex -6.783925533294678 -9.762372970581055 1.5999994277954102
      vertex -6.963240146636963 -9.865900993347168 0
    endloop
  endfacet
  facet normal 0.4999996835544937 -0.8660255864842599 0
    outer loop
      vertex 10.125 0 0
      vertex 10.5 0.21650616824626923 2.299999237060547
      vertex 10.125 0 2.299999237060547
    endloop
  endfacet
  facet normal 0.4999996835544937 -0.8660255864842599 0
    outer loop
      vertex 10.5 0.21650616824626923 2.299999237060547
      vertex 10.125 0 0
      vertex 10.5 0.21650616824626923 0
    endloop
  endfacet
  facet normal -0.5000003369705923 0.866025209234289 0
    outer loop
      vertex 10.124999046325684 -1.2990374565124512 0
      vertex 9 -1.9485565423965454 2.299999237060547
      vertex 10.124999046325684 -1.2990374565124512 2.299999237060547
    endloop
  endfacet
  facet normal -0.5000003369705923 0.866025209234289 0
    outer loop
      vertex 9 -1.9485565423965454 2.299999237060547
      vertex 10.124999046325684 -1.2990374565124512 0
      vertex 9 -1.9485565423965454 0
    endloop
  endfacet
  facet normal -0.4999999289588025 0.8660254448000893 0
    outer loop
      vertex 7.875 -2.5980756282806396 0
      vertex 6.749999523162842 -3.2475948333740234 2.299999237060547
      vertex 7.875 -2.5980756282806396 2.299999237060547
    endloop
  endfacet
  facet normal -0.4999999289588025 0.8660254448000893 0
    outer loop
      vertex 6.749999523162842 -3.2475948333740234 2.299999237060547
      vertex 7.875 -2.5980756282806396 0
      vertex 6.749999523162842 -3.2475948333740234 0
    endloop
  endfacet
  facet normal -0.5000000879044891 0.8660253530327522 0
    outer loop
      vertex 5.624999523162842 -3.8971140384674072 0
      vertex 4.499999523162842 -4.546633243560791 2.299999237060547
      vertex 5.624999523162842 -3.8971140384674072 2.299999237060547
    endloop
  endfacet
  facet normal -0.5000000879044891 0.8660253530327522 0
    outer loop
      vertex 4.499999523162842 -4.546633243560791 2.299999237060547
      vertex 5.624999523162842 -3.8971140384674072 0
      vertex 4.499999523162842 -4.546633243560791 0
    endloop
  endfacet
  facet normal -0.5000002255554769 0.8660252735598841 0
    outer loop
      vertex 3.374999761581421 -5.196152210235596 0
      vertex 2.249999761581421 -5.845671653747559 2.299999237060547
      vertex 3.374999761581421 -5.196152210235596 2.299999237060547
    endloop
  endfacet
  facet normal -0.5000002255554769 0.8660252735598841 0
    outer loop
      vertex 2.249999761581421 -5.845671653747559 2.299999237060547
      vertex 3.374999761581421 -5.196152210235596 0
      vertex 2.249999761581421 -5.845671653747559 0
    endloop
  endfacet
  facet normal -0.5000001091992198 0.8660253407382305 0
    outer loop
      vertex 1.1249995231628418 -6.495190620422363 0
      vertex 0 -7.144709587097168 2.299999237060547
      vertex 1.1249995231628418 -6.495190620422363 2.299999237060547
    endloop
  endfacet
  facet normal -0.5000001091992198 0.8660253407382305 0
    outer loop
      vertex 0 -7.144709587097168 2.299999237060547
      vertex 1.1249995231628418 -6.495190620422363 0
      vertex 0 -7.144709587097168 0
    endloop
  endfacet
  facet normal -0.4999997544241518 0.8660255455676744 0
    outer loop
      vertex -1.125000238418579 -7.794229030609131 0
      vertex -2.25 -8.443747520446777 2.299999237060547
      vertex -1.125000238418579 -7.794229030609131 2.299999237060547
    endloop
  endfacet
  facet normal -0.4999997544241518 0.8660255455676744 0
    outer loop
      vertex -2.25 -8.443747520446777 2.299999237060547
      vertex -1.125000238418579 -7.794229030609131 0
      vertex -2.25 -8.443747520446777 0
    endloop
  endfacet
  facet normal -0.4999999502534636 0.866025432505613 0
    outer loop
      vertex -3.374999523162842 -9.093266487121582 0
      vertex -4.499999523162842 -9.742785453796387 2.299999237060547
      vertex -3.374999523162842 -9.093266487121582 2.299999237060547
    endloop
  endfacet
  facet normal -0.4999999502534636 0.866025432505613 0
    outer loop
      vertex -4.499999523162842 -9.742785453796387 2.299999237060547
      vertex -3.374999523162842 -9.093266487121582 0
      vertex -4.499999523162842 -9.742785453796387 0
    endloop
  endfacet
  facet normal -0.4999991746203252 0.8660258803170917 0
    outer loop
      vertex -5.624999523162842 -10.392305374145508 0
      vertex -5.811532497406006 -10.5 2.299999237060547
      vertex -5.624999523162842 -10.392305374145508 2.299999237060547
    endloop
  endfacet
  facet normal -0.4999991746203252 0.8660258803170917 0
    outer loop
      vertex -5.811532497406006 -10.5 2.299999237060547
      vertex -5.624999523162842 -10.392305374145508 0
      vertex -5.811532497406006 -10.5 0
    endloop
  endfacet
  facet normal 0.49999981260240006 -0.8660255119784663 0
    outer loop
      vertex 10.125 -2.5980758666992188 0
      vertex 10.5 -2.3815696239471436 2.299999237060547
      vertex 10.125 -2.5980758666992188 2.299999237060547
    endloop
  endfacet
  facet normal 0.49999981260240006 -0.8660255119784663 0
    outer loop
      vertex 10.5 -2.3815696239471436 2.299999237060547
      vertex 10.125 -2.5980758666992188 0
      vertex 10.5 -2.3815696239471436 0
    endloop
  endfacet
  facet normal 0.5000002255554769 -0.8660252735598841 0
    outer loop
      vertex 7.875 -3.8971142768859863 0
      vertex 9 -3.2475948333740234 2.299999237060547
      vertex 7.875 -3.8971142768859863 2.299999237060547
    endloop
  endfacet
  facet normal 0.5000002255554769 -0.8660252735598841 0
    outer loop
      vertex 9 -3.2475948333740234 2.299999237060547
      vertex 7.875 -3.8971142768859863 0
      vertex 9 -3.2475948333740234 0
    endloop
  endfacet
  facet normal 0.5000000666097757 -0.8660253653272634 0
    outer loop
      vertex 5.624999523162842 -5.196152687072754 0
      vertex 6.75 -4.546633243560791 2.299999237060547
      vertex 5.624999523162842 -5.196152687072754 2.299999237060547
    endloop
  endfacet
  facet normal 0.5000000666097757 -0.8660253653272634 0
    outer loop
      vertex 6.75 -4.546633243560791 2.299999237060547
      vertex 5.624999523162842 -5.196152687072754 0
      vertex 6.75 -4.546633243560791 0
    endloop
  endfacet
  facet normal 0.49999979130779154 -0.8660255242729078 0
    outer loop
      vertex 3.375 -6.495190620422363 0
      vertex 4.500000476837158 -5.845671653747559 2.299999237060547
      vertex 3.375 -6.495190620422363 2.299999237060547
    endloop
  endfacet
  facet normal 0.49999979130779154 -0.8660255242729078 0
    outer loop
      vertex 4.500000476837158 -5.845671653747559 2.299999237060547
      vertex 3.375 -6.495190620422363 0
      vertex 4.500000476837158 -5.845671653747559 0
    endloop
  endfacet
  facet normal 0.5000001091992198 -0.8660253407382305 0
    outer loop
      vertex 1.125000238418579 -7.794229030609131 0
      vertex 2.249999761581421 -7.144710063934326 2.299999237060547
      vertex 1.125000238418579 -7.794229030609131 2.299999237060547
    endloop
  endfacet
  facet normal 0.5000001091992198 -0.8660253407382305 0
    outer loop
      vertex 2.249999761581421 -7.144710063934326 2.299999237060547
      vertex 1.125000238418579 -7.794229030609131 0
      vertex 2.249999761581421 -7.144710063934326 0
    endloop
  endfacet
  facet normal 0.4999999899898947 -0.8660254095637755 0
    outer loop
      vertex -1.1249998807907104 -9.093267440795898 0
      vertex 0 -8.443748474121094 2.299999237060547
      vertex -1.1249998807907104 -9.093267440795898 2.299999237060547
    endloop
  endfacet
  facet normal 0.4999999899898947 -0.8660254095637755 0
    outer loop
      vertex 0 -8.443748474121094 2.299999237060547
      vertex -1.1249998807907104 -9.093267440795898 0
      vertex 0 -8.443748474121094 0
    endloop
  endfacet
  facet normal 0.4999999502534636 -0.866025432505613 0
    outer loop
      vertex -3.374999523162842 -10.392305374145508 0
      vertex -2.249999523162842 -9.742786407470703 2.299999237060547
      vertex -3.374999523162842 -10.392305374145508 2.299999237060547
    endloop
  endfacet
  facet normal 0.4999999502534636 -0.866025432505613 0
    outer loop
      vertex -2.249999523162842 -9.742786407470703 2.299999237060547
      vertex -3.374999523162842 -10.392305374145508 0
      vertex -2.249999523162842 -9.742786407470703 0
    endloop
  endfacet
  facet normal -0.5000002255554769 0.8660252735598841 0
    outer loop
      vertex 10.125 -3.897113800048828 0
      vertex 9 -4.546633243560791 2.299999237060547
      vertex 10.125 -3.897113800048828 2.299999237060547
    endloop
  endfacet
  facet normal -0.5000002255554769 0.8660252735598841 0
    outer loop
      vertex 9 -4.546633243560791 2.299999237060547
      vertex 10.125 -3.897113800048828 0
      vertex 9 -4.546633243560791 0
    endloop
  endfacet
  facet normal -0.5000000666097757 0.8660253653272634 0
    outer loop
      vertex 7.875 -5.196152210235596 0
      vertex 6.749999523162842 -5.845671653747559 2.299999237060547
      vertex 7.875 -5.196152210235596 2.299999237060547
    endloop
  endfacet
  facet normal -0.5000000666097757 0.8660253653272634 0
    outer loop
      vertex 6.749999523162842 -5.845671653747559 2.299999237060547
      vertex 7.875 -5.196152210235596 0
      vertex 6.749999523162842 -5.845671653747559 0
    endloop
  endfacet
  facet normal -0.4999999502534636 0.866025432505613 0
    outer loop
      vertex 5.625 -6.495190620422363 0
      vertex 4.5 -7.144709587097168 2.299999237060547
      vertex 5.625 -6.495190620422363 2.299999237060547
    endloop
  endfacet
  facet normal -0.4999999502534636 0.866025432505613 0
    outer loop
      vertex 4.5 -7.144709587097168 2.299999237060547
      vertex 5.625 -6.495190620422363 0
      vertex 4.5 -7.144709587097168 0
    endloop
  endfacet
  facet normal -0.4999997544241518 0.8660255455676744 0
    outer loop
      vertex 3.374999761581421 -7.794229030609131 0
      vertex 2.25 -8.443747520446777 2.299999237060547
      vertex 3.374999761581421 -7.794229030609131 2.299999237060547
    endloop
  endfacet
  facet normal -0.4999997544241518 0.8660255455676744 0
    outer loop
      vertex 2.25 -8.443747520446777 2.299999237060547
      vertex 3.374999761581421 -7.794229030609131 0
      vertex 2.25 -8.443747520446777 0
    endloop
  endfacet
  facet normal -0.4999999899898947 0.8660254095637755 0
    outer loop
      vertex 1.1249998807907104 -9.093267440795898 0
      vertex 0 -9.742786407470703 2.299999237060547
      vertex 1.1249998807907104 -9.093267440795898 2.299999237060547
    endloop
  endfacet
  facet normal -0.4999999899898947 0.8660254095637755 0
    outer loop
      vertex 0 -9.742786407470703 2.299999237060547
      vertex 1.1249998807907104 -9.093267440795898 0
      vertex 0 -9.742786407470703 0
    endloop
  endfacet
  facet normal -0.49999893496596215 0.8660260186812538 0
    outer loop
      vertex -1.1249995231628418 -10.392305374145508 0
      vertex -1.3115326166152954 -10.5 2.299999237060547
      vertex -1.1249995231628418 -10.392305374145508 2.299999237060547
    endloop
  endfacet
  facet normal -0.49999893496596215 0.8660260186812538 0
    outer loop
      vertex -1.3115326166152954 -10.5 2.299999237060547
      vertex -1.1249995231628418 -10.392305374145508 0
      vertex -1.3115326166152954 -10.5 0
    endloop
  endfacet
  facet normal 0.5000002255554769 -0.8660252735598842 0
    outer loop
      vertex 10.125 -5.196152210235596 0
      vertex 10.5 -4.979645729064941 2.299999237060547
      vertex 10.125 -5.196152210235596 2.299999237060547
    endloop
  endfacet
  facet normal 0.5000002255554769 -0.8660252735598842 0
    outer loop
      vertex 10.5 -4.979645729064941 2.299999237060547
      vertex 10.125 -5.196152210235596 0
      vertex 10.5 -4.979645729064941 0
    endloop
  endfacet
  facet normal 0.5000000666097757 -0.8660253653272634 0
    outer loop
      vertex 7.874999523162842 -6.495190620422363 0
      vertex 9 -5.8456711769104 2.299999237060547
      vertex 7.874999523162842 -6.495190620422363 2.299999237060547
    endloop
  endfacet
  facet normal 0.5000000666097757 -0.8660253653272634 0
    outer loop
      vertex 9 -5.8456711769104 2.299999237060547
      vertex 7.874999523162842 -6.495190620422363 0
      vertex 9 -5.8456711769104 0
    endloop
  endfacet
  facet normal 0.5000000666097757 -0.8660253653272634 0
    outer loop
      vertex 5.624999523162842 -7.794228553771973 0
      vertex 6.75 -7.14470911026001 2.299999237060547
      vertex 5.624999523162842 -7.794228553771973 2.299999237060547
    endloop
  endfacet
  facet normal 0.5000000666097757 -0.8660253653272634 0
    outer loop
      vertex 6.75 -7.14470911026001 2.299999237060547
      vertex 5.624999523162842 -7.794228553771973 0
      vertex 6.75 -7.14470911026001 0
    endloop
  endfacet
  facet normal 0.4999999502534636 -0.866025432505613 0
    outer loop
      vertex 3.374999523162842 -9.093266487121582 0
      vertex 4.499999523162842 -8.443747520446777 2.299999237060547
      vertex 3.374999523162842 -9.093266487121582 2.299999237060547
    endloop
  endfacet
  facet normal 0.4999999502534636 -0.866025432505613 0
    outer loop
      vertex 4.499999523162842 -8.443747520446777 2.299999237060547
      vertex 3.374999523162842 -9.093266487121582 0
      vertex 4.499999523162842 -8.443747520446777 0
    endloop
  endfacet
  facet normal 0.4999999502534636 -0.866025432505613 0
    outer loop
      vertex 1.1249995231628418 -10.392305374145508 0
      vertex 2.249999523162842 -9.742786407470703 2.299999237060547
      vertex 1.1249995231628418 -10.392305374145508 2.299999237060547
    endloop
  endfacet
  facet normal 0.4999999502534636 -0.866025432505613 0
    outer loop
      vertex 2.249999523162842 -9.742786407470703 2.299999237060547
      vertex 1.1249995231628418 -10.392305374145508 0
      vertex 2.249999523162842 -9.742786407470703 0
    endloop
  endfacet
  facet normal -0.5000002526274866 0.8660252579298422 0
    outer loop
      vertex 10.124999046325684 -6.495190143585205 1.5999994277954102
      vertex 10.124999046325684 -6.495190143585205 0
      vertex 9.950170516967773 -6.596127510070801 1.5999994277954102
    endloop
  endfacet
  facet normal -0.5000002205743129 0.8660252764357622 0
    outer loop
      vertex 9.950170516967773 -6.596127510070801 1.5999994277954102
      vertex 8.999999046325684 -7.144709587097168 2.299999237060547
      vertex 9.950170516967773 -6.596127510070801 2.299999237060547
    endloop
  endfacet
  facet normal -0.5000002255554769 0.8660252735598842 3.944135740537968e-9
    outer loop
      vertex 8.999999046325684 -7.144709587097168 0
      vertex 9.950170516967773 -6.596127510070801 1.5999994277954102
      vertex 10.124999046325684 -6.495190143585205 0
    endloop
  endfacet
  facet normal -0.5000002205743129 0.8660252764357622 0
    outer loop
      vertex 9.950170516967773 -6.596127510070801 1.5999994277954102
      vertex 8.999999046325684 -7.144709587097168 0
      vertex 8.999999046325684 -7.144709587097168 2.299999237060547
    endloop
  endfacet
  facet normal -0.5000000666097757 0.8660253653272634 0
    outer loop
      vertex 7.875 -7.7942280769348145 0
      vertex 6.749999523162842 -8.443747520446777 2.299999237060547
      vertex 7.875 -7.7942280769348145 2.299999237060547
    endloop
  endfacet
  facet normal -0.5000000666097757 0.8660253653272634 0
    outer loop
      vertex 6.749999523162842 -8.443747520446777 2.299999237060547
      vertex 7.875 -7.7942280769348145 0
      vertex 6.749999523162842 -8.443747520446777 0
    endloop
  endfacet
  facet normal -0.4999999502534636 0.866025432505613 0
    outer loop
      vertex 5.624999523162842 -9.093266487121582 0
      vertex 4.499999523162842 -9.742785453796387 2.299999237060547
      vertex 5.624999523162842 -9.093266487121582 2.299999237060547
    endloop
  endfacet
  facet normal -0.4999999502534636 0.866025432505613 0
    outer loop
      vertex 4.499999523162842 -9.742785453796387 2.299999237060547
      vertex 5.624999523162842 -9.093266487121582 0
      vertex 4.499999523162842 -9.742785453796387 0
    endloop
  endfacet
  facet normal -0.4999986953117906 0.8660261570452171 0
    outer loop
      vertex 3.374999523162842 -10.392305374145508 0
      vertex 3.1884663105010986 -10.5 2.299999237060547
      vertex 3.374999523162842 -10.392305374145508 2.299999237060547
    endloop
  endfacet
  facet normal -0.4999986953117906 0.8660261570452171 0
    outer loop
      vertex 3.1884663105010986 -10.5 2.299999237060547
      vertex 3.374999523162842 -10.392305374145508 0
      vertex 3.1884663105010986 -10.5 0
    endloop
  endfacet
  facet normal 0.5000005008573385 -0.8660251146141265 0
    outer loop
      vertex 5.624999523162842 -10.392305374145508 0
      vertex 6.749999523162842 -9.742785453796387 2.299999237060547
      vertex 5.624999523162842 -10.392305374145508 2.299999237060547
    endloop
  endfacet
  facet normal 0.5000005008573385 -0.8660251146141265 0
    outer loop
      vertex 6.749999523162842 -9.742785453796387 2.299999237060547
      vertex 5.624999523162842 -10.392305374145508 0
      vertex 6.749999523162842 -9.742785453796387 0
    endloop
  endfacet
  facet normal -0.49999995025346355 0.8660254325056129 0
    outer loop
      vertex 10.125 -9.093266487121582 1.5999994277954102
      vertex 9 -9.742785453796387 2.299999237060547
      vertex 10.125 -9.093266487121582 2.299999237060547
    endloop
  endfacet
  facet normal -0.49999995025346355 0.8660254325056129 0
    outer loop
      vertex 9 -9.742785453796387 2.299999237060547
      vertex 10.125 -9.093266487121582 1.5999994277954102
      vertex 9 -9.742785453796387 1.5999994277954102
    endloop
  endfacet
  facet normal 0 1 0
    outer loop
      vertex 7.688467025756836 -10.5 1.5999994277954102
      vertex 7.688466548919678 -10.5 2.299999237060547
      vertex 7.688467025756836 -10.5 2.299999237060547
    endloop
  endfacet
  facet normal 0 1 0
    outer loop
      vertex 7.688466548919678 -10.5 2.299999237060547
      vertex 7.688467025756836 -10.5 1.5999994277954102
      vertex 7.688466548919678 -10.5 1.5999994277954102
    endloop
  endfacet
  facet normal 0.4999993996489824 -0.8660257503969829 0
    outer loop
      vertex 10.125 -10.392304420471191 1.5999994277954102
      vertex 10.5 -10.175798416137695 2.299999237060547
      vertex 10.125 -10.392304420471191 2.299999237060547
    endloop
  endfacet
  facet normal 0.4999993996489824 -0.8660257503969829 0
    outer loop
      vertex 10.5 -10.175798416137695 2.299999237060547
      vertex 10.125 -10.392304420471191 1.5999994277954102
      vertex 10.5 -10.175798416137695 1.5999994277954102
    endloop
  endfacet
  facet normal 0 0 1
    outer loop
      vertex -10.5 -8.02619743347168 2.299999237060547
      vertex -10.125 -9.093266487121582 2.299999237060547
      vertex -9.686245918273926 -8.839951515197754 2.299999237060547
    endloop
  endfacet
  facet normal 0 0 1
    outer loop
      vertex -10.5 -10.175797462463379 2.299999237060547
      vertex -10.125 -9.093266487121582 2.299999237060547
      vertex -10.5 -8.02619743347168 2.299999237060547
    endloop
  endfacet
  facet normal 0 0 1
    outer loop
      vertex -10.125 -9.093266487121582 2.299999237060547
      vertex -10.5 -10.175797462463379 2.299999237060547
      vertex -10.125 -10.392304420471191 2.299999237060547
    endloop
  endfacet
  facet normal 0 0 1
    outer loop
      vertex -10.125 10.392304420471191 2.299999237060547
      vertex -10.125 9.093266487121582 2.299999237060547
      vertex -9 9.742785453796387 2.299999237060547
    endloop
  endfacet
  facet normal 0 0 1
    outer loop
      vertex -10.125 9.093266487121582 2.299999237060547
      vertex -10.125 10.392304420471191 2.299999237060547
      vertex -10.5 10.175798416137695 2.299999237060547
    endloop
  endfacet
  facet normal 0 0 1
    outer loop
      vertex -10.125 9.093266487121582 2.299999237060547
      vertex -10.5 8.02619743347168 2.299999237060547
      vertex -9.686245918273926 8.839951515197754 2.299999237060547
    endloop
  endfacet
  facet normal 0 0 1
    outer loop
      vertex -10.5 8.02619743347168 2.299999237060547
      vertex -10.125 9.093266487121582 2.299999237060547
      vertex -10.5 10.175798416137695 2.299999237060547
    endloop
  endfacet
  facet normal 0 0 1
    outer loop
      vertex -10.5 6.046298980712891 2.299999237060547
      vertex -10.125 5.1961517333984375 2.299999237060547
      vertex -10.078154563903809 6.468143939971924 2.299999237060547
    endloop
  endfacet
  facet normal 0 0 1
    outer loop
      vertex -10.125 5.1961517333984375 2.299999237060547
      vertex -10.5 6.046298980712891 2.299999237060547
      vertex -10.5 5.412657737731934 2.299999237060547
    endloop
  endfacet
  facet normal 0 0 1
    outer loop
      vertex -10.5 -2.3815696239471436 2.299999237060547
      vertex -10.124999046325684 -1.2990374565124512 2.299999237060547
      vertex -10.5 -0.21650616824626923 2.299999237060547
    endloop
  endfacet
  facet normal 0 0 1
    outer loop
      vertex -10.124999046325684 -1.2990374565124512 2.299999237060547
      vertex -10.5 -2.3815696239471436 2.299999237060547
      vertex -10.125 -2.5980758666992188 2.299999237060547
    endloop
  endfacet
  facet normal 0 0 1
    outer loop
      vertex -9 -3.2475948333740234 2.299999237060547
      vertex -7.875 -2.5980756282806396 2.299999237060547
      vertex -9 -1.9485565423965454 2.299999237060547
    endloop
  endfacet
  facet normal 0 0 1
    outer loop
      vertex -7.875 -2.5980756282806396 2.299999237060547
      vertex -9 -3.2475948333740234 2.299999237060547
      vertex -7.875000476837158 -3.8971140384674072 2.299999237060547
    endloop
  endfacet
  facet normal 0 0 1
    outer loop
      vertex -10.125 -2.5980758666992188 2.299999237060547
      vertex -9 -1.9485565423965454 2.299999237060547
      vertex -10.124999046325684 -1.2990374565124512 2.299999237060547
    endloop
  endfacet
  facet normal 0 0 1
    outer loop
      vertex -9 -0.6495190262794495 2.299999237060547
      vertex -10.125 0 2.299999237060547
      vertex -10.124999046325684 -1.2990374565124512 2.299999237060547
    endloop
  endfacet
  facet normal 0 0 1
    outer loop
      vertex -10.5 -0.21650616824626923 2.299999237060547
      vertex -10.124999046325684 -1.2990374565124512 2.299999237060547
      vertex -10.125 0 2.299999237060547
    endloop
  endfacet
  facet normal 0 0 1
    outer loop
      vertex -9 -1.9485565423965454 2.299999237060547
      vertex -10.125 -2.5980758666992188 2.299999237060547
      vertex -9 -3.2475948333740234 2.299999237060547
    endloop
  endfacet
  facet normal 0 0 1
    outer loop
      vertex -10.125 -2.5980758666992188 2.299999237060547
      vertex -10.125 -3.897113800048828 2.299999237060547
      vertex -9 -3.2475948333740234 2.299999237060547
    endloop
  endfacet
  facet normal 0 0 1
    outer loop
      vertex -10.5 -2.814582109451294 2.299999237060547
      vertex -10.125 -3.897113800048828 2.299999237060547
      vertex -10.125 -2.5980758666992188 2.299999237060547
    endloop
  endfacet
  facet normal 0 0 1
    outer loop
      vertex -11.25 -5 2.299999237060547
      vertex -10.125 -3.897113800048828 2.299999237060547
      vertex -10.5 -2.814582109451294 2.299999237060547
    endloop
  endfacet
  facet normal 0 0 1
    outer loop
      vertex -10.125 -3.897113800048828 2.299999237060547
      vertex -10.5 -4.979645729064941 2.299999237060547
      vertex -10.125 -5.1961517333984375 2.299999237060547
    endloop
  endfacet
  facet normal 0 0 1
    outer loop
      vertex -7.875 2.5980756282806396 2.299999237060547
      vertex -9 1.9485565423965454 2.299999237060547
      vertex -7.875000476837158 1.299038052558899 2.299999237060547
    endloop
  endfacet
  facet normal 0 0 1
    outer loop
      vertex -7.875 2.5980756282806396 2.299999237060547
      vertex -9.000000953674316 3.2475948333740234 2.299999237060547
      vertex -9 1.9485565423965454 2.299999237060547
    endloop
  endfacet
  facet normal 0 0 1
    outer loop
      vertex -10.125 2.5980758666992188 2.299999237060547
      vertex -9.000000953674316 3.2475948333740234 2.299999237060547
      vertex -10.125 3.897113800048828 2.299999237060547
    endloop
  endfacet
  facet normal 0 0 1
    outer loop
      vertex -9.000000953674316 3.2475948333740234 2.299999237060547
      vertex -10.125 2.5980758666992188 2.299999237060547
      vertex -9 1.9485565423965454 2.299999237060547
    endloop
  endfacet
  facet normal 0 0 1
    outer loop
      vertex -10.125 2.5980758666992188 2.299999237060547
      vertex -10.125 1.2990374565124512 2.299999237060547
      vertex -9 1.9485565423965454 2.299999237060547
    endloop
  endfacet
  facet normal 0 0 1
    outer loop
      vertex -10.5 2.3815696239471436 2.299999237060547
      vertex -10.125 1.2990374565124512 2.299999237060547
      vertex -10.125 2.5980758666992188 2.299999237060547
    endloop
  endfacet
  facet normal 0 0 1
    outer loop
      vertex -10.5 0.21650616824626923 2.299999237060547
      vertex -10.125 1.2990374565124512 2.299999237060547
      vertex -10.5 2.3815696239471436 2.299999237060547
    endloop
  endfacet
  facet normal 0 0 1
    outer loop
      vertex -10.125 1.2990374565124512 2.299999237060547
      vertex -10.5 0.21650616824626923 2.299999237060547
      vertex -10.125 0 2.299999237060547
    endloop
  endfacet
  facet normal 0 0 1
    outer loop
      vertex -5.625000476837158 1.2990378141403198 2.299999237060547
      vertex -6.750000476837158 0.6495189666748047 2.299999237060547
      vertex -5.625000476837158 0 2.299999237060547
    endloop
  endfacet
  facet normal 0 0 1
    outer loop
      vertex -5.625000476837158 1.2990378141403198 2.299999237060547
      vertex -6.750000953674316 1.9485570192337036 2.299999237060547
      vertex -6.750000476837158 0.6495189666748047 2.299999237060547
    endloop
  endfacet
  facet normal 0 0 1
    outer loop
      vertex -7.875000476837158 1.299038052558899 2.299999237060547
      vertex -6.750000953674316 1.9485570192337036 2.299999237060547
      vertex -7.875 2.5980756282806396 2.299999237060547
    endloop
  endfacet
  facet normal 0 0 1
    outer loop
      vertex -9.000000953674316 3.2475948333740234 2.299999237060547
      vertex -7.875 2.5980756282806396 2.299999237060547
      vertex -7.875000476837158 3.8971140384674072 2.299999237060547
    endloop
  endfacet
  facet normal 0 0 1
    outer loop
      vertex -6.750000953674316 1.9485570192337036 2.299999237060547
      vertex -7.875000476837158 1.299038052558899 2.299999237060547
      vertex -6.750000476837158 0.6495189666748047 2.299999237060547
    endloop
  endfacet
  facet normal 0 0 1
    outer loop
      vertex -7.875000476837158 1.299038052558899 2.299999237060547
      vertex -7.875000476837158 -3.9105401583583443e-8 2.299999237060547
      vertex -6.750000476837158 0.6495189666748047 2.299999237060547
    endloop
  endfacet
  facet normal 0 0 1
    outer loop
      vertex -9 0.6495190262794495 2.299999237060547
      vertex -7.875000476837158 -3.9105401583583443e-8 2.299999237060547
      vertex -7.875000476837158 1.299038052558899 2.299999237060547
    endloop
  endfacet
  facet normal 0 0 1
    outer loop
      vertex -9 -0.6495190262794495 2.299999237060547
      vertex -7.875000476837158 -3.9105401583583443e-8 2.299999237060547
      vertex -9 0.6495190262794495 2.299999237060547
    endloop
  endfacet
  facet normal 0 0 1
    outer loop
      vertex -7.875000476837158 -3.9105401583583443e-8 2.299999237060547
      vertex -9 -0.6495190262794495 2.299999237060547
      vertex -7.875000476837158 -1.299038052558899 2.299999237060547
    endloop
  endfacet
  facet normal 0 0 1
    outer loop
      vertex -10.125 0 2.299999237060547
      vertex -9 -0.6495190262794495 2.299999237060547
      vertex -9 0.6495190262794495 2.299999237060547
    endloop
  endfacet
  facet normal 0 0 1
    outer loop
      vertex -10.125 0 2.299999237060547
      vertex -9 0.6495190262794495 2.299999237060547
      vertex -10.125 1.2990374565124512 2.299999237060547
    endloop
  endfacet
  facet normal 0 0 1
    outer loop
      vertex -4.500000476837158 1.948556900024414 2.299999237060547
      vertex -3.375 2.598076343536377 2.299999237060547
      vertex -4.5 3.2475953102111816 2.299999237060547
    endloop
  endfacet
  facet normal 0 0 1
    outer loop
      vertex -3.375 2.598076343536377 2.299999237060547
      vertex -4.500000476837158 1.948556900024414 2.299999237060547
      vertex -3.3750007152557373 1.2990379333496094 2.299999237060547
    endloop
  endfacet
  facet normal 0 0 1
    outer loop
      vertex -5.625000953674316 2.598076105117798 2.299999237060547
      vertex -4.5 3.2475953102111816 2.299999237060547
      vertex -5.624999523162842 3.8971140384674072 2.299999237060547
    endloop
  endfacet
  facet normal 0 0 1
    outer loop
      vertex -4.499999523162842 4.546633243560791 2.299999237060547
      vertex -5.625 5.196152687072754 2.299999237060547
      vertex -5.624999523162842 3.8971140384674072 2.299999237060547
    endloop
  endfacet
  facet normal 0 0 1
    outer loop
      vertex -4.5 3.2475953102111816 2.299999237060547
      vertex -5.625000953674316 2.598076105117798 2.299999237060547
      vertex -4.500000476837158 1.948556900024414 2.299999237060547
    endloop
  endfacet
  facet normal 0 0 1
    outer loop
      vertex -6.75 4.546633243560791 2.299999237060547
      vertex -5.624999523162842 3.8971140384674072 2.299999237060547
      vertex -5.625 5.196152687072754 2.299999237060547
    endloop
  endfacet
  facet normal 0 0 1
    outer loop
      vertex -6.750000953674316 1.9485570192337036 2.299999237060547
      vertex -5.625000476837158 1.2990378141403198 2.299999237060547
      vertex -5.625000953674316 2.598076105117798 2.299999237060547
    endloop
  endfacet
  facet normal 0 0 1
    outer loop
      vertex -4.500000476837158 1.948556900024414 2.299999237060547
      vertex -5.625000953674316 2.598076105117798 2.299999237060547
      vertex -5.625000476837158 1.2990378141403198 2.299999237060547
    endloop
  endfacet
  facet normal 0 0 1
    outer loop
      vertex -6.75 3.2475945949554443 2.299999237060547
      vertex -5.624999523162842 3.8971140384674072 2.299999237060547
      vertex -6.75 4.546633243560791 2.299999237060547
    endloop
  endfacet
  facet normal 0 0 1
    outer loop
      vertex -5.624999523162842 3.8971140384674072 2.299999237060547
      vertex -6.75 3.2475945949554443 2.299999237060547
      vertex -5.625000953674316 2.598076105117798 2.299999237060547
    endloop
  endfacet
  facet normal 0 0 1
    outer loop
      vertex -7.875000476837158 3.8971140384674072 2.299999237060547
      vertex -6.75 4.546633243560791 2.299999237060547
      vertex -7.875 5.196152210235596 2.299999237060547
    endloop
  endfacet
  facet normal 0 0 1
    outer loop
      vertex -6.75 4.546633243560791 2.299999237060547
      vertex -7.875000476837158 3.8971140384674072 2.299999237060547
      vertex -6.75 3.2475945949554443 2.299999237060547
    endloop
  endfacet
  facet normal 0 0 1
    outer loop
      vertex -4.500000476837158 -5.845671653747559 2.299999237060547
      vertex -3.374999761581421 -5.196152210235596 2.299999237060547
      vertex -4.499999523162842 -4.546633243560791 2.299999237060547
    endloop
  endfacet
  facet normal 0 0 1
    outer loop
      vertex -3.374999761581421 -5.196152210235596 2.299999237060547
      vertex -4.500000476837158 -5.845671653747559 2.299999237060547
      vertex -3.375000476837158 -6.495190620422363 2.299999237060547
    endloop
  endfacet
  facet normal 0 0 1
    outer loop
      vertex -5.625 -5.196152687072754 2.299999237060547
      vertex -4.499999523162842 -4.546633243560791 2.299999237060547
      vertex -5.624999523162842 -3.8971140384674072 2.299999237060547
    endloop
  endfacet
  facet normal 0 0 1
    outer loop
      vertex -4.499999523162842 -4.546633243560791 2.299999237060547
      vertex -5.625 -5.196152687072754 2.299999237060547
      vertex -4.500000476837158 -5.845671653747559 2.299999237060547
    endloop
  endfacet
  facet normal 0 0 1
    outer loop
      vertex -5.625 -5.196152687072754 2.299999237060547
      vertex -5.625 -6.495190620422363 2.299999237060547
      vertex -4.500000476837158 -5.845671653747559 2.299999237060547
    endloop
  endfacet
  facet normal 0 0 1
    outer loop
      vertex -6.75 -5.8456711769104 2.299999237060547
      vertex -5.625 -6.495190620422363 2.299999237060547
      vertex -5.625 -5.196152687072754 2.299999237060547
    endloop
  endfacet
  facet normal 0 0 1
    outer loop
      vertex -6.75 -7.14470911026001 2.299999237060547
      vertex -5.625 -6.495190620422363 2.299999237060547
      vertex -6.75 -5.8456711769104 2.299999237060547
    endloop
  endfacet
  facet normal 0 0 1
    outer loop
      vertex -5.625 -6.495190620422363 2.299999237060547
      vertex -6.75 -7.14470911026001 2.299999237060547
      vertex -5.625 -7.794228553771973 2.299999237060547
    endloop
  endfacet
  facet normal 0 0 1
    outer loop
      vertex -7.875 -6.495190143585205 2.299999237060547
      vertex -6.75 -5.8456711769104 2.299999237060547
      vertex -7.875 -5.196152210235596 2.299999237060547
    endloop
  endfacet
  facet normal 0 0 1
    outer loop
      vertex -6.75 -5.8456711769104 2.299999237060547
      vertex -7.875 -6.495190143585205 2.299999237060547
      vertex -6.75 -7.14470911026001 2.299999237060547
    endloop
  endfacet
  facet normal 0 0 1
    outer loop
      vertex -7.875 -6.495190143585205 2.299999237060547
      vertex -7.875 -7.7942280769348145 2.299999237060547
      vertex -6.75 -7.14470911026001 2.299999237060547
    endloop
  endfacet
  facet normal 0 0 1
    outer loop
      vertex -7.875 -7.7942280769348145 2.299999237060547
      vertex -7.875 -6.495190143585205 2.299999237060547
      vertex -9 -7.14470911026001 2.299999237060547
    endloop
  endfacet
  facet normal 0 0 1
    outer loop
      vertex -3.374999761581421 5.196152210235596 2.299999237060547
      vertex -4.499999523162842 4.546633243560791 2.299999237060547
      vertex -3.375000238418579 3.8971145153045654 2.299999237060547
    endloop
  endfacet
  facet normal 0 0 1
    outer loop
      vertex -3.374999761581421 5.196152210235596 2.299999237060547
      vertex -4.500000476837158 5.845671653747559 2.299999237060547
      vertex -4.499999523162842 4.546633243560791 2.299999237060547
    endloop
  endfacet
  facet normal 0 0 1
    outer loop
      vertex -5.625 5.196152687072754 2.299999237060547
      vertex -4.499999523162842 4.546633243560791 2.299999237060547
      vertex -4.500000476837158 5.845671653747559 2.299999237060547
    endloop
  endfacet
  facet normal 0 0 1
    outer loop
      vertex -5.625 5.196152687072754 2.299999237060547
      vertex -4.500000476837158 5.845671653747559 2.299999237060547
      vertex -5.625 6.495190620422363 2.299999237060547
    endloop
  endfacet
  facet normal 0 0 1
    outer loop
      vertex -3.374999761581421 -7.794229030609131 2.299999237060547
      vertex -3.374999523162842 -9.093266487121582 2.299999237060547
      vertex -2.25 -8.443747520446777 2.299999237060547
    endloop
  endfacet
  facet normal 0 0 1
    outer loop
      vertex -4.499999523162842 -4.546633243560791 2.299999237060547
      vertex -3.374999761581421 -5.196152210235596 2.299999237060547
      vertex -3.375000238418579 -3.8971145153045654 2.299999237060547
    endloop
  endfacet
  facet normal 0 0 1
    outer loop
      vertex -3.374999761581421 -5.196152210235596 2.299999237060547
      vertex -3.375000476837158 -6.495190620422363 2.299999237060547
      vertex -3.374999761581421 -7.794229030609131 2.299999237060547
    endloop
  endfacet
  facet normal 0 0 1
    outer loop
      vertex -4.500000476837158 -7.144709587097168 2.299999237060547
      vertex -3.374999761581421 -7.794229030609131 2.299999237060547
      vertex -3.375000476837158 -6.495190620422363 2.299999237060547
    endloop
  endfacet
  facet normal 0 0 1
    outer loop
      vertex -3.374999761581421 -7.794229030609131 2.299999237060547
      vertex -4.499999523162842 -8.443747520446777 2.299999237060547
      vertex -3.374999523162842 -9.093266487121582 2.299999237060547
    endloop
  endfacet
  facet normal 0 0 1
    outer loop
      vertex -3.374999761581421 -7.794229030609131 2.299999237060547
      vertex -4.500000476837158 -7.144709587097168 2.299999237060547
      vertex -4.499999523162842 -8.443747520446777 2.299999237060547
    endloop
  endfacet
  facet normal 0 0 1
    outer loop
      vertex -5.625 -7.794228553771973 2.299999237060547
      vertex -4.499999523162842 -8.443747520446777 2.299999237060547
      vertex -4.500000476837158 -7.144709587097168 2.299999237060547
    endloop
  endfacet
  facet normal 0 0 1
    outer loop
      vertex -5.625 -7.794228553771973 2.299999237060547
      vertex -4.500000476837158 -7.144709587097168 2.299999237060547
      vertex -5.625 -6.495190620422363 2.299999237060547
    endloop
  endfacet
  facet normal 0 0 1
    outer loop
      vertex -4.499999523162842 -8.443747520446777 2.299999237060547
      vertex -5.625 -7.794228553771973 2.299999237060547
      vertex -5.624999523162842 -9.093266487121582 2.299999237060547
    endloop
  endfacet
  facet normal 0 0 1
    outer loop
      vertex -6.75 -8.443747520446777 2.299999237060547
      vertex -5.624999523162842 -9.093266487121582 2.299999237060547
      vertex -5.625 -7.794228553771973 2.299999237060547
    endloop
  endfacet
  facet normal 0 0 1
    outer loop
      vertex -5.624999523162842 -9.093266487121582 2.299999237060547
      vertex -6.749999523162842 -9.742785453796387 2.299999237060547
      vertex -5.624999523162842 -10.392305374145508 2.299999237060547
    endloop
  endfacet
  facet normal 0 0 1
    outer loop
      vertex -5.624999523162842 -9.093266487121582 2.299999237060547
      vertex -6.75 -8.443747520446777 2.299999237060547
      vertex -6.749999523162842 -9.742785453796387 2.299999237060547
    endloop
  endfacet
  facet normal 0 0 1
    outer loop
      vertex -6.75 -8.443747520446777 2.299999237060547
      vertex -6.783925533294678 -9.762372970581055 2.299999237060547
      vertex -6.749999523162842 -9.742785453796387 2.299999237060547
    endloop
  endfacet
  facet normal 0 0 1
    outer loop
      vertex -7.875 -7.7942280769348145 2.299999237060547
      vertex -6.783925533294678 -9.762372970581055 2.299999237060547
      vertex -6.75 -8.443747520446777 2.299999237060547
    endloop
  endfacet
  facet normal 0 0 1
    outer loop
      vertex -9 -7.14470911026001 2.299999237060547
      vertex -6.783925533294678 -9.762372970581055 2.299999237060547
      vertex -7.875 -7.7942280769348145 2.299999237060547
    endloop
  endfacet
  facet normal 0 0 1
    outer loop
      vertex -6.783925533294678 -9.762372970581055 2.299999237060547
      vertex -9 -7.14470911026001 2.299999237060547
      vertex -9.950170516967773 -6.596127510070801 2.299999237060547
    endloop
  endfacet
  facet normal 0 0 1
    outer loop
      vertex -2.25 5.8456711769104 2.299999237060547
      vertex -1.1249995231628418 6.495190620422363 2.299999237060547
      vertex -2.249999761581421 7.144710063934326 2.299999237060547
    endloop
  endfacet
  facet normal 0 0 1
    outer loop
      vertex -1.1249995231628418 6.495190620422363 2.299999237060547
      vertex -2.25 5.8456711769104 2.299999237060547
      vertex -1.1250004768371582 5.196152687072754 2.299999237060547
    endloop
  endfacet
  facet normal 0 0 1
    outer loop
      vertex -3.375000476837158 6.495190620422363 2.299999237060547
      vertex -2.249999761581421 7.144710063934326 2.299999237060547
      vertex -3.374999761581421 7.794229030609131 2.299999237060547
    endloop
  endfacet
  facet normal 0 0 1
    outer loop
      vertex -2.249999761581421 7.144710063934326 2.299999237060547
      vertex -3.375000476837158 6.495190620422363 2.299999237060547
      vertex -2.25 5.8456711769104 2.299999237060547
    endloop
  endfacet
  facet normal 0 0 1
    outer loop
      vertex -2.250000238418579 4.546633720397949 2.299999237060547
      vertex -1.1249998807907104 3.8971142768859863 2.299999237060547
      vertex -1.1250004768371582 5.196152687072754 2.299999237060547
    endloop
  endfacet
  facet normal 0 0 1
    outer loop
      vertex -1.1249998807907104 3.8971142768859863 2.299999237060547
      vertex -2.249999761581421 3.2475953102111816 2.299999237060547
      vertex -1.1249998807907104 2.598076343536377 2.299999237060547
    endloop
  endfacet
  facet normal 0 0 1
    outer loop
      vertex -1.1249998807907104 3.8971142768859863 2.299999237060547
      vertex -2.250000238418579 4.546633720397949 2.299999237060547
      vertex -2.249999761581421 3.2475953102111816 2.299999237060547
    endloop
  endfacet
  facet normal 0 0 1
    outer loop
      vertex -3.375000238418579 3.8971145153045654 2.299999237060547
      vertex -2.250000238418579 4.546633720397949 2.299999237060547
      vertex -3.374999761581421 5.196152210235596 2.299999237060547
    endloop
  endfacet
  facet normal 0 0 1
    outer loop
      vertex -2.250000238418579 4.546633720397949 2.299999237060547
      vertex -3.375000238418579 3.8971145153045654 2.299999237060547
      vertex -2.249999761581421 3.2475953102111816 2.299999237060547
    endloop
  endfacet
  facet normal 0 0 1
    outer loop
      vertex -1.1250004768371582 -5.196152687072754 2.299999237060547
      vertex -2.249999761581421 -7.144710063934326 2.299999237060547
      vertex -1.125000238418579 -7.794229030609131 2.299999237060547
    endloop
  endfacet
  facet normal 0 0 1
    outer loop
      vertex -2.25 -5.8456711769104 2.299999237060547
      vertex -2.249999761581421 -7.144710063934326 2.299999237060547
      vertex -1.1250004768371582 -5.196152687072754 2.299999237060547
    endloop
  endfacet
  facet normal 0 0 1
    outer loop
      vertex -3.374999761581421 -5.196152210235596 2.299999237060547
      vertex -2.249999761581421 -7.144710063934326 2.299999237060547
      vertex -2.25 -5.8456711769104 2.299999237060547
    endloop
  endfacet
  facet normal 0 0 1
    outer loop
      vertex -2.249999761581421 -7.144710063934326 2.299999237060547
      vertex -3.374999761581421 -5.196152210235596 2.299999237060547
      vertex -3.374999761581421 -7.794229030609131 2.299999237060547
    endloop
  endfacet
  facet normal 0 0 1
    outer loop
      vertex -1.1250001192092896 -1.2990385293960571 2.299999237060547
      vertex -1.1249998807907104 -2.598076343536377 2.299999237060547
      vertex -2.384185791015625e-7 -1.9485574960708618 2.299999237060547
    endloop
  endfacet
  facet normal 0 0 1
    outer loop
      vertex -2.2500009536743164 -0.6495190858840942 2.299999237060547
      vertex -1.1250001192092896 -1.2990385293960571 2.299999237060547
      vertex -1.1250007152557373 0 2.299999237060547
    endloop
  endfacet
  facet normal 0 0 1
    outer loop
      vertex -1.1250001192092896 -1.2990385293960571 2.299999237060547
      vertex -2.249999761581421 -1.9485573768615723 2.299999237060547
      vertex -1.1249998807907104 -2.598076343536377 2.299999237060547
    endloop
  endfacet
  facet normal 0 0 1
    outer loop
      vertex -1.1250001192092896 -1.2990385293960571 2.299999237060547
      vertex -2.2500009536743164 -0.6495190858840942 2.299999237060547
      vertex -2.249999761581421 -1.9485573768615723 2.299999237060547
    endloop
  endfacet
  facet normal 0 0 1
    outer loop
      vertex -3.3750007152557373 -1.2990379333496094 2.299999237060547
      vertex -2.249999761581421 -1.9485573768615723 2.299999237060547
      vertex -2.2500009536743164 -0.6495190858840942 2.299999237060547
    endloop
  endfacet
  facet normal 0 0 1
    outer loop
      vertex -3.3750007152557373 -1.2990379333496094 2.299999237060547
      vertex -2.2500009536743164 -0.6495190858840942 2.299999237060547
      vertex -3.3750007152557373 -9.541717815864104e-8 2.299999237060547
    endloop
  endfacet
  facet normal 0 0 1
    outer loop
      vertex -2.249999761581421 -1.9485573768615723 2.299999237060547
      vertex -3.3750007152557373 -1.2990379333496094 2.299999237060547
      vertex -3.375 -2.598076343536377 2.299999237060547
    endloop
  endfacet
  facet normal 0 0 1
    outer loop
      vertex -4.500000476837158 -1.9485570192337036 2.299999237060547
      vertex -3.375 -2.598076343536377 2.299999237060547
      vertex -3.3750007152557373 -1.2990379333496094 2.299999237060547
    endloop
  endfacet
  facet normal 0 0 1
    outer loop
      vertex -3.375 -2.598076343536377 2.299999237060547
      vertex -4.5 -3.2475955486297607 2.299999237060547
      vertex -3.375000238418579 -3.8971145153045654 2.299999237060547
    endloop
  endfacet
  facet normal 0 0 1
    outer loop
      vertex -3.375 -2.598076343536377 2.299999237060547
      vertex -4.500000476837158 -1.9485570192337036 2.299999237060547
      vertex -4.5 -3.2475955486297607 2.299999237060547
    endloop
  endfacet
  facet normal 0 0 1
    outer loop
      vertex -5.625000953674316 -2.598076105117798 2.299999237060547
      vertex -4.5 -3.2475955486297607 2.299999237060547
      vertex -4.500000476837158 -1.9485570192337036 2.299999237060547
    endloop
  endfacet
  facet normal 0 0 1
    outer loop
      vertex -5.625000953674316 -2.598076105117798 2.299999237060547
      vertex -4.500000476837158 -1.9485570192337036 2.299999237060547
      vertex -5.625000476837158 -1.299038052558899 2.299999237060547
    endloop
  endfacet
  facet normal 0 0 1
    outer loop
      vertex -4.5 -3.2475955486297607 2.299999237060547
      vertex -5.625000953674316 -2.598076105117798 2.299999237060547
      vertex -5.624999523162842 -3.8971140384674072 2.299999237060547
    endloop
  endfacet
  facet normal 0 0 1
    outer loop
      vertex -6.75 -3.2475945949554443 2.299999237060547
      vertex -5.624999523162842 -3.8971140384674072 2.299999237060547
      vertex -5.625000953674316 -2.598076105117798 2.299999237060547
    endloop
  endfacet
  facet normal 0 0 1
    outer loop
      vertex -6.75 -4.546633243560791 2.299999237060547
      vertex -5.624999523162842 -3.8971140384674072 2.299999237060547
      vertex -6.75 -3.2475945949554443 2.299999237060547
    endloop
  endfacet
  facet normal 0 0 1
    outer loop
      vertex -5.624999523162842 -3.8971140384674072 2.299999237060547
      vertex -6.75 -4.546633243560791 2.299999237060547
      vertex -5.625 -5.196152687072754 2.299999237060547
    endloop
  endfacet
  facet normal 0 0 1
    outer loop
      vertex -7.875000476837158 -3.8971140384674072 2.299999237060547
      vertex -6.75 -3.2475945949554443 2.299999237060547
      vertex -7.875 -2.5980756282806396 2.299999237060547
    endloop
  endfacet
  facet normal 0 0 1
    outer loop
      vertex -6.75 -3.2475945949554443 2.299999237060547
      vertex -7.875000476837158 -3.8971140384674072 2.299999237060547
      vertex -6.75 -4.546633243560791 2.299999237060547
    endloop
  endfacet
  facet normal 0 0 1
    outer loop
      vertex -1.1249998807907104 -9.093267440795898 2.299999237060547
      vertex -1.1249995231628418 -10.392305374145508 2.299999237060547
      vertex 0 -9.742786407470703 2.299999237060547
    endloop
  endfacet
  facet normal 0 0 1
    outer loop
      vertex 0 -8.443748474121094 2.299999237060547
      vertex -1.125000238418579 -7.794229030609131 2.299999237060547
      vertex -1.1249998807907104 -9.093267440795898 2.299999237060547
    endloop
  endfacet
  facet normal 0 0 1
    outer loop
      vertex -1.1249998807907104 -9.093267440795898 2.299999237060547
      vertex -2.249999523162842 -9.742786407470703 2.299999237060547
      vertex -1.1249995231628418 -10.392305374145508 2.299999237060547
    endloop
  endfacet
  facet normal 0 0 1
    outer loop
      vertex -2.25 -8.443747520446777 2.299999237060547
      vertex -1.1249998807907104 -9.093267440795898 2.299999237060547
      vertex -1.125000238418579 -7.794229030609131 2.299999237060547
    endloop
  endfacet
  facet normal 0 0 1
    outer loop
      vertex -1.1249998807907104 -9.093267440795898 2.299999237060547
      vertex -2.25 -8.443747520446777 2.299999237060547
      vertex -2.249999523162842 -9.742786407470703 2.299999237060547
    endloop
  endfacet
  facet normal 0 0 1
    outer loop
      vertex -3.374999523162842 -9.093266487121582 2.299999237060547
      vertex -2.249999523162842 -9.742786407470703 2.299999237060547
      vertex -2.25 -8.443747520446777 2.299999237060547
    endloop
  endfacet
  facet normal 0 0 1
    outer loop
      vertex -3.374999523162842 -9.093266487121582 2.299999237060547
      vertex -3.374999523162842 -10.392305374145508 2.299999237060547
      vertex -2.249999523162842 -9.742786407470703 2.299999237060547
    endloop
  endfacet
  facet normal 0 0 1
    outer loop
      vertex -3.374999523162842 -10.392305374145508 2.299999237060547
      vertex -3.374999523162842 -9.093266487121582 2.299999237060547
      vertex -4.499999523162842 -9.742785453796387 2.299999237060547
    endloop
  endfacet
  facet normal 0 0 1
    outer loop
      vertex -1.1249995231628418 10.392305374145508 2.299999237060547
      vertex -1.1249998807907104 9.093267440795898 2.299999237060547
      vertex 0 9.742786407470703 2.299999237060547
    endloop
  endfacet
  facet normal 0 0 1
    outer loop
      vertex -2.249999761581421 7.144710063934326 2.299999237060547
      vertex -1.1249995231628418 6.495190620422363 2.299999237060547
      vertex -1.125000238418579 7.794229030609131 2.299999237060547
    endloop
  endfacet
  facet normal 0 0 1
    outer loop
      vertex 0 4.546633243560791 2.299999237060547
      vertex -1.1250004768371582 5.196152687072754 2.299999237060547
      vertex -1.1249998807907104 3.8971142768859863 2.299999237060547
    endloop
  endfacet
  facet normal 0 0 1
    outer loop
      vertex -2.249999523162842 9.742786407470703 2.299999237060547
      vertex -1.1249998807907104 9.093267440795898 2.299999237060547
      vertex -1.1249995231628418 10.392305374145508 2.299999237060547
    endloop
  endfacet
  facet normal 0 0 1
    outer loop
      vertex -2.25 8.443747520446777 2.299999237060547
      vertex -1.1249998807907104 9.093267440795898 2.299999237060547
      vertex -2.249999523162842 9.742786407470703 2.299999237060547
    endloop
  endfacet
  facet normal 0 0 1
    outer loop
      vertex -1.1249998807907104 9.093267440795898 2.299999237060547
      vertex -2.25 8.443747520446777 2.299999237060547
      vertex -1.125000238418579 7.794229030609131 2.299999237060547
    endloop
  endfacet
  facet normal 0 0 1
    outer loop
      vertex -3.374999523162842 9.093266487121582 2.299999237060547
      vertex -2.249999523162842 9.742786407470703 2.299999237060547
      vertex -3.374999523162842 10.392305374145508 2.299999237060547
    endloop
  endfacet
  facet normal 0 0 1
    outer loop
      vertex -2.249999523162842 9.742786407470703 2.299999237060547
      vertex -3.374999523162842 9.093266487121582 2.299999237060547
      vertex -2.25 8.443747520446777 2.299999237060547
    endloop
  endfacet
  facet normal 0 0 1
    outer loop
      vertex -3.374999523162842 9.093266487121582 2.299999237060547
      vertex -3.374999761581421 7.794229030609131 2.299999237060547
      vertex -2.25 8.443747520446777 2.299999237060547
    endloop
  endfacet
  facet normal 0 0 1
    outer loop
      vertex -2.25 5.8456711769104 2.299999237060547
      vertex -3.375000476837158 6.495190620422363 2.299999237060547
      vertex -3.374999761581421 5.196152210235596 2.299999237060547
    endloop
  endfacet
  facet normal 0 0 1
    outer loop
      vertex -2.249999761581421 3.2475953102111816 2.299999237060547
      vertex -3.375000238418579 3.8971145153045654 2.299999237060547
      vertex -3.375 2.598076343536377 2.299999237060547
    endloop
  endfacet
  facet normal 0 0 1
    outer loop
      vertex -4.500000476837158 5.845671653747559 2.299999237060547
      vertex -3.374999761581421 5.196152210235596 2.299999237060547
      vertex -3.375000476837158 6.495190620422363 2.299999237060547
    endloop
  endfacet
  facet normal 0 0 1
    outer loop
      vertex -4.499999523162842 8.443747520446777 2.299999237060547
      vertex -3.374999761581421 7.794229030609131 2.299999237060547
      vertex -3.374999523162842 9.093266487121582 2.299999237060547
    endloop
  endfacet
  facet normal 0 0 1
    outer loop
      vertex -4.500000476837158 7.144709587097168 2.299999237060547
      vertex -3.374999761581421 7.794229030609131 2.299999237060547
      vertex -4.499999523162842 8.443747520446777 2.299999237060547
    endloop
  endfacet
  facet normal 0 0 1
    outer loop
      vertex -3.374999761581421 7.794229030609131 2.299999237060547
      vertex -4.500000476837158 7.144709587097168 2.299999237060547
      vertex -3.375000476837158 6.495190620422363 2.299999237060547
    endloop
  endfacet
  facet normal 0 0 1
    outer loop
      vertex -5.625 7.794228553771973 2.299999237060547
      vertex -4.499999523162842 8.443747520446777 2.299999237060547
      vertex -5.624999523162842 9.093266487121582 2.299999237060547
    endloop
  endfacet
  facet normal 0 0 1
    outer loop
      vertex -4.499999523162842 8.443747520446777 2.299999237060547
      vertex -5.625 7.794228553771973 2.299999237060547
      vertex -4.500000476837158 7.144709587097168 2.299999237060547
    endloop
  endfacet
  facet normal 0 0 1
    outer loop
      vertex -5.625 7.794228553771973 2.299999237060547
      vertex -5.625 6.495190620422363 2.299999237060547
      vertex -4.500000476837158 7.144709587097168 2.299999237060547
    endloop
  endfacet
  facet normal 0 0 1
    outer loop
      vertex -6.75 7.14470911026001 2.299999237060547
      vertex -5.625 6.495190620422363 2.299999237060547
      vertex -5.625 7.794228553771973 2.299999237060547
    endloop
  endfacet
  facet normal 0 0 1
    outer loop
      vertex -6.75 5.8456711769104 2.299999237060547
      vertex -5.625 6.495190620422363 2.299999237060547
      vertex -6.75 7.14470911026001 2.299999237060547
    endloop
  endfacet
  facet normal 0 0 1
    outer loop
      vertex -5.625 6.495190620422363 2.299999237060547
      vertex -6.75 5.8456711769104 2.299999237060547
      vertex -5.625 5.196152687072754 2.299999237060547
    endloop
  endfacet
  facet normal 0 0 1
    outer loop
      vertex -7.875 6.495190143585205 2.299999237060547
      vertex -6.75 7.14470911026001 2.299999237060547
      vertex -7.875 7.7942280769348145 2.299999237060547
    endloop
  endfacet
  facet normal 0 0 1
    outer loop
      vertex -6.75 7.14470911026001 2.299999237060547
      vertex -7.875 6.495190143585205 2.299999237060547
      vertex -6.75 5.8456711769104 2.299999237060547
    endloop
  endfacet
  facet normal 0 0 1
    outer loop
      vertex -7.875 6.495190143585205 2.299999237060547
      vertex -7.875 5.196152210235596 2.299999237060547
      vertex -6.75 5.8456711769104 2.299999237060547
    endloop
  endfacet
  facet normal 0 0 1
    outer loop
      vertex -9 5.8456711769104 2.299999237060547
      vertex -7.875 5.196152210235596 2.299999237060547
      vertex -7.875 6.495190143585205 2.299999237060547
    endloop
  endfacet
  facet normal 0 0 1
    outer loop
      vertex -6.75 3.2475945949554443 2.299999237060547
      vertex -7.875000476837158 3.8971140384674072 2.299999237060547
      vertex -7.875 2.5980756282806396 2.299999237060547
    endloop
  endfacet
  facet normal 0 0 1
    outer loop
      vertex -9.000000953674316 4.546632766723633 2.299999237060547
      vertex -7.875 5.196152210235596 2.299999237060547
      vertex -9 5.8456711769104 2.299999237060547
    endloop
  endfacet
  facet normal 0 0 1
    outer loop
      vertex -7.875 5.196152210235596 2.299999237060547
      vertex -9.000000953674316 4.546632766723633 2.299999237060547
      vertex -7.875000476837158 3.8971140384674072 2.299999237060547
    endloop
  endfacet
  facet normal 0 0 1
    outer loop
      vertex -10.125 5.1961517333984375 2.299999237060547
      vertex -9 5.8456711769104 2.299999237060547
      vertex -10.078154563903809 6.468143939971924 2.299999237060547
    endloop
  endfacet
  facet normal 0 0 1
    outer loop
      vertex -9 5.8456711769104 2.299999237060547
      vertex -10.125 5.1961517333984375 2.299999237060547
      vertex -9.000000953674316 4.546632766723633 2.299999237060547
    endloop
  endfacet
  facet normal 0 0 1
    outer loop
      vertex -10.125 5.1961517333984375 2.299999237060547
      vertex -10.125 3.897113800048828 2.299999237060547
      vertex -9.000000953674316 4.546632766723633 2.299999237060547
    endloop
  endfacet
  facet normal 0 0 1
    outer loop
      vertex -10.5 4.979645729064941 2.299999237060547
      vertex -10.125 3.897113800048828 2.299999237060547
      vertex -10.125 5.1961517333984375 2.299999237060547
    endloop
  endfacet
  facet normal 0 0 1
    outer loop
      vertex -11.25 5 2.299999237060547
      vertex -10.125 3.897113800048828 2.299999237060547
      vertex -10.5 4.979645729064941 2.299999237060547
    endloop
  endfacet
  facet normal 0 0 1
    outer loop
      vertex -10.125 3.897113800048828 2.299999237060547
      vertex -10.5 2.814582109451294 2.299999237060547
      vertex -10.125 2.5980758666992188 2.299999237060547
    endloop
  endfacet
  facet normal 0 0 1
    outer loop
      vertex 0 -7.144709587097168 2.299999237060547
      vertex 1.125000238418579 -7.794229030609131 2.299999237060547
      vertex 1.1249995231628418 -6.495190620422363 2.299999237060547
    endloop
  endfacet
  facet normal 0 0 1
    outer loop
      vertex 1.125000238418579 -5.196152687072754 2.299999237060547
      vertex 0 -5.845671653747559 2.299999237060547
      vertex 1.1249995231628418 -6.495190620422363 2.299999237060547
    endloop
  endfacet
  facet normal 0 0 1
    outer loop
      vertex 1.125000238418579 -5.196152687072754 2.299999237060547
      vertex -2.384185791015625e-7 -4.546633243560791 2.299999237060547
      vertex 0 -5.845671653747559 2.299999237060547
    endloop
  endfacet
  facet normal 0 0 1
    outer loop
      vertex -2.384185791015625e-7 -4.546633243560791 2.299999237060547
      vertex -1.1249995231628418 -6.495190620422363 2.299999237060547
      vertex 0 -5.845671653747559 2.299999237060547
    endloop
  endfacet
  facet normal 0 0 1
    outer loop
      vertex -1.125000238418579 -7.794229030609131 2.299999237060547
      vertex -1.1249995231628418 -6.495190620422363 2.299999237060547
      vertex -1.1250001192092896 -3.8971145153045654 2.299999237060547
    endloop
  endfacet
  facet normal 0 0 1
    outer loop
      vertex -1.1250001192092896 -3.8971145153045654 2.299999237060547
      vertex -1.1249995231628418 -6.495190620422363 2.299999237060547
      vertex -2.384185791015625e-7 -4.546633243560791 2.299999237060547
    endloop
  endfacet
  facet normal 0 0 1
    outer loop
      vertex 1.1250004768371582 -1.5172898315540806e-7 2.299999237060547
      vertex 0 -0.6495194435119629 2.299999237060547
      vertex 1.1249998807907104 -1.2990384101867676 2.299999237060547
    endloop
  endfacet
  facet normal 0 0 1
    outer loop
      vertex 1.1250004768371582 -1.5172898315540806e-7 2.299999237060547
      vertex -2.384185791015625e-7 0.6495193243026733 2.299999237060547
      vertex 0 -0.6495194435119629 2.299999237060547
    endloop
  endfacet
  facet normal 0 0 1
    outer loop
      vertex -1.1250007152557373 0 2.299999237060547
      vertex -2.384185791015625e-7 0.6495193243026733 2.299999237060547
      vertex -1.1250001192092896 1.299038290977478 2.299999237060547
    endloop
  endfacet
  facet normal 0 0 1
    outer loop
      vertex -2.384185791015625e-7 0.6495193243026733 2.299999237060547
      vertex -1.1250007152557373 0 2.299999237060547
      vertex 0 -0.6495194435119629 2.299999237060547
    endloop
  endfacet
  facet normal 0 0 1
    outer loop
      vertex 0 4.546633243560791 2.299999237060547
      vertex 1.1250004768371582 5.196152687072754 2.299999237060547
      vertex 0 5.845671653747559 2.299999237060547
    endloop
  endfacet
  facet normal 0 0 1
    outer loop
      vertex 1.1250004768371582 5.196152687072754 2.299999237060547
      vertex 0 4.546633243560791 2.299999237060547
      vertex 1.1249998807907104 3.8971142768859863 2.299999237060547
    endloop
  endfacet
  facet normal 0 0 1
    outer loop
      vertex -1.1250004768371582 5.196152687072754 2.299999237060547
      vertex 0 5.845671653747559 2.299999237060547
      vertex -1.1249995231628418 6.495190620422363 2.299999237060547
    endloop
  endfacet
  facet normal 0 0 1
    outer loop
      vertex 0 5.845671653747559 2.299999237060547
      vertex -1.1250004768371582 5.196152687072754 2.299999237060547
      vertex 0 4.546633243560791 2.299999237060547
    endloop
  endfacet
  facet normal 0 0 1
    outer loop
      vertex 0 7.144709587097168 2.299999237060547
      vertex -1.125000238418579 7.794229030609131 2.299999237060547
      vertex -1.1249995231628418 6.495190620422363 2.299999237060547
    endloop
  endfacet
  facet normal 0 0 1
    outer loop
      vertex 0 -8.443748474121094 2.299999237060547
      vertex 1.125000238418579 -7.794229030609131 2.299999237060547
      vertex 0 -7.144709587097168 2.299999237060547
    endloop
  endfacet
  facet normal 0 0 1
    outer loop
      vertex 1.125000238418579 -7.794229030609131 2.299999237060547
      vertex 0 -8.443748474121094 2.299999237060547
      vertex 1.1249998807907104 -9.093267440795898 2.299999237060547
    endloop
  endfacet
  facet normal 0 0 1
    outer loop
      vertex -1.125000238418579 -7.794229030609131 2.299999237060547
      vertex 0 -7.144709587097168 2.299999237060547
      vertex -1.1249995231628418 -6.495190620422363 2.299999237060547
    endloop
  endfacet
  facet normal 0 0 1
    outer loop
      vertex 0 -7.144709587097168 2.299999237060547
      vertex -1.125000238418579 -7.794229030609131 2.299999237060547
      vertex 0 -8.443748474121094 2.299999237060547
    endloop
  endfacet
  facet normal 0 0 1
    outer loop
      vertex 0 5.845671653747559 2.299999237060547
      vertex 1.1250004768371582 5.196152687072754 2.299999237060547
      vertex 1.1249995231628418 6.495190620422363 2.299999237060547
    endloop
  endfacet
  facet normal 0 0 1
    outer loop
      vertex 0 7.144709587097168 2.299999237060547
      vertex 1.125000238418579 7.794229030609131 2.299999237060547
      vertex 0 8.443748474121094 2.299999237060547
    endloop
  endfacet
  facet normal 0 0 1
    outer loop
      vertex 1.125000238418579 7.794229030609131 2.299999237060547
      vertex 0 7.144709587097168 2.299999237060547
      vertex 1.1249995231628418 6.495190620422363 2.299999237060547
    endloop
  endfacet
  facet normal 0 0 1
    outer loop
      vertex -1.125000238418579 7.794229030609131 2.299999237060547
      vertex 0 7.144709587097168 2.299999237060547
      vertex 0 8.443748474121094 2.299999237060547
    endloop
  endfacet
  facet normal 0 0 1
    outer loop
      vertex -1.125000238418579 7.794229030609131 2.299999237060547
      vertex 0 8.443748474121094 2.299999237060547
      vertex -1.1249998807907104 9.093267440795898 2.299999237060547
    endloop
  endfacet
  facet normal 0 0 1
    outer loop
      vertex 2.249999761581421 -7.144710063934326 2.299999237060547
      vertex 3.375 -6.495190620422363 2.299999237060547
      vertex 2.249999761581421 -5.845671653747559 2.299999237060547
    endloop
  endfacet
  facet normal 0 0 1
    outer loop
      vertex 3.375 -6.495190620422363 2.299999237060547
      vertex 2.249999761581421 -7.144710063934326 2.299999237060547
      vertex 3.374999761581421 -7.794229030609131 2.299999237060547
    endloop
  endfacet
  facet normal 0 0 1
    outer loop
      vertex 1.1249995231628418 -6.495190620422363 2.299999237060547
      vertex 2.249999761581421 -5.845671653747559 2.299999237060547
      vertex 1.125000238418579 -5.196152687072754 2.299999237060547
    endloop
  endfacet
  facet normal 0 0 1
    outer loop
      vertex 2.249999761581421 -5.845671653747559 2.299999237060547
      vertex 1.1249995231628418 -6.495190620422363 2.299999237060547
      vertex 2.249999761581421 -7.144710063934326 2.299999237060547
    endloop
  endfacet
  facet normal 0 0 1
    outer loop
      vertex 3.375 -3.8971147537231445 2.299999237060547
      vertex 2.250000238418579 -4.546633720397949 2.299999237060547
      vertex 3.374999761581421 -5.196152210235596 2.299999237060547
    endloop
  endfacet
  facet normal 0 0 1
    outer loop
      vertex 3.375 -3.8971147537231445 2.299999237060547
      vertex 2.249999523162842 -3.2475955486297607 2.299999237060547
      vertex 2.250000238418579 -4.546633720397949 2.299999237060547
    endloop
  endfacet
  facet normal 0 0 1
    outer loop
      vertex 1.1249998807907104 -3.8971142768859863 2.299999237060547
      vertex 2.250000238418579 -4.546633720397949 2.299999237060547
      vertex 2.249999523162842 -3.2475955486297607 2.299999237060547
    endloop
  endfacet
  facet normal 0 0 1
    outer loop
      vertex -2.384185791015625e-7 -4.546633243560791 2.299999237060547
      vertex 1.125000238418579 -5.196152687072754 2.299999237060547
      vertex 1.1249998807907104 -3.8971142768859863 2.299999237060547
    endloop
  endfacet
  facet normal 0 0 1
    outer loop
      vertex 2.250000238418579 -4.546633720397949 2.299999237060547
      vertex 1.1249998807907104 -3.8971142768859863 2.299999237060547
      vertex 1.125000238418579 -5.196152687072754 2.299999237060547
    endloop
  endfacet
  facet normal 0 0 1
    outer loop
      vertex 1.1249996423721313 -2.598076581954956 2.299999237060547
      vertex 1.1249998807907104 -3.8971142768859863 2.299999237060547
      vertex 2.249999523162842 -3.2475955486297607 2.299999237060547
    endloop
  endfacet
  facet normal 0 0 1
    outer loop
      vertex 1.1249998807907104 -3.8971142768859863 2.299999237060547
      vertex 1.1249996423721313 -2.598076581954956 2.299999237060547
      vertex 0 -3.2475953102111816 2.299999237060547
    endloop
  endfacet
  facet normal 0 0 1
    outer loop
      vertex 2.249999761581421 3.2475953102111816 2.299999237060547
      vertex 3.375000238418579 3.8971145153045654 2.299999237060547
      vertex 2.250000238418579 4.546633720397949 2.299999237060547
    endloop
  endfacet
  facet normal 0 0 1
    outer loop
      vertex 3.375000238418579 3.8971145153045654 2.299999237060547
      vertex 2.249999761581421 3.2475953102111816 2.299999237060547
      vertex 3.374999761581421 2.598076343536377 2.299999237060547
    endloop
  endfacet
  facet normal 0 0 1
    outer loop
      vertex 1.1249998807907104 3.8971142768859863 2.299999237060547
      vertex 2.250000238418579 4.546633720397949 2.299999237060547
      vertex 1.1250004768371582 5.196152687072754 2.299999237060547
    endloop
  endfacet
  facet normal 0 0 1
    outer loop
      vertex 0 8.443748474121094 2.299999237060547
      vertex 1.125000238418579 7.794229030609131 2.299999237060547
      vertex 1.1249998807907104 9.093267440795898 2.299999237060547
    endloop
  endfacet
  facet normal 0 0 1
    outer loop
      vertex 2.25 5.8456711769104 2.299999237060547
      vertex 1.1249995231628418 6.495190620422363 2.299999237060547
      vertex 1.1250004768371582 5.196152687072754 2.299999237060547
    endloop
  endfacet
  facet normal 0 0 1
    outer loop
      vertex 2.250000238418579 4.546633720397949 2.299999237060547
      vertex 1.1249998807907104 3.8971142768859863 2.299999237060547
      vertex 2.249999761581421 3.2475953102111816 2.299999237060547
    endloop
  endfacet
  facet normal 0 0 1
    outer loop
      vertex 1.1249998807907104 3.8971142768859863 2.299999237060547
      vertex 1.1249998807907104 2.598076343536377 2.299999237060547
      vertex 2.249999761581421 3.2475953102111816 2.299999237060547
    endloop
  endfacet
  facet normal 0 0 1
    outer loop
      vertex 0 3.2475953102111816 2.299999237060547
      vertex 1.1249998807907104 2.598076343536377 2.299999237060547
      vertex 1.1249998807907104 3.8971142768859863 2.299999237060547
    endloop
  endfacet
  facet normal 0 0 1
    outer loop
      vertex 0 1.9485573768615723 2.299999237060547
      vertex 1.1249998807907104 2.598076343536377 2.299999237060547
      vertex 0 3.2475953102111816 2.299999237060547
    endloop
  endfacet
  facet normal 0 0 1
    outer loop
      vertex 1.1249998807907104 2.598076343536377 2.299999237060547
      vertex 0 1.9485573768615723 2.299999237060547
      vertex 1.1249998807907104 1.2990384101867676 2.299999237060547
    endloop
  endfacet
  facet normal 0 0 1
    outer loop
      vertex -1.1249998807907104 2.598076343536377 2.299999237060547
      vertex 0 3.2475953102111816 2.299999237060547
      vertex -1.1249998807907104 3.8971142768859863 2.299999237060547
    endloop
  endfacet
  facet normal 0 0 1
    outer loop
      vertex 0 3.2475953102111816 2.299999237060547
      vertex -1.1249998807907104 2.598076343536377 2.299999237060547
      vertex 0 1.9485573768615723 2.299999237060547
    endloop
  endfacet
  facet normal 0 0 1
    outer loop
      vertex -1.1249998807907104 2.598076343536377 2.299999237060547
      vertex -1.1250001192092896 1.299038290977478 2.299999237060547
      vertex 0 1.9485573768615723 2.299999237060547
    endloop
  endfacet
  facet normal 0 0 1
    outer loop
      vertex 0 -0.6495194435119629 2.299999237060547
      vertex -1.1250007152557373 0 2.299999237060547
      vertex -1.1250001192092896 -1.2990385293960571 2.299999237060547
    endloop
  endfacet
  facet normal 0 0 1
    outer loop
      vertex -2.25 1.9485572576522827 2.299999237060547
      vertex -1.1250001192092896 1.299038290977478 2.299999237060547
      vertex -1.1249998807907104 2.598076343536377 2.299999237060547
    endloop
  endfacet
  facet normal 0 0 1
    outer loop
      vertex -2.2500007152557373 0.6495189666748047 2.299999237060547
      vertex -1.1250001192092896 1.299038290977478 2.299999237060547
      vertex -2.25 1.9485572576522827 2.299999237060547
    endloop
  endfacet
  facet normal 0 0 1
    outer loop
      vertex -1.1250001192092896 1.299038290977478 2.299999237060547
      vertex -2.2500007152557373 0.6495189666748047 2.299999237060547
      vertex -1.1250007152557373 0 2.299999237060547
    endloop
  endfacet
  facet normal 0 0 1
    outer loop
      vertex -3.3750007152557373 1.2990379333496094 2.299999237060547
      vertex -2.25 1.9485572576522827 2.299999237060547
      vertex -3.375 2.598076343536377 2.299999237060547
    endloop
  endfacet
  facet normal 0 0 1
    outer loop
      vertex -4.5 3.2475953102111816 2.299999237060547
      vertex -3.375 2.598076343536377 2.299999237060547
      vertex -3.375000238418579 3.8971145153045654 2.299999237060547
    endloop
  endfacet
  facet normal 0 0 1
    outer loop
      vertex -2.25 1.9485572576522827 2.299999237060547
      vertex -3.3750007152557373 1.2990379333496094 2.299999237060547
      vertex -2.2500007152557373 0.6495189666748047 2.299999237060547
    endloop
  endfacet
  facet normal 0 0 1
    outer loop
      vertex -3.3750007152557373 1.2990379333496094 2.299999237060547
      vertex -3.3750007152557373 -9.541717815864104e-8 2.299999237060547
      vertex -2.2500007152557373 0.6495189666748047 2.299999237060547
    endloop
  endfacet
  facet normal 0 0 1
    outer loop
      vertex -4.500000476837158 0.6495189070701599 2.299999237060547
      vertex -3.3750007152557373 -9.541717815864104e-8 2.299999237060547
      vertex -3.3750007152557373 1.2990379333496094 2.299999237060547
    endloop
  endfacet
  facet normal 0 0 1
    outer loop
      vertex -4.500000476837158 -0.6495189666748047 2.299999237060547
      vertex -3.3750007152557373 -9.541717815864104e-8 2.299999237060547
      vertex -4.500000476837158 0.6495189070701599 2.299999237060547
    endloop
  endfacet
  facet normal 0 0 1
    outer loop
      vertex -3.3750007152557373 -9.541717815864104e-8 2.299999237060547
      vertex -4.500000476837158 -0.6495189666748047 2.299999237060547
      vertex -3.3750007152557373 -1.2990379333496094 2.299999237060547
    endloop
  endfacet
  facet normal 0 0 1
    outer loop
      vertex -5.625000476837158 0 2.299999237060547
      vertex -4.500000476837158 0.6495189070701599 2.299999237060547
      vertex -5.625000476837158 1.2990378141403198 2.299999237060547
    endloop
  endfacet
  facet normal 0 0 1
    outer loop
      vertex -4.500000476837158 0.6495189070701599 2.299999237060547
      vertex -5.625000476837158 0 2.299999237060547
      vertex -4.500000476837158 -0.6495189666748047 2.299999237060547
    endloop
  endfacet
  facet normal 0 0 1
    outer loop
      vertex -5.625000476837158 0 2.299999237060547
      vertex -5.625000476837158 -1.299038052558899 2.299999237060547
      vertex -4.500000476837158 -0.6495189666748047 2.299999237060547
    endloop
  endfacet
  facet normal 0 0 1
    outer loop
      vertex -6.750000476837158 -0.6495190262794495 2.299999237060547
      vertex -5.625000476837158 -1.299038052558899 2.299999237060547
      vertex -5.625000476837158 0 2.299999237060547
    endloop
  endfacet
  facet normal 0 0 1
    outer loop
      vertex -6.750000476837158 -1.9485570192337036 2.299999237060547
      vertex -5.625000476837158 -1.299038052558899 2.299999237060547
      vertex -6.750000476837158 -0.6495190262794495 2.299999237060547
    endloop
  endfacet
  facet normal 0 0 1
    outer loop
      vertex -5.625000476837158 -1.299038052558899 2.299999237060547
      vertex -6.750000476837158 -1.9485570192337036 2.299999237060547
      vertex -5.625000953674316 -2.598076105117798 2.299999237060547
    endloop
  endfacet
  facet normal 0 0 1
    outer loop
      vertex -7.875000476837158 -1.299038052558899 2.299999237060547
      vertex -6.750000476837158 -1.9485570192337036 2.299999237060547
      vertex -6.750000476837158 -0.6495190262794495 2.299999237060547
    endloop
  endfacet
  facet normal 0 0 1
    outer loop
      vertex -6.75 -4.546633243560791 2.299999237060547
      vertex -7.875000476837158 -3.8971140384674072 2.299999237060547
      vertex -7.875 -5.196152210235596 2.299999237060547
    endloop
  endfacet
  facet normal 0 0 1
    outer loop
      vertex -7.875000476837158 -1.299038052558899 2.299999237060547
      vertex -6.750000476837158 -0.6495190262794495 2.299999237060547
      vertex -7.875000476837158 -3.9105401583583443e-8 2.299999237060547
    endloop
  endfacet
  facet normal 0 0 1
    outer loop
      vertex -6.750000476837158 -1.9485570192337036 2.299999237060547
      vertex -7.875000476837158 -1.299038052558899 2.299999237060547
      vertex -7.875 -2.5980756282806396 2.299999237060547
    endloop
  endfacet
  facet normal 0 0 1
    outer loop
      vertex -9 -1.9485565423965454 2.299999237060547
      vertex -7.875 -2.5980756282806396 2.299999237060547
      vertex -7.875000476837158 -1.299038052558899 2.299999237060547
    endloop
  endfacet
  facet normal 0 0 1
    outer loop
      vertex -9.000000953674316 -4.546632766723633 2.299999237060547
      vertex -7.875 -5.196152210235596 2.299999237060547
      vertex -7.875000476837158 -3.8971140384674072 2.299999237060547
    endloop
  endfacet
  facet normal 0 0 1
    outer loop
      vertex -7.875 -5.196152210235596 2.299999237060547
      vertex -9 -5.8456711769104 2.299999237060547
      vertex -7.875 -6.495190143585205 2.299999237060547
    endloop
  endfacet
  facet normal 0 0 1
    outer loop
      vertex -7.875 -5.196152210235596 2.299999237060547
      vertex -9.000000953674316 -4.546632766723633 2.299999237060547
      vertex -9 -5.8456711769104 2.299999237060547
    endloop
  endfacet
  facet normal 0 0 1
    outer loop
      vertex -10.125 -5.1961517333984375 2.299999237060547
      vertex -9 -5.8456711769104 2.299999237060547
      vertex -9.000000953674316 -4.546632766723633 2.299999237060547
    endloop
  endfacet
  facet normal 0 0 1
    outer loop
      vertex -10.125 -5.1961517333984375 2.299999237060547
      vertex -9.000000953674316 -4.546632766723633 2.299999237060547
      vertex -10.125 -3.897113800048828 2.299999237060547
    endloop
  endfacet
  facet normal 0 0 1
    outer loop
      vertex -9 -5.8456711769104 2.299999237060547
      vertex -10.125 -5.1961517333984375 2.299999237060547
      vertex -10.078154563903809 -6.468143939971924 2.299999237060547
    endloop
  endfacet
  facet normal 0 0 1
    outer loop
      vertex -10.5 -6.046298980712891 2.299999237060547
      vertex -10.125 -5.1961517333984375 2.299999237060547
      vertex -10.5 -5.412657737731934 2.299999237060547
    endloop
  endfacet
  facet normal 0 0 1
    outer loop
      vertex -10.125 -5.1961517333984375 2.299999237060547
      vertex -10.5 -6.046298980712891 2.299999237060547
      vertex -10.078154563903809 -6.468143939971924 2.299999237060547
    endloop
  endfacet
  facet normal 0 0 1
    outer loop
      vertex 3.375000476837158 6.495190620422363 2.299999237060547
      vertex 2.25 5.8456711769104 2.299999237060547
      vertex 3.374999761581421 5.196152210235596 2.299999237060547
    endloop
  endfacet
  facet normal 0 0 1
    outer loop
      vertex 3.375000476837158 6.495190620422363 2.299999237060547
      vertex 2.249999761581421 7.144710063934326 2.299999237060547
      vertex 2.25 5.8456711769104 2.299999237060547
    endloop
  endfacet
  facet normal 0 0 1
    outer loop
      vertex 1.1249995231628418 6.495190620422363 2.299999237060547
      vertex 2.25 5.8456711769104 2.299999237060547
      vertex 2.249999761581421 7.144710063934326 2.299999237060547
    endloop
  endfacet
  facet normal 0 0 1
    outer loop
      vertex 1.1249995231628418 6.495190620422363 2.299999237060547
      vertex 2.249999761581421 7.144710063934326 2.299999237060547
      vertex 1.125000238418579 7.794229030609131 2.299999237060547
    endloop
  endfacet
  facet normal 0 0 1
    outer loop
      vertex 3.374999523162842 10.392305374145508 2.299999237060547
      vertex 3.374999523162842 9.093266487121582 2.299999237060547
      vertex 4.499999523162842 9.742785453796387 2.299999237060547
    endloop
  endfacet
  facet normal 0 0 1
    outer loop
      vertex 2.249999523162842 9.742786407470703 2.299999237060547
      vertex 3.374999523162842 9.093266487121582 2.299999237060547
      vertex 3.374999523162842 10.392305374145508 2.299999237060547
    endloop
  endfacet
  facet normal 0 0 1
    outer loop
      vertex 3.374999523162842 9.093266487121582 2.299999237060547
      vertex 2.249999523162842 9.742786407470703 2.299999237060547
      vertex 2.25 8.443747520446777 2.299999237060547
    endloop
  endfacet
  facet normal 0 0 1
    outer loop
      vertex 1.1249998807907104 9.093267440795898 2.299999237060547
      vertex 2.25 8.443747520446777 2.299999237060547
      vertex 2.249999523162842 9.742786407470703 2.299999237060547
    endloop
  endfacet
  facet normal 0 0 1
    outer loop
      vertex 2.25 8.443747520446777 2.299999237060547
      vertex 1.1249998807907104 9.093267440795898 2.299999237060547
      vertex 1.125000238418579 7.794229030609131 2.299999237060547
    endloop
  endfacet
  facet normal 0 0 1
    outer loop
      vertex 1.1249995231628418 10.392305374145508 2.299999237060547
      vertex 1.1249998807907104 9.093267440795898 2.299999237060547
      vertex 2.249999523162842 9.742786407470703 2.299999237060547
    endloop
  endfacet
  facet normal 0 0 1
    outer loop
      vertex 1.1249998807907104 9.093267440795898 2.299999237060547
      vertex 1.1249995231628418 10.392305374145508 2.299999237060547
      vertex 0 9.742786407470703 2.299999237060547
    endloop
  endfacet
  facet normal 0 0 1
    outer loop
      vertex 5.624999523162842 -5.196152687072754 2.299999237060547
      vertex 5.625 -6.495190620422363 2.299999237060547
      vertex 6.749999523162842 -5.845671653747559 2.299999237060547
    endloop
  endfacet
  facet normal 0 0 1
    outer loop
      vertex 5.625 -6.495190620422363 2.299999237060547
      vertex 5.624999523162842 -5.196152687072754 2.299999237060547
      vertex 4.500000476837158 -5.845671653747559 2.299999237060547
    endloop
  endfacet
  facet normal 0 0 1
    outer loop
      vertex 4.499999523162842 9.742785453796387 2.299999237060547
      vertex 5.624999523162842 10.392305374145508 2.299999237060547
      vertex 5 11.25 2.299999237060547
    endloop
  endfacet
  facet normal 0 0 1
    outer loop
      vertex 5.624999523162842 10.392305374145508 2.299999237060547
      vertex 4.499999523162842 9.742785453796387 2.299999237060547
      vertex 5.624999523162842 9.093266487121582 2.299999237060547
    endloop
  endfacet
  facet normal 0 0 1
    outer loop
      vertex 5 11.25 2.299999237060547
      vertex 3.374999523162842 10.392305374145508 2.299999237060547
      vertex 4.499999523162842 9.742785453796387 2.299999237060547
    endloop
  endfacet
  facet normal 0 0 1
    outer loop
      vertex 5 11.25 2.299999237060547
      vertex 3.1884663105010986 10.5 2.299999237060547
      vertex 3.374999523162842 10.392305374145508 2.299999237060547
    endloop
  endfacet
  facet normal 0 0 1
    outer loop
      vertex 5 11.25 2.299999237060547
      vertex 1.3115326166152954 10.5 2.299999237060547
      vertex 3.1884663105010986 10.5 2.299999237060547
    endloop
  endfacet
  facet normal 0 0 1
    outer loop
      vertex 1.1249995231628418 10.392305374145508 2.299999237060547
      vertex -1.1249995231628418 10.392305374145508 2.299999237060547
      vertex 0 9.742786407470703 2.299999237060547
    endloop
  endfacet
  facet normal 0 0 1
    outer loop
      vertex 1.3115326166152954 10.5 2.299999237060547
      vertex -1.1249995231628418 10.392305374145508 2.299999237060547
      vertex 1.1249995231628418 10.392305374145508 2.299999237060547
    endloop
  endfacet
  facet normal 0 0 1
    outer loop
      vertex -1.3115326166152954 10.5 2.299999237060547
      vertex 1.3115326166152954 10.5 2.299999237060547
      vertex 5 11.25 2.299999237060547
    endloop
  endfacet
  facet normal 0 0 1
    outer loop
      vertex 1.3115326166152954 10.5 2.299999237060547
      vertex -1.3115326166152954 10.5 2.299999237060547
      vertex -1.1249995231628418 10.392305374145508 2.299999237060547
    endloop
  endfacet
  facet normal 0 0 1
    outer loop
      vertex -5 11.25 2.299999237060547
      vertex -1.3115326166152954 10.5 2.299999237060547
      vertex 5 11.25 2.299999237060547
    endloop
  endfacet
  facet normal 0 0 1
    outer loop
      vertex -3.374999523162842 10.392305374145508 2.299999237060547
      vertex -4.499999523162842 9.742785453796387 2.299999237060547
      vertex -3.374999523162842 9.093266487121582 2.299999237060547
    endloop
  endfacet
  facet normal 0 0 1
    outer loop
      vertex -1.3115326166152954 10.5 2.299999237060547
      vertex -5 11.25 2.299999237060547
      vertex -3.1884663105010986 10.5 2.299999237060547
    endloop
  endfacet
  facet normal 0 0 1
    outer loop
      vertex -5 11.25 2.299999237060547
      vertex -3.374999523162842 10.392305374145508 2.299999237060547
      vertex -3.1884663105010986 10.5 2.299999237060547
    endloop
  endfacet
  facet normal 0 0 1
    outer loop
      vertex -5 11.25 2.299999237060547
      vertex -4.499999523162842 9.742785453796387 2.299999237060547
      vertex -3.374999523162842 10.392305374145508 2.299999237060547
    endloop
  endfacet
  facet normal 0 0 1
    outer loop
      vertex -5.624999523162842 10.392305374145508 2.299999237060547
      vertex -4.499999523162842 9.742785453796387 2.299999237060547
      vertex -5 11.25 2.299999237060547
    endloop
  endfacet
  facet normal 0 0 1
    outer loop
      vertex -5.624999523162842 10.392305374145508 2.299999237060547
      vertex -5.624999523162842 9.093266487121582 2.299999237060547
      vertex -4.499999523162842 9.742785453796387 2.299999237060547
    endloop
  endfacet
  facet normal 0 0 1
    outer loop
      vertex -6.749999523162842 9.742785453796387 2.299999237060547
      vertex -5.624999523162842 9.093266487121582 2.299999237060547
      vertex -5.624999523162842 10.392305374145508 2.299999237060547
    endloop
  endfacet
  facet normal 0 0 1
    outer loop
      vertex -6.75 8.443747520446777 2.299999237060547
      vertex -5.624999523162842 9.093266487121582 2.299999237060547
      vertex -6.749999523162842 9.742785453796387 2.299999237060547
    endloop
  endfacet
  facet normal 0 0 1
    outer loop
      vertex -5.624999523162842 9.093266487121582 2.299999237060547
      vertex -6.75 8.443747520446777 2.299999237060547
      vertex -5.625 7.794228553771973 2.299999237060547
    endloop
  endfacet
  facet normal 0 0 1
    outer loop
      vertex -6.783925533294678 9.762372970581055 2.299999237060547
      vertex -6.75 8.443747520446777 2.299999237060547
      vertex -6.749999523162842 9.742785453796387 2.299999237060547
    endloop
  endfacet
  facet normal 0 0 1
    outer loop
      vertex -6.783925533294678 9.762372970581055 2.299999237060547
      vertex -7.875 7.7942280769348145 2.299999237060547
      vertex -6.75 8.443747520446777 2.299999237060547
    endloop
  endfacet
  facet normal 0 0 1
    outer loop
      vertex -7.875 7.7942280769348145 2.299999237060547
      vertex -9 7.14470911026001 2.299999237060547
      vertex -7.875 6.495190143585205 2.299999237060547
    endloop
  endfacet
  facet normal 0 0 1
    outer loop
      vertex -6.783925533294678 9.762372970581055 2.299999237060547
      vertex -9 7.14470911026001 2.299999237060547
      vertex -7.875 7.7942280769348145 2.299999237060547
    endloop
  endfacet
  facet normal 0 0 1
    outer loop
      vertex -9 7.14470911026001 2.299999237060547
      vertex -6.783925533294678 9.762372970581055 2.299999237060547
      vertex -9.950170516967773 6.596127510070801 2.299999237060547
    endloop
  endfacet
  facet normal 0 0 1
    outer loop
      vertex 7.874999523162842 -6.495190620422363 2.299999237060547
      vertex 7.875 -7.7942280769348145 2.299999237060547
      vertex 8.999999046325684 -7.144709587097168 2.299999237060547
    endloop
  endfacet
  facet normal 0 0 1
    outer loop
      vertex 7.875 -7.7942280769348145 2.299999237060547
      vertex 7.874999523162842 -6.495190620422363 2.299999237060547
      vertex 6.75 -7.14470911026001 2.299999237060547
    endloop
  endfacet
  facet normal 0 0 1
    outer loop
      vertex 8.999999046325684 -7.144709587097168 2.299999237060547
      vertex 6.783925533294678 -9.762372970581055 2.299999237060547
      vertex 9.950170516967773 -6.596127510070801 2.299999237060547
    endloop
  endfacet
  facet normal 0 0 1
    outer loop
      vertex 7.875 -7.7942280769348145 2.299999237060547
      vertex 6.783925533294678 -9.762372970581055 2.299999237060547
      vertex 8.999999046325684 -7.144709587097168 2.299999237060547
    endloop
  endfacet
  facet normal 0 0 1
    outer loop
      vertex 6.749999523162842 -8.443747520446777 2.299999237060547
      vertex 6.783925533294678 -9.762372970581055 2.299999237060547
      vertex 7.875 -7.7942280769348145 2.299999237060547
    endloop
  endfacet
  facet normal 0 0 1
    outer loop
      vertex 6.749999523162842 -8.443747520446777 2.299999237060547
      vertex 6.749999523162842 -9.742785453796387 2.299999237060547
      vertex 6.783925533294678 -9.762372970581055 2.299999237060547
    endloop
  endfacet
  facet normal 0 0 1
    outer loop
      vertex 5.624999523162842 -9.093266487121582 2.299999237060547
      vertex 6.749999523162842 -8.443747520446777 2.299999237060547
      vertex 5.624999523162842 -7.794228553771973 2.299999237060547
    endloop
  endfacet
  facet normal 0 0 1
    outer loop
      vertex 6.749999523162842 -8.443747520446777 2.299999237060547
      vertex 5.624999523162842 -9.093266487121582 2.299999237060547
      vertex 6.749999523162842 -9.742785453796387 2.299999237060547
    endloop
  endfacet
  facet normal 0 0 1
    outer loop
      vertex 5.624999523162842 -9.093266487121582 2.299999237060547
      vertex 5.624999523162842 -10.392305374145508 2.299999237060547
      vertex 6.749999523162842 -9.742785453796387 2.299999237060547
    endloop
  endfacet
  facet normal 0 0 1
    outer loop
      vertex 4.499999523162842 -9.742785453796387 2.299999237060547
      vertex 5.624999523162842 -10.392305374145508 2.299999237060547
      vertex 5.624999523162842 -9.093266487121582 2.299999237060547
    endloop
  endfacet
  facet normal 0 0 1
    outer loop
      vertex 5.624999523162842 -10.392305374145508 2.299999237060547
      vertex 4.499999523162842 -9.742785453796387 2.299999237060547
      vertex 5 -11.25 2.299999237060547
    endloop
  endfacet
  facet normal 0 0 1
    outer loop
      vertex 3.374999523162842 -10.392305374145508 2.299999237060547
      vertex 4.499999523162842 -9.742785453796387 2.299999237060547
      vertex 3.374999523162842 -9.093266487121582 2.299999237060547
    endloop
  endfacet
  facet normal 0 0 1
    outer loop
      vertex 4.499999523162842 -9.742785453796387 2.299999237060547
      vertex 3.374999523162842 -10.392305374145508 2.299999237060547
      vertex 5 -11.25 2.299999237060547
    endloop
  endfacet
  facet normal 0 0 1
    outer loop
      vertex 3.1884663105010986 -10.5 2.299999237060547
      vertex 5 -11.25 2.299999237060547
      vertex 3.374999523162842 -10.392305374145508 2.299999237060547
    endloop
  endfacet
  facet normal 0 0 1
    outer loop
      vertex 1.3115326166152954 -10.5 2.299999237060547
      vertex 5 -11.25 2.299999237060547
      vertex 3.1884663105010986 -10.5 2.299999237060547
    endloop
  endfacet
  facet normal 0 0 1
    outer loop
      vertex -1.1249995231628418 -10.392305374145508 2.299999237060547
      vertex 1.1249995231628418 -10.392305374145508 2.299999237060547
      vertex 0 -9.742786407470703 2.299999237060547
    endloop
  endfacet
  facet normal 0 0 1
    outer loop
      vertex -1.1249995231628418 -10.392305374145508 2.299999237060547
      vertex 1.3115326166152954 -10.5 2.299999237060547
      vertex 1.1249995231628418 -10.392305374145508 2.299999237060547
    endloop
  endfacet
  facet normal 0 0 1
    outer loop
      vertex -1.3115326166152954 -10.5 2.299999237060547
      vertex 1.3115326166152954 -10.5 2.299999237060547
      vertex -1.1249995231628418 -10.392305374145508 2.299999237060547
    endloop
  endfacet
  facet normal 0 0 1
    outer loop
      vertex 1.3115326166152954 -10.5 2.299999237060547
      vertex -1.3115326166152954 -10.5 2.299999237060547
      vertex 5 -11.25 2.299999237060547
    endloop
  endfacet
  facet normal 0 0 1
    outer loop
      vertex -5 -11.25 2.299999237060547
      vertex -1.3115326166152954 -10.5 2.299999237060547
      vertex -3.1884663105010986 -10.5 2.299999237060547
    endloop
  endfacet
  facet normal 0 0 1
    outer loop
      vertex -1.3115326166152954 -10.5 2.299999237060547
      vertex -5 -11.25 2.299999237060547
      vertex 5 -11.25 2.299999237060547
    endloop
  endfacet
  facet normal 0 0 1
    outer loop
      vertex -3.374999523162842 -10.392305374145508 2.299999237060547
      vertex -5 -11.25 2.299999237060547
      vertex -3.1884663105010986 -10.5 2.299999237060547
    endloop
  endfacet
  facet normal 0 0 1
    outer loop
      vertex -4.499999523162842 -9.742785453796387 2.299999237060547
      vertex -5 -11.25 2.299999237060547
      vertex -3.374999523162842 -10.392305374145508 2.299999237060547
    endloop
  endfacet
  facet normal 0 0 1
    outer loop
      vertex -4.499999523162842 -9.742785453796387 2.299999237060547
      vertex -5.624999523162842 -10.392305374145508 2.299999237060547
      vertex -5 -11.25 2.299999237060547
    endloop
  endfacet
  facet normal 0 0 1
    outer loop
      vertex -5.624999523162842 -10.392305374145508 2.299999237060547
      vertex -4.499999523162842 -9.742785453796387 2.299999237060547
      vertex -5.624999523162842 -9.093266487121582 2.299999237060547
    endloop
  endfacet
  facet normal 0 0 1
    outer loop
      vertex 9 -0.6495190262794495 2.299999237060547
      vertex 10.125 0 2.299999237060547
      vertex 9 0.6495190262794495 2.299999237060547
    endloop
  endfacet
  facet normal 0 0 1
    outer loop
      vertex 10.125 0 2.299999237060547
      vertex 9 -0.6495190262794495 2.299999237060547
      vertex 10.124999046325684 -1.2990374565124512 2.299999237060547
    endloop
  endfacet
  facet normal 0 0 1
    outer loop
      vertex 7.875000476837158 0 2.299999237060547
      vertex 9 0.6495190262794495 2.299999237060547
      vertex 7.875000476837158 1.299038052558899 2.299999237060547
    endloop
  endfacet
  facet normal 0 0 1
    outer loop
      vertex 9 0.6495190262794495 2.299999237060547
      vertex 7.875000476837158 0 2.299999237060547
      vertex 9 -0.6495190262794495 2.299999237060547
    endloop
  endfacet
  facet normal 0 0 1
    outer loop
      vertex 7.875000476837158 0 2.299999237060547
      vertex 7.875000476837158 -1.299038052558899 2.299999237060547
      vertex 9 -0.6495190262794495 2.299999237060547
    endloop
  endfacet
  facet normal 0 0 1
    outer loop
      vertex 6.750000476837158 -0.6495189666748047 2.299999237060547
      vertex 7.875000476837158 -1.299038052558899 2.299999237060547
      vertex 7.875000476837158 0 2.299999237060547
    endloop
  endfacet
  facet normal 0 0 1
    outer loop
      vertex 6.750000476837158 -1.9485570192337036 2.299999237060547
      vertex 7.875000476837158 -1.299038052558899 2.299999237060547
      vertex 6.750000476837158 -0.6495189666748047 2.299999237060547
    endloop
  endfacet
  facet normal 0 0 1
    outer loop
      vertex 7.875000476837158 -1.299038052558899 2.299999237060547
      vertex 6.750000476837158 -1.9485570192337036 2.299999237060547
      vertex 7.875 -2.5980756282806396 2.299999237060547
    endloop
  endfacet
  facet normal 0 0 1
    outer loop
      vertex 5.625000476837158 -1.2990379333496094 2.299999237060547
      vertex 6.750000476837158 -0.6495189666748047 2.299999237060547
      vertex 5.625000476837158 0 2.299999237060547
    endloop
  endfacet
  facet normal 0 0 1
    outer loop
      vertex 6.750000476837158 -0.6495189666748047 2.299999237060547
      vertex 5.625000476837158 -1.2990379333496094 2.299999237060547
      vertex 6.750000476837158 -1.9485570192337036 2.299999237060547
    endloop
  endfacet
  facet normal 0 0 1
    outer loop
      vertex 5.625000476837158 -1.2990379333496094 2.299999237060547
      vertex 5.625000476837158 -2.598076343536377 2.299999237060547
      vertex 6.750000476837158 -1.9485570192337036 2.299999237060547
    endloop
  endfacet
  facet normal 0 0 1
    outer loop
      vertex 4.5 -1.9485571384429932 2.299999237060547
      vertex 5.625000476837158 -2.598076343536377 2.299999237060547
      vertex 5.625000476837158 -1.2990379333496094 2.299999237060547
    endloop
  endfacet
  facet normal 0 0 1
    outer loop
      vertex 4.5 -3.2475955486297607 2.299999237060547
      vertex 5.625000476837158 -2.598076343536377 2.299999237060547
      vertex 4.5 -1.9485571384429932 2.299999237060547
    endloop
  endfacet
  facet normal 0 0 1
    outer loop
      vertex 5.625000476837158 -2.598076343536377 2.299999237060547
      vertex 4.5 -3.2475955486297607 2.299999237060547
      vertex 5.624999523162842 -3.8971140384674072 2.299999237060547
    endloop
  endfacet
  facet normal 0 0 1
    outer loop
      vertex 3.374999761581421 -2.598076343536377 2.299999237060547
      vertex 4.5 -1.9485571384429932 2.299999237060547
      vertex 3.375000238418579 -1.2990381717681885 2.299999237060547
    endloop
  endfacet
  facet normal 0 0 1
    outer loop
      vertex 4.5 -1.9485571384429932 2.299999237060547
      vertex 3.374999761581421 -2.598076343536377 2.299999237060547
      vertex 4.5 -3.2475955486297607 2.299999237060547
    endloop
  endfacet
  facet normal 0 0 1
    outer loop
      vertex 9 -1.9485565423965454 2.299999237060547
      vertex 10.125 -2.5980758666992188 2.299999237060547
      vertex 10.124999046325684 -1.2990374565124512 2.299999237060547
    endloop
  endfacet
  facet normal 0 0 1
    outer loop
      vertex 9 -3.2475948333740234 2.299999237060547
      vertex 10.125 -2.5980758666992188 2.299999237060547
      vertex 9 -1.9485565423965454 2.299999237060547
    endloop
  endfacet
  facet normal 0 0 1
    outer loop
      vertex 10.125 -2.5980758666992188 2.299999237060547
      vertex 9 -3.2475948333740234 2.299999237060547
      vertex 10.125 -3.897113800048828 2.299999237060547
    endloop
  endfacet
  facet normal 0 0 1
    outer loop
      vertex 7.875 -2.5980756282806396 2.299999237060547
      vertex 9 -1.9485565423965454 2.299999237060547
      vertex 7.875000476837158 -1.299038052558899 2.299999237060547
    endloop
  endfacet
  facet normal 0 0 1
    outer loop
      vertex 9 -1.9485565423965454 2.299999237060547
      vertex 7.875 -2.5980756282806396 2.299999237060547
      vertex 9 -3.2475948333740234 2.299999237060547
    endloop
  endfacet
  facet normal 0 0 1
    outer loop
      vertex 7.875 -2.5980756282806396 2.299999237060547
      vertex 7.875 -3.8971142768859863 2.299999237060547
      vertex 9 -3.2475948333740234 2.299999237060547
    endloop
  endfacet
  facet normal 0 0 1
    outer loop
      vertex 6.749999523162842 -3.2475948333740234 2.299999237060547
      vertex 7.875 -3.8971142768859863 2.299999237060547
      vertex 7.875 -2.5980756282806396 2.299999237060547
    endloop
  endfacet
  facet normal 0 0 1
    outer loop
      vertex 7.875 -3.8971142768859863 2.299999237060547
      vertex 6.75 -4.546633243560791 2.299999237060547
      vertex 7.875 -5.196152210235596 2.299999237060547
    endloop
  endfacet
  facet normal 0 0 1
    outer loop
      vertex 7.875 -3.8971142768859863 2.299999237060547
      vertex 6.749999523162842 -3.2475948333740234 2.299999237060547
      vertex 6.75 -4.546633243560791 2.299999237060547
    endloop
  endfacet
  facet normal 0 0 1
    outer loop
      vertex 5.624999523162842 -3.8971140384674072 2.299999237060547
      vertex 6.749999523162842 -3.2475948333740234 2.299999237060547
      vertex 5.625000476837158 -2.598076343536377 2.299999237060547
    endloop
  endfacet
  facet normal 0 0 1
    outer loop
      vertex 6.749999523162842 -3.2475948333740234 2.299999237060547
      vertex 5.624999523162842 -3.8971140384674072 2.299999237060547
      vertex 6.75 -4.546633243560791 2.299999237060547
    endloop
  endfacet
  facet normal 0 0 1
    outer loop
      vertex 5.624999523162842 -3.8971140384674072 2.299999237060547
      vertex 5.624999523162842 -5.196152687072754 2.299999237060547
      vertex 6.75 -4.546633243560791 2.299999237060547
    endloop
  endfacet
  facet normal 0 0 1
    outer loop
      vertex 4.499999523162842 -4.546633243560791 2.299999237060547
      vertex 5.624999523162842 -5.196152687072754 2.299999237060547
      vertex 5.624999523162842 -3.8971140384674072 2.299999237060547
    endloop
  endfacet
  facet normal 0 0 1
    outer loop
      vertex 5.624999523162842 -5.196152687072754 2.299999237060547
      vertex 4.499999523162842 -4.546633243560791 2.299999237060547
      vertex 4.500000476837158 -5.845671653747559 2.299999237060547
    endloop
  endfacet
  facet normal 0 0 1
    outer loop
      vertex 3.374999761581421 -5.196152210235596 2.299999237060547
      vertex 4.499999523162842 -4.546633243560791 2.299999237060547
      vertex 3.375 -3.8971147537231445 2.299999237060547
    endloop
  endfacet
  facet normal 0 0 1
    outer loop
      vertex 4.499999523162842 -4.546633243560791 2.299999237060547
      vertex 3.374999761581421 -5.196152210235596 2.299999237060547
      vertex 4.500000476837158 -5.845671653747559 2.299999237060547
    endloop
  endfacet
  facet normal 0 0 1
    outer loop
      vertex 6.75 3.2475945949554443 2.299999237060547
      vertex 7.875000476837158 3.8971140384674072 2.299999237060547
      vertex 6.75 4.546633243560791 2.299999237060547
    endloop
  endfacet
  facet normal 0 0 1
    outer loop
      vertex 7.875000476837158 3.8971140384674072 2.299999237060547
      vertex 6.75 3.2475945949554443 2.299999237060547
      vertex 7.875 2.5980756282806396 2.299999237060547
    endloop
  endfacet
  facet normal 0 0 1
    outer loop
      vertex 5.624999523162842 3.8971140384674072 2.299999237060547
      vertex 6.75 3.2475945949554443 2.299999237060547
      vertex 6.75 4.546633243560791 2.299999237060547
    endloop
  endfacet
  facet normal 0 0 1
    outer loop
      vertex 5.624999523162842 3.8971140384674072 2.299999237060547
      vertex 6.75 4.546633243560791 2.299999237060547
      vertex 5.625 5.196152687072754 2.299999237060547
    endloop
  endfacet
  facet normal 0 0 1
    outer loop
      vertex 6.75 3.2475945949554443 2.299999237060547
      vertex 5.624999523162842 3.8971140384674072 2.299999237060547
      vertex 5.625000953674316 2.598076105117798 2.299999237060547
    endloop
  endfacet
  facet normal 0 0 1
    outer loop
      vertex 4.5 3.2475955486297607 2.299999237060547
      vertex 5.625000953674316 2.598076105117798 2.299999237060547
      vertex 5.624999523162842 3.8971140384674072 2.299999237060547
    endloop
  endfacet
  facet normal 0 0 1
    outer loop
      vertex 5.625000953674316 2.598076105117798 2.299999237060547
      vertex 4.500000476837158 1.948556900024414 2.299999237060547
      vertex 5.625000476837158 1.2990379333496094 2.299999237060547
    endloop
  endfacet
  facet normal 0 0 1
    outer loop
      vertex 5.625000953674316 2.598076105117798 2.299999237060547
      vertex 4.5 3.2475955486297607 2.299999237060547
      vertex 4.500000476837158 1.948556900024414 2.299999237060547
    endloop
  endfacet
  facet normal 0 0 1
    outer loop
      vertex 3.374999761581421 2.598076343536377 2.299999237060547
      vertex 4.500000476837158 1.948556900024414 2.299999237060547
      vertex 4.5 3.2475955486297607 2.299999237060547
    endloop
  endfacet
  facet normal 0 0 1
    outer loop
      vertex 3.374999761581421 2.598076343536377 2.299999237060547
      vertex 4.5 3.2475955486297607 2.299999237060547
      vertex 3.375000238418579 3.8971145153045654 2.299999237060547
    endloop
  endfacet
  facet normal 0 0 1
    outer loop
      vertex 4.500000476837158 1.948556900024414 2.299999237060547
      vertex 3.374999761581421 2.598076343536377 2.299999237060547
      vertex 3.3750007152557373 1.2990379333496094 2.299999237060547
    endloop
  endfacet
  facet normal 0 0 1
    outer loop
      vertex 4.499999523162842 4.546633243560791 2.299999237060547
      vertex 3.374999761581421 5.196152210235596 2.299999237060547
      vertex 3.375000238418579 3.8971145153045654 2.299999237060547
    endloop
  endfacet
  facet normal 0 0 1
    outer loop
      vertex 2.250000238418579 4.546633720397949 2.299999237060547
      vertex 3.375000238418579 3.8971145153045654 2.299999237060547
      vertex 3.374999761581421 5.196152210235596 2.299999237060547
    endloop
  endfacet
  facet normal 0 0 1
    outer loop
      vertex 2.249999761581421 1.9485573768615723 2.299999237060547
      vertex 3.3750007152557373 1.2990379333496094 2.299999237060547
      vertex 3.374999761581421 2.598076343536377 2.299999237060547
    endloop
  endfacet
  facet normal 0 0 1
    outer loop
      vertex 3.3750007152557373 1.2990379333496094 2.299999237060547
      vertex 2.2500007152557373 0.6495189666748047 2.299999237060547
      vertex 3.3750007152557373 0 2.299999237060547
    endloop
  endfacet
  facet normal 0 0 1
    outer loop
      vertex 3.3750007152557373 1.2990379333496094 2.299999237060547
      vertex 2.249999761581421 1.9485573768615723 2.299999237060547
      vertex 2.2500007152557373 0.6495189666748047 2.299999237060547
    endloop
  endfacet
  facet normal 0 0 1
    outer loop
      vertex 1.1249998807907104 1.2990384101867676 2.299999237060547
      vertex 2.2500007152557373 0.6495189666748047 2.299999237060547
      vertex 2.249999761581421 1.9485573768615723 2.299999237060547
    endloop
  endfacet
  facet normal 0 0 1
    outer loop
      vertex 1.1249998807907104 1.2990384101867676 2.299999237060547
      vertex 2.249999761581421 1.9485573768615723 2.299999237060547
      vertex 1.1249998807907104 2.598076343536377 2.299999237060547
    endloop
  endfacet
  facet normal 0 0 1
    outer loop
      vertex 6.783925533294678 9.762372970581055 2.299999237060547
      vertex 9 7.14470911026001 2.299999237060547
      vertex 9.950170516967773 6.596127510070801 2.299999237060547
    endloop
  endfacet
  facet normal 0 0 1
    outer loop
      vertex 6.783925533294678 9.762372970581055 2.299999237060547
      vertex 7.875 7.7942280769348145 2.299999237060547
      vertex 9 7.14470911026001 2.299999237060547
    endloop
  endfacet
  facet normal 0 0 1
    outer loop
      vertex 6.783925533294678 9.762372970581055 2.299999237060547
      vertex 6.75 8.443747520446777 2.299999237060547
      vertex 7.875 7.7942280769348145 2.299999237060547
    endloop
  endfacet
  facet normal 0 0 1
    outer loop
      vertex 6.749999523162842 9.742785453796387 2.299999237060547
      vertex 6.75 8.443747520446777 2.299999237060547
      vertex 6.783925533294678 9.762372970581055 2.299999237060547
    endloop
  endfacet
  facet normal 0 0 1
    outer loop
      vertex 5.624999523162842 9.093266487121582 2.299999237060547
      vertex 6.75 8.443747520446777 2.299999237060547
      vertex 6.749999523162842 9.742785453796387 2.299999237060547
    endloop
  endfacet
  facet normal 0 0 1
    outer loop
      vertex 5.624999523162842 9.093266487121582 2.299999237060547
      vertex 6.749999523162842 9.742785453796387 2.299999237060547
      vertex 5.624999523162842 10.392305374145508 2.299999237060547
    endloop
  endfacet
  facet normal 0 0 1
    outer loop
      vertex 6.75 8.443747520446777 2.299999237060547
      vertex 5.624999523162842 9.093266487121582 2.299999237060547
      vertex 5.625 7.794228553771973 2.299999237060547
    endloop
  endfacet
  facet normal 0 0 1
    outer loop
      vertex 4.499999523162842 8.443747520446777 2.299999237060547
      vertex 5.625 7.794228553771973 2.299999237060547
      vertex 5.624999523162842 9.093266487121582 2.299999237060547
    endloop
  endfacet
  facet normal 0 0 1
    outer loop
      vertex 5.625 7.794228553771973 2.299999237060547
      vertex 4.500000476837158 7.144709587097168 2.299999237060547
      vertex 5.625 6.495190620422363 2.299999237060547
    endloop
  endfacet
  facet normal 0 0 1
    outer loop
      vertex 5.625 7.794228553771973 2.299999237060547
      vertex 4.499999523162842 8.443747520446777 2.299999237060547
      vertex 4.500000476837158 7.144709587097168 2.299999237060547
    endloop
  endfacet
  facet normal 0 0 1
    outer loop
      vertex 3.374999761581421 7.794229030609131 2.299999237060547
      vertex 4.500000476837158 7.144709587097168 2.299999237060547
      vertex 4.499999523162842 8.443747520446777 2.299999237060547
    endloop
  endfacet
  facet normal 0 0 1
    outer loop
      vertex 2.249999761581421 7.144710063934326 2.299999237060547
      vertex 3.375000476837158 6.495190620422363 2.299999237060547
      vertex 3.374999761581421 7.794229030609131 2.299999237060547
    endloop
  endfacet
  facet normal 0 0 1
    outer loop
      vertex 4.500000476837158 7.144709587097168 2.299999237060547
      vertex 3.374999761581421 7.794229030609131 2.299999237060547
      vertex 3.375000476837158 6.495190620422363 2.299999237060547
    endloop
  endfacet
  facet normal 0 0 1
    outer loop
      vertex 3.374999523162842 9.093266487121582 2.299999237060547
      vertex 3.374999761581421 7.794229030609131 2.299999237060547
      vertex 4.499999523162842 8.443747520446777 2.299999237060547
    endloop
  endfacet
  facet normal 0 0 1
    outer loop
      vertex 3.374999761581421 7.794229030609131 2.299999237060547
      vertex 3.374999523162842 9.093266487121582 2.299999237060547
      vertex 2.25 8.443747520446777 2.299999237060547
    endloop
  endfacet
  facet normal 0 0 1
    outer loop
      vertex 7.875 7.7942280769348145 2.299999237060547
      vertex 7.875 6.495190143585205 2.299999237060547
      vertex 9 7.14470911026001 2.299999237060547
    endloop
  endfacet
  facet normal 0 0 1
    outer loop
      vertex 6.75 7.14470911026001 2.299999237060547
      vertex 7.875 6.495190143585205 2.299999237060547
      vertex 7.875 7.7942280769348145 2.299999237060547
    endloop
  endfacet
  facet normal 0 0 1
    outer loop
      vertex 6.75 5.8456711769104 2.299999237060547
      vertex 7.875 6.495190143585205 2.299999237060547
      vertex 6.75 7.14470911026001 2.299999237060547
    endloop
  endfacet
  facet normal 0 0 1
    outer loop
      vertex 7.875 6.495190143585205 2.299999237060547
      vertex 6.75 5.8456711769104 2.299999237060547
      vertex 7.875 5.196152210235596 2.299999237060547
    endloop
  endfacet
  facet normal 0 0 1
    outer loop
      vertex 5.625 6.495190620422363 2.299999237060547
      vertex 6.75 7.14470911026001 2.299999237060547
      vertex 5.625 7.794228553771973 2.299999237060547
    endloop
  endfacet
  facet normal 0 0 1
    outer loop
      vertex 6.75 7.14470911026001 2.299999237060547
      vertex 5.625 6.495190620422363 2.299999237060547
      vertex 6.75 5.8456711769104 2.299999237060547
    endloop
  endfacet
  facet normal 0 0 1
    outer loop
      vertex 5.625 6.495190620422363 2.299999237060547
      vertex 5.625 5.196152687072754 2.299999237060547
      vertex 6.75 5.8456711769104 2.299999237060547
    endloop
  endfacet
  facet normal 0 0 1
    outer loop
      vertex 4.500000476837158 5.845671653747559 2.299999237060547
      vertex 5.625 5.196152687072754 2.299999237060547
      vertex 5.625 6.495190620422363 2.299999237060547
    endloop
  endfacet
  facet normal 0 0 1
    outer loop
      vertex 4.499999523162842 4.546633243560791 2.299999237060547
      vertex 5.625 5.196152687072754 2.299999237060547
      vertex 4.500000476837158 5.845671653747559 2.299999237060547
    endloop
  endfacet
  facet normal 0 0 1
    outer loop
      vertex 5.625 5.196152687072754 2.299999237060547
      vertex 4.499999523162842 4.546633243560791 2.299999237060547
      vertex 5.624999523162842 3.8971140384674072 2.299999237060547
    endloop
  endfacet
  facet normal 0 0 1
    outer loop
      vertex 3.374999761581421 5.196152210235596 2.299999237060547
      vertex 4.500000476837158 5.845671653747559 2.299999237060547
      vertex 3.375000476837158 6.495190620422363 2.299999237060547
    endloop
  endfacet
  facet normal 0 0 1
    outer loop
      vertex 4.500000476837158 5.845671653747559 2.299999237060547
      vertex 3.374999761581421 5.196152210235596 2.299999237060547
      vertex 4.499999523162842 4.546633243560791 2.299999237060547
    endloop
  endfacet
  facet normal 0 0 1
    outer loop
      vertex 10.125 -9.093266487121582 2.299999237060547
      vertex 10.125 -10.392304420471191 2.299999237060547
      vertex 10.5 -10.175798416137695 2.299999237060547
    endloop
  endfacet
  facet normal 0 0 1
    outer loop
      vertex 10.125 -10.392304420471191 2.299999237060547
      vertex 10.125 -9.093266487121582 2.299999237060547
      vertex 9 -9.742785453796387 2.299999237060547
    endloop
  endfacet
  facet normal 0 0 1
    outer loop
      vertex 10.5 -8.02619743347168 2.299999237060547
      vertex 10.125 -9.093266487121582 2.299999237060547
      vertex 10.5 -10.175798416137695 2.299999237060547
    endloop
  endfacet
  facet normal 0 0 1
    outer loop
      vertex 10.125 -9.093266487121582 2.299999237060547
      vertex 10.5 -8.02619743347168 2.299999237060547
      vertex 9.686245918273926 -8.839951515197754 2.299999237060547
    endloop
  endfacet
  facet normal 0 0 1
    outer loop
      vertex 10.125 -5.196152210235596 2.299999237060547
      vertex 10.5 -6.046298980712891 2.299999237060547
      vertex 10.5 -5.41265869140625 2.299999237060547
    endloop
  endfacet
  facet normal 0 0 1
    outer loop
      vertex 10.5 -6.046298980712891 2.299999237060547
      vertex 10.125 -5.196152210235596 2.299999237060547
      vertex 10.078154563903809 -6.468143939971924 2.299999237060547
    endloop
  endfacet
  facet normal 0 0 1
    outer loop
      vertex 10.125 -3.897113800048828 2.299999237060547
      vertex 10.5 -2.814582109451294 2.299999237060547
      vertex 10.125 -2.5980758666992188 2.299999237060547
    endloop
  endfacet
  facet normal 0 0 1
    outer loop
      vertex 10.5 -2.814582109451294 2.299999237060547
      vertex 10.125 -3.897113800048828 2.299999237060547
      vertex 10.5 -4.979645729064941 2.299999237060547
    endloop
  endfacet
  facet normal 0 0 1
    outer loop
      vertex 10.125 -3.897113800048828 2.299999237060547
      vertex 10.125 -5.196152210235596 2.299999237060547
      vertex 10.5 -4.979645729064941 2.299999237060547
    endloop
  endfacet
  facet normal 0 0 1
    outer loop
      vertex 9 -4.546633243560791 2.299999237060547
      vertex 10.125 -5.196152210235596 2.299999237060547
      vertex 10.125 -3.897113800048828 2.299999237060547
    endloop
  endfacet
  facet normal 0 0 1
    outer loop
      vertex 9 -5.8456711769104 2.299999237060547
      vertex 10.125 -5.196152210235596 2.299999237060547
      vertex 9 -4.546633243560791 2.299999237060547
    endloop
  endfacet
  facet normal 0 0 1
    outer loop
      vertex 10.125 -5.196152210235596 2.299999237060547
      vertex 9 -5.8456711769104 2.299999237060547
      vertex 10.078154563903809 -6.468143939971924 2.299999237060547
    endloop
  endfacet
  facet normal 0 0 1
    outer loop
      vertex 7.875 -5.196152210235596 2.299999237060547
      vertex 9 -4.546633243560791 2.299999237060547
      vertex 7.875 -3.8971142768859863 2.299999237060547
    endloop
  endfacet
  facet normal 0 0 1
    outer loop
      vertex 9 -4.546633243560791 2.299999237060547
      vertex 7.875 -5.196152210235596 2.299999237060547
      vertex 9 -5.8456711769104 2.299999237060547
    endloop
  endfacet
  facet normal 0 0 1
    outer loop
      vertex 7.875 -5.196152210235596 2.299999237060547
      vertex 7.874999523162842 -6.495190620422363 2.299999237060547
      vertex 9 -5.8456711769104 2.299999237060547
    endloop
  endfacet
  facet normal 0 0 1
    outer loop
      vertex 6.749999523162842 -5.845671653747559 2.299999237060547
      vertex 7.874999523162842 -6.495190620422363 2.299999237060547
      vertex 7.875 -5.196152210235596 2.299999237060547
    endloop
  endfacet
  facet normal 0 0 1
    outer loop
      vertex 7.874999523162842 -6.495190620422363 2.299999237060547
      vertex 6.749999523162842 -5.845671653747559 2.299999237060547
      vertex 6.75 -7.14470911026001 2.299999237060547
    endloop
  endfacet
  facet normal 0 0 1
    outer loop
      vertex 5.625 -6.495190620422363 2.299999237060547
      vertex 6.75 -7.14470911026001 2.299999237060547
      vertex 6.749999523162842 -5.845671653747559 2.299999237060547
    endloop
  endfacet
  facet normal 0 0 1
    outer loop
      vertex 5.625 -6.495190620422363 2.299999237060547
      vertex 5.624999523162842 -7.794228553771973 2.299999237060547
      vertex 6.75 -7.14470911026001 2.299999237060547
    endloop
  endfacet
  facet normal 0 0 1
    outer loop
      vertex 4.5 -7.144709587097168 2.299999237060547
      vertex 5.624999523162842 -7.794228553771973 2.299999237060547
      vertex 5.625 -6.495190620422363 2.299999237060547
    endloop
  endfacet
  facet normal 0 0 1
    outer loop
      vertex 4.499999523162842 -8.443747520446777 2.299999237060547
      vertex 5.624999523162842 -7.794228553771973 2.299999237060547
      vertex 4.5 -7.144709587097168 2.299999237060547
    endloop
  endfacet
  facet normal 0 0 1
    outer loop
      vertex 5.624999523162842 -7.794228553771973 2.299999237060547
      vertex 4.499999523162842 -8.443747520446777 2.299999237060547
      vertex 5.624999523162842 -9.093266487121582 2.299999237060547
    endloop
  endfacet
  facet normal 0 0 1
    outer loop
      vertex 3.374999761581421 -7.794229030609131 2.299999237060547
      vertex 4.5 -7.144709587097168 2.299999237060547
      vertex 3.375 -6.495190620422363 2.299999237060547
    endloop
  endfacet
  facet normal 0 0 1
    outer loop
      vertex 4.500000476837158 -5.845671653747559 2.299999237060547
      vertex 3.374999761581421 -5.196152210235596 2.299999237060547
      vertex 3.375 -6.495190620422363 2.299999237060547
    endloop
  endfacet
  facet normal 0 0 1
    outer loop
      vertex 2.249999761581421 -5.845671653747559 2.299999237060547
      vertex 3.375 -6.495190620422363 2.299999237060547
      vertex 3.374999761581421 -5.196152210235596 2.299999237060547
    endloop
  endfacet
  facet normal 0 0 1
    outer loop
      vertex 4.5 -7.144709587097168 2.299999237060547
      vertex 3.374999761581421 -7.794229030609131 2.299999237060547
      vertex 4.499999523162842 -8.443747520446777 2.299999237060547
    endloop
  endfacet
  facet normal 0 0 1
    outer loop
      vertex 3.374999761581421 -7.794229030609131 2.299999237060547
      vertex 3.374999523162842 -9.093266487121582 2.299999237060547
      vertex 4.499999523162842 -8.443747520446777 2.299999237060547
    endloop
  endfacet
  facet normal 0 0 1
    outer loop
      vertex 2.25 -8.443747520446777 2.299999237060547
      vertex 3.374999523162842 -9.093266487121582 2.299999237060547
      vertex 3.374999761581421 -7.794229030609131 2.299999237060547
    endloop
  endfacet
  facet normal 0 0 1
    outer loop
      vertex 2.249999523162842 -9.742786407470703 2.299999237060547
      vertex 3.374999523162842 -9.093266487121582 2.299999237060547
      vertex 2.25 -8.443747520446777 2.299999237060547
    endloop
  endfacet
  facet normal 0 0 1
    outer loop
      vertex 3.374999523162842 -9.093266487121582 2.299999237060547
      vertex 2.249999523162842 -9.742786407470703 2.299999237060547
      vertex 3.374999523162842 -10.392305374145508 2.299999237060547
    endloop
  endfacet
  facet normal 0 0 1
    outer loop
      vertex 1.1249998807907104 -9.093267440795898 2.299999237060547
      vertex 2.25 -8.443747520446777 2.299999237060547
      vertex 1.125000238418579 -7.794229030609131 2.299999237060547
    endloop
  endfacet
  facet normal 0 0 1
    outer loop
      vertex 2.249999761581421 -7.144710063934326 2.299999237060547
      vertex 1.1249995231628418 -6.495190620422363 2.299999237060547
      vertex 1.125000238418579 -7.794229030609131 2.299999237060547
    endloop
  endfacet
  facet normal 0 0 1
    outer loop
      vertex 2.25 -8.443747520446777 2.299999237060547
      vertex 1.1249998807907104 -9.093267440795898 2.299999237060547
      vertex 2.249999523162842 -9.742786407470703 2.299999237060547
    endloop
  endfacet
  facet normal 0 0 1
    outer loop
      vertex 1.1249998807907104 -9.093267440795898 2.299999237060547
      vertex 1.1249995231628418 -10.392305374145508 2.299999237060547
      vertex 2.249999523162842 -9.742786407470703 2.299999237060547
    endloop
  endfacet
  facet normal 0 0 1
    outer loop
      vertex 1.1249995231628418 -10.392305374145508 2.299999237060547
      vertex 1.1249998807907104 -9.093267440795898 2.299999237060547
      vertex 0 -9.742786407470703 2.299999237060547
    endloop
  endfacet
  facet normal 0 0 1
    outer loop
      vertex 10.124999046325684 -1.2990374565124512 2.299999237060547
      vertex 10.5 -0.21650616824626923 2.299999237060547
      vertex 10.125 0 2.299999237060547
    endloop
  endfacet
  facet normal 0 0 1
    outer loop
      vertex 10.5 -0.21650616824626923 2.299999237060547
      vertex 10.124999046325684 -1.2990374565124512 2.299999237060547
      vertex 10.5 -2.3815696239471436 2.299999237060547
    endloop
  endfacet
  facet normal 0 0 1
    outer loop
      vertex 10.124999046325684 1.2990374565124512 2.299999237060547
      vertex 10.5 2.3815696239471436 2.299999237060547
      vertex 10.125 2.5980758666992188 2.299999237060547
    endloop
  endfacet
  facet normal 0 0 1
    outer loop
      vertex 10.5 2.3815696239471436 2.299999237060547
      vertex 10.124999046325684 1.2990374565124512 2.299999237060547
      vertex 10.5 0.21650616824626923 2.299999237060547
    endloop
  endfacet
  facet normal 0 0 1
    outer loop
      vertex 10.125 3.897113800048828 2.299999237060547
      vertex 10.5 4.979645729064941 2.299999237060547
      vertex 10.125 5.1961517333984375 2.299999237060547
    endloop
  endfacet
  facet normal 0 0 1
    outer loop
      vertex 10.5 4.979645729064941 2.299999237060547
      vertex 10.125 3.897113800048828 2.299999237060547
      vertex 10.5 2.814582109451294 2.299999237060547
    endloop
  endfacet
  facet normal 0 0 1
    outer loop
      vertex 10.125 3.897113800048828 2.299999237060547
      vertex 10.125 2.5980758666992188 2.299999237060547
      vertex 10.5 2.814582109451294 2.299999237060547
    endloop
  endfacet
  facet normal 0 0 1
    outer loop
      vertex 9 3.2475948333740234 2.299999237060547
      vertex 10.125 2.5980758666992188 2.299999237060547
      vertex 10.125 3.897113800048828 2.299999237060547
    endloop
  endfacet
  facet normal 0 0 1
    outer loop
      vertex 10.5 0.21650616824626923 2.299999237060547
      vertex 10.124999046325684 1.2990374565124512 2.299999237060547
      vertex 10.125 0 2.299999237060547
    endloop
  endfacet
  facet normal 0 0 1
    outer loop
      vertex 9 0.6495190262794495 2.299999237060547
      vertex 10.125 0 2.299999237060547
      vertex 10.124999046325684 1.2990374565124512 2.299999237060547
    endloop
  endfacet
  facet normal 0 0 1
    outer loop
      vertex 10.5 -2.3815696239471436 2.299999237060547
      vertex 10.124999046325684 -1.2990374565124512 2.299999237060547
      vertex 10.125 -2.5980758666992188 2.299999237060547
    endloop
  endfacet
  facet normal 0 0 1
    outer loop
      vertex 9 1.9485565423965454 2.299999237060547
      vertex 10.125 2.5980758666992188 2.299999237060547
      vertex 9 3.2475948333740234 2.299999237060547
    endloop
  endfacet
  facet normal 0 0 1
    outer loop
      vertex 10.125 2.5980758666992188 2.299999237060547
      vertex 9 1.9485565423965454 2.299999237060547
      vertex 10.124999046325684 1.2990374565124512 2.299999237060547
    endloop
  endfacet
  facet normal 0 0 1
    outer loop
      vertex 7.875 2.5980756282806396 2.299999237060547
      vertex 9 3.2475948333740234 2.299999237060547
      vertex 7.875000476837158 3.8971140384674072 2.299999237060547
    endloop
  endfacet
  facet normal 0 0 1
    outer loop
      vertex 9 3.2475948333740234 2.299999237060547
      vertex 7.875 2.5980756282806396 2.299999237060547
      vertex 9 1.9485565423965454 2.299999237060547
    endloop
  endfacet
  facet normal 0 0 1
    outer loop
      vertex 10.5 6.046298980712891 2.299999237060547
      vertex 10.125 5.1961517333984375 2.299999237060547
      vertex 10.5 5.412657737731934 2.299999237060547
    endloop
  endfacet
  facet normal 0 0 1
    outer loop
      vertex 10.078154563903809 6.468143939971924 2.299999237060547
      vertex 10.125 5.1961517333984375 2.299999237060547
      vertex 10.5 6.046298980712891 2.299999237060547
    endloop
  endfacet
  facet normal 0 0 1
    outer loop
      vertex 9 5.8456711769104 2.299999237060547
      vertex 10.125 5.1961517333984375 2.299999237060547
      vertex 10.078154563903809 6.468143939971924 2.299999237060547
    endloop
  endfacet
  facet normal 0 0 1
    outer loop
      vertex 10.125 5.1961517333984375 2.299999237060547
      vertex 9.000000953674316 4.546632766723633 2.299999237060547
      vertex 10.125 3.897113800048828 2.299999237060547
    endloop
  endfacet
  facet normal 0 0 1
    outer loop
      vertex 10.125 5.1961517333984375 2.299999237060547
      vertex 9 5.8456711769104 2.299999237060547
      vertex 9.000000953674316 4.546632766723633 2.299999237060547
    endloop
  endfacet
  facet normal 0 0 1
    outer loop
      vertex 7.875 5.196152210235596 2.299999237060547
      vertex 9.000000953674316 4.546632766723633 2.299999237060547
      vertex 9 5.8456711769104 2.299999237060547
    endloop
  endfacet
  facet normal 0 0 1
    outer loop
      vertex 9 1.9485565423965454 2.299999237060547
      vertex 7.875 2.5980756282806396 2.299999237060547
      vertex 7.875000476837158 1.299038052558899 2.299999237060547
    endloop
  endfacet
  facet normal 0 0 1
    outer loop
      vertex 7.875 5.196152210235596 2.299999237060547
      vertex 9 5.8456711769104 2.299999237060547
      vertex 7.875 6.495190143585205 2.299999237060547
    endloop
  endfacet
  facet normal 0 0 1
    outer loop
      vertex 9.000000953674316 4.546632766723633 2.299999237060547
      vertex 7.875 5.196152210235596 2.299999237060547
      vertex 7.875000476837158 3.8971140384674072 2.299999237060547
    endloop
  endfacet
  facet normal 0 0 1
    outer loop
      vertex 6.75 4.546633243560791 2.299999237060547
      vertex 7.875000476837158 3.8971140384674072 2.299999237060547
      vertex 7.875 5.196152210235596 2.299999237060547
    endloop
  endfacet
  facet normal 0 0 1
    outer loop
      vertex 6.750000476837158 1.9485570192337036 2.299999237060547
      vertex 7.875000476837158 1.299038052558899 2.299999237060547
      vertex 7.875 2.5980756282806396 2.299999237060547
    endloop
  endfacet
  facet normal 0 0 1
    outer loop
      vertex 6.750000476837158 0.6495189666748047 2.299999237060547
      vertex 7.875000476837158 1.299038052558899 2.299999237060547
      vertex 6.750000476837158 1.9485570192337036 2.299999237060547
    endloop
  endfacet
  facet normal 0 0 1
    outer loop
      vertex 7.875000476837158 1.299038052558899 2.299999237060547
      vertex 6.750000476837158 0.6495189666748047 2.299999237060547
      vertex 7.875000476837158 0 2.299999237060547
    endloop
  endfacet
  facet normal 0 0 1
    outer loop
      vertex 5.625000476837158 1.2990379333496094 2.299999237060547
      vertex 6.750000476837158 1.9485570192337036 2.299999237060547
      vertex 5.625000953674316 2.598076105117798 2.299999237060547
    endloop
  endfacet
  facet normal 0 0 1
    outer loop
      vertex 6.750000476837158 1.9485570192337036 2.299999237060547
      vertex 5.625000476837158 1.2990379333496094 2.299999237060547
      vertex 6.750000476837158 0.6495189666748047 2.299999237060547
    endloop
  endfacet
  facet normal 0 0 1
    outer loop
      vertex 5.625000476837158 1.2990379333496094 2.299999237060547
      vertex 5.625000476837158 0 2.299999237060547
      vertex 6.750000476837158 0.6495189666748047 2.299999237060547
    endloop
  endfacet
  facet normal 0 0 1
    outer loop
      vertex 4.500000476837158 0.6495189666748047 2.299999237060547
      vertex 5.625000476837158 0 2.299999237060547
      vertex 5.625000476837158 1.2990379333496094 2.299999237060547
    endloop
  endfacet
  facet normal 0 0 1
    outer loop
      vertex 4.500000476837158 -0.6495189666748047 2.299999237060547
      vertex 5.625000476837158 0 2.299999237060547
      vertex 4.500000476837158 0.6495189666748047 2.299999237060547
    endloop
  endfacet
  facet normal 0 0 1
    outer loop
      vertex 5.625000476837158 0 2.299999237060547
      vertex 4.500000476837158 -0.6495189666748047 2.299999237060547
      vertex 5.625000476837158 -1.2990379333496094 2.299999237060547
    endloop
  endfacet
  facet normal 0 0 1
    outer loop
      vertex 3.3750007152557373 0 2.299999237060547
      vertex 4.500000476837158 0.6495189666748047 2.299999237060547
      vertex 3.3750007152557373 1.2990379333496094 2.299999237060547
    endloop
  endfacet
  facet normal 0 0 1
    outer loop
      vertex 4.500000476837158 0.6495189666748047 2.299999237060547
      vertex 3.3750007152557373 0 2.299999237060547
      vertex 4.500000476837158 -0.6495189666748047 2.299999237060547
    endloop
  endfacet
  facet normal 0 0 1
    outer loop
      vertex 3.3750007152557373 0 2.299999237060547
      vertex 3.375000238418579 -1.2990381717681885 2.299999237060547
      vertex 4.500000476837158 -0.6495189666748047 2.299999237060547
    endloop
  endfacet
  facet normal 0 0 1
    outer loop
      vertex 2.249999523162842 -3.2475955486297607 2.299999237060547
      vertex 3.375 -3.8971147537231445 2.299999237060547
      vertex 3.374999761581421 -2.598076343536377 2.299999237060547
    endloop
  endfacet
  facet normal 0 0 1
    outer loop
      vertex 4.5 -3.2475955486297607 2.299999237060547
      vertex 3.374999761581421 -2.598076343536377 2.299999237060547
      vertex 3.375 -3.8971147537231445 2.299999237060547
    endloop
  endfacet
  facet normal 0 0 1
    outer loop
      vertex 2.250000476837158 -0.649519145488739 2.299999237060547
      vertex 3.375000238418579 -1.2990381717681885 2.299999237060547
      vertex 3.3750007152557373 0 2.299999237060547
    endloop
  endfacet
  facet normal 0 0 1
    outer loop
      vertex 2.249999761581421 -1.9485573768615723 2.299999237060547
      vertex 3.375000238418579 -1.2990381717681885 2.299999237060547
      vertex 2.250000476837158 -0.649519145488739 2.299999237060547
    endloop
  endfacet
  facet normal 0 0 1
    outer loop
      vertex 3.375000238418579 -1.2990381717681885 2.299999237060547
      vertex 2.249999761581421 -1.9485573768615723 2.299999237060547
      vertex 3.374999761581421 -2.598076343536377 2.299999237060547
    endloop
  endfacet
  facet normal 0 0 1
    outer loop
      vertex 1.1249998807907104 -1.2990384101867676 2.299999237060547
      vertex 2.250000476837158 -0.649519145488739 2.299999237060547
      vertex 1.1250004768371582 -1.5172898315540806e-7 2.299999237060547
    endloop
  endfacet
  facet normal 0 0 1
    outer loop
      vertex 2.2500007152557373 0.6495189666748047 2.299999237060547
      vertex 1.1249998807907104 1.2990384101867676 2.299999237060547
      vertex 1.1250004768371582 -1.5172898315540806e-7 2.299999237060547
    endloop
  endfacet
  facet normal 0 0 1
    outer loop
      vertex -2.384185791015625e-7 0.6495193243026733 2.299999237060547
      vertex 1.1250004768371582 -1.5172898315540806e-7 2.299999237060547
      vertex 1.1249998807907104 1.2990384101867676 2.299999237060547
    endloop
  endfacet
  facet normal 0 0 1
    outer loop
      vertex 2.250000476837158 -0.649519145488739 2.299999237060547
      vertex 1.1249998807907104 -1.2990384101867676 2.299999237060547
      vertex 2.249999761581421 -1.9485573768615723 2.299999237060547
    endloop
  endfacet
  facet normal 0 0 1
    outer loop
      vertex 1.1249998807907104 -1.2990384101867676 2.299999237060547
      vertex 1.1249996423721313 -2.598076581954956 2.299999237060547
      vertex 2.249999761581421 -1.9485573768615723 2.299999237060547
    endloop
  endfacet
  facet normal 0 0 1
    outer loop
      vertex -2.384185791015625e-7 -1.9485574960708618 2.299999237060547
      vertex 1.1249996423721313 -2.598076581954956 2.299999237060547
      vertex 1.1249998807907104 -1.2990384101867676 2.299999237060547
    endloop
  endfacet
  facet normal 0 0 1
    outer loop
      vertex 1.1249996423721313 -2.598076581954956 2.299999237060547
      vertex -2.384185791015625e-7 -1.9485574960708618 2.299999237060547
      vertex 0 -3.2475953102111816 2.299999237060547
    endloop
  endfacet
  facet normal 0 0 1
    outer loop
      vertex -1.1249998807907104 -2.598076343536377 2.299999237060547
      vertex 0 -3.2475953102111816 2.299999237060547
      vertex -2.384185791015625e-7 -1.9485574960708618 2.299999237060547
    endloop
  endfacet
  facet normal 0 0 1
    outer loop
      vertex -1.1249998807907104 -2.598076343536377 2.299999237060547
      vertex -1.1250001192092896 -3.8971145153045654 2.299999237060547
      vertex 0 -3.2475953102111816 2.299999237060547
    endloop
  endfacet
  facet normal 0 0 1
    outer loop
      vertex -1.1250001192092896 -3.8971145153045654 2.299999237060547
      vertex -1.1250004768371582 -5.196152687072754 2.299999237060547
      vertex -1.125000238418579 -7.794229030609131 2.299999237060547
    endloop
  endfacet
  facet normal 0 0 1
    outer loop
      vertex -2.25 -3.2475953102111816 2.299999237060547
      vertex -1.1250001192092896 -3.8971145153045654 2.299999237060547
      vertex -1.1249998807907104 -2.598076343536377 2.299999237060547
    endloop
  endfacet
  facet normal 0 0 1
    outer loop
      vertex -2.250000238418579 -4.546633720397949 2.299999237060547
      vertex -1.1250001192092896 -3.8971145153045654 2.299999237060547
      vertex -2.25 -3.2475953102111816 2.299999237060547
    endloop
  endfacet
  facet normal 0 0 1
    outer loop
      vertex -1.1250001192092896 -3.8971145153045654 2.299999237060547
      vertex -2.250000238418579 -4.546633720397949 2.299999237060547
      vertex -1.1250004768371582 -5.196152687072754 2.299999237060547
    endloop
  endfacet
  facet normal 0 0 1
    outer loop
      vertex -3.375000238418579 -3.8971145153045654 2.299999237060547
      vertex -2.250000238418579 -4.546633720397949 2.299999237060547
      vertex -2.25 -3.2475953102111816 2.299999237060547
    endloop
  endfacet
  facet normal 0 0 1
    outer loop
      vertex -2.250000238418579 -4.546633720397949 2.299999237060547
      vertex -3.375000238418579 -3.8971145153045654 2.299999237060547
      vertex -3.374999761581421 -5.196152210235596 2.299999237060547
    endloop
  endfacet
  facet normal 0 0 1
    outer loop
      vertex -3.375000238418579 -3.8971145153045654 2.299999237060547
      vertex -2.25 -3.2475953102111816 2.299999237060547
      vertex -3.375 -2.598076343536377 2.299999237060547
    endloop
  endfacet
  facet normal 0 0 1
    outer loop
      vertex 10.125 9.093266487121582 2.299999237060547
      vertex 10.5 10.175798416137695 2.299999237060547
      vertex 10.125 10.392304420471191 2.299999237060547
    endloop
  endfacet
  facet normal 0 0 1
    outer loop
      vertex 10.5 10.175798416137695 2.299999237060547
      vertex 10.125 9.093266487121582 2.299999237060547
      vertex 10.5 8.02619743347168 2.299999237060547
    endloop
  endfacet
  facet normal 0 0 1
    outer loop
      vertex 10.5 8.02619743347168 2.299999237060547
      vertex 10.125 9.093266487121582 2.299999237060547
      vertex 9.686245918273926 8.839951515197754 2.299999237060547
    endloop
  endfacet
  facet normal 0 0 1
    outer loop
      vertex 14.25 14.25 2.299999237060547
      vertex 14.049999237060547 5 2.299999237060547
      vertex 14.25 -14.25 2.299999237060547
    endloop
  endfacet
  facet normal 0 0 1
    outer loop
      vertex 10.5 10.175798416137695 2.299999237060547
      vertex 14.049999237060547 5 2.299999237060547
      vertex 14.25 14.25 2.299999237060547
    endloop
  endfacet
  facet normal 0 0 1
    outer loop
      vertex 14.049999237060547 5 2.299999237060547
      vertex 10.5 10.175798416137695 2.299999237060547
      vertex 10.5 8.02619743347168 2.299999237060547
    endloop
  endfacet
  facet normal 0 0 1
    outer loop
      vertex 10.5 10.175798416137695 2.299999237060547
      vertex 14.25 14.25 2.299999237060547
      vertex 10.5 10.5 2.299999237060547
    endloop
  endfacet
  facet normal 0 0 1
    outer loop
      vertex 14.25 14.25 2.299999237060547
      vertex 10.311534881591797 10.5 2.299999237060547
      vertex 10.5 10.5 2.299999237060547
    endloop
  endfacet
  facet normal 0 0 1
    outer loop
      vertex 5 14.049999237060547 2.299999237060547
      vertex 10.311534881591797 10.5 2.299999237060547
      vertex 14.25 14.25 2.299999237060547
    endloop
  endfacet
  facet normal 0 0 1
    outer loop
      vertex 10.125 10.392304420471191 2.299999237060547
      vertex 9 9.742785453796387 2.299999237060547
      vertex 10.125 9.093266487121582 2.299999237060547
    endloop
  endfacet
  facet normal 0 0 1
    outer loop
      vertex 8.02619743347168 10.5 2.299999237060547
      vertex 10.311534881591797 10.5 2.299999237060547
      vertex 5 14.049999237060547 2.299999237060547
    endloop
  endfacet
  facet normal 0 0 1
    outer loop
      vertex 10.125 10.392304420471191 2.299999237060547
      vertex 8.02619743347168 10.5 2.299999237060547
      vertex 9 9.742785453796387 2.299999237060547
    endloop
  endfacet
  facet normal 0 0 1
    outer loop
      vertex 9 9.742785453796387 2.299999237060547
      vertex 8.02619743347168 10.5 2.299999237060547
      vertex 8.862688064575195 9.663508415222168 2.299999237060547
    endloop
  endfacet
  facet normal 0 0 1
    outer loop
      vertex 10.311534881591797 10.5 2.299999237060547
      vertex 8.02619743347168 10.5 2.299999237060547
      vertex 10.125 10.392304420471191 2.299999237060547
    endloop
  endfacet
  facet normal 0 0 1
    outer loop
      vertex 8.02619743347168 10.5 2.299999237060547
      vertex 5 14.049999237060547 2.299999237060547
      vertex 7.688467025756836 10.5 2.299999237060547
    endloop
  endfacet
  facet normal 0 0 1
    outer loop
      vertex 7.688467025756836 10.5 2.299999237060547
      vertex 5 14.049999237060547 2.299999237060547
      vertex 7.6884660720825195 10.5 2.299999237060547
    endloop
  endfacet
  facet normal 0 0 1
    outer loop
      vertex 5.811532497406006 10.5 2.299999237060547
      vertex 5 11.25 2.299999237060547
      vertex 5.624999523162842 10.392305374145508 2.299999237060547
    endloop
  endfacet
  facet normal 0 0 1
    outer loop
      vertex 7.6884660720825195 10.5 2.299999237060547
      vertex 5 11.25 2.299999237060547
      vertex 5.811532497406006 10.5 2.299999237060547
    endloop
  endfacet
  facet normal 0 0 1
    outer loop
      vertex 5 11.25 2.299999237060547
      vertex 7.6884660720825195 10.5 2.299999237060547
      vertex 5 14.049999237060547 2.299999237060547
    endloop
  endfacet
  facet normal 0 0 1
    outer loop
      vertex 14.25 14.25 2.299999237060547
      vertex -5 14.049999237060547 2.299999237060547
      vertex 5 14.049999237060547 2.299999237060547
    endloop
  endfacet
  facet normal 0 0 1
    outer loop
      vertex -7.688466548919678 10.5 2.299999237060547
      vertex -5 11.25 2.299999237060547
      vertex -5 14.049999237060547 2.299999237060547
    endloop
  endfacet
  facet normal 0 0 1
    outer loop
      vertex -5 11.25 2.299999237060547
      vertex -5.811532497406006 10.5 2.299999237060547
      vertex -5.624999523162842 10.392305374145508 2.299999237060547
    endloop
  endfacet
  facet normal 0 0 1
    outer loop
      vertex -5 11.25 2.299999237060547
      vertex -7.688466548919678 10.5 2.299999237060547
      vertex -5.811532497406006 10.5 2.299999237060547
    endloop
  endfacet
  facet normal 0 0 1
    outer loop
      vertex -5 14.049999237060547 2.299999237060547
      vertex -7.688467025756836 10.5 2.299999237060547
      vertex -7.688466548919678 10.5 2.299999237060547
    endloop
  endfacet
  facet normal 0 0 1
    outer loop
      vertex -5 14.049999237060547 2.299999237060547
      vertex -8.02619743347168 10.5 2.299999237060547
      vertex -7.688467025756836 10.5 2.299999237060547
    endloop
  endfacet
  facet normal 0 0 1
    outer loop
      vertex -10.311534881591797 10.5 2.299999237060547
      vertex -8.02619743347168 10.5 2.299999237060547
      vertex -5 14.049999237060547 2.299999237060547
    endloop
  endfacet
  facet normal 0 0 1
    outer loop
      vertex -8.02619743347168 10.5 2.299999237060547
      vertex -9 9.742785453796387 2.299999237060547
      vertex -8.862688064575195 9.663508415222168 2.299999237060547
    endloop
  endfacet
  facet normal 0 0 1
    outer loop
      vertex -8.02619743347168 10.5 2.299999237060547
      vertex -10.125 10.392304420471191 2.299999237060547
      vertex -9 9.742785453796387 2.299999237060547
    endloop
  endfacet
  facet normal 0 0 1
    outer loop
      vertex -8.02619743347168 10.5 2.299999237060547
      vertex -10.311534881591797 10.5 2.299999237060547
      vertex -10.125 10.392304420471191 2.299999237060547
    endloop
  endfacet
  facet normal 0 0 1
    outer loop
      vertex -14.25 14.25 2.299999237060547
      vertex -10.311534881591797 10.5 2.299999237060547
      vertex -5 14.049999237060547 2.299999237060547
    endloop
  endfacet
  facet normal 0 0 1
    outer loop
      vertex -14.25 14.25 2.299999237060547
      vertex -10.5 10.175798416137695 2.299999237060547
      vertex -10.5 10.5 2.299999237060547
    endloop
  endfacet
  facet normal 0 0 1
    outer loop
      vertex -10.5 10.175798416137695 2.299999237060547
      vertex -14.049999237060547 5 2.299999237060547
      vertex -10.5 8.02619743347168 2.299999237060547
    endloop
  endfacet
  facet normal 0 0 1
    outer loop
      vertex -10.5 8.02619743347168 2.299999237060547
      vertex -14.049999237060547 5 2.299999237060547
      vertex -10.5 8.010734558105469 2.299999237060547
    endloop
  endfacet
  facet normal 0 0 1
    outer loop
      vertex -10.5 8.010734558105469 2.299999237060547
      vertex -14.049999237060547 5 2.299999237060547
      vertex -10.5 7.57772159576416 2.299999237060547
    endloop
  endfacet
  facet normal 0 0 1
    outer loop
      vertex -10.5 7.57772159576416 2.299999237060547
      vertex -14.049999237060547 5 2.299999237060547
      vertex -10.5 6.046298980712891 2.299999237060547
    endloop
  endfacet
  facet normal 0 0 1
    outer loop
      vertex -10.5 6.046298980712891 2.299999237060547
      vertex -11.25 5 2.299999237060547
      vertex -10.5 5.412657737731934 2.299999237060547
    endloop
  endfacet
  facet normal 0 0 1
    outer loop
      vertex -10.5 5.412657737731934 2.299999237060547
      vertex -11.25 5 2.299999237060547
      vertex -10.5 4.979645729064941 2.299999237060547
    endloop
  endfacet
  facet normal 0 0 1
    outer loop
      vertex -10.125 3.897113800048828 2.299999237060547
      vertex -11.25 5 2.299999237060547
      vertex -10.5 2.814582109451294 2.299999237060547
    endloop
  endfacet
  facet normal 0 0 1
    outer loop
      vertex -10.5 2.814582109451294 2.299999237060547
      vertex -11.25 5 2.299999237060547
      vertex -10.5 2.3815696239471436 2.299999237060547
    endloop
  endfacet
  facet normal 0 0 1
    outer loop
      vertex -10.5 2.3815696239471436 2.299999237060547
      vertex -11.25 5 2.299999237060547
      vertex -10.5 0.21650616824626923 2.299999237060547
    endloop
  endfacet
  facet normal 0 0 1
    outer loop
      vertex -10.5 0.21650616824626923 2.299999237060547
      vertex -11.25 5 2.299999237060547
      vertex -10.5 -0.21650616824626923 2.299999237060547
    endloop
  endfacet
  facet normal 0 0 1
    outer loop
      vertex -11.25 -5 2.299999237060547
      vertex -10.5 -0.21650616824626923 2.299999237060547
      vertex -11.25 5 2.299999237060547
    endloop
  endfacet
  facet normal 0 0 1
    outer loop
      vertex -10.5 -0.21650616824626923 2.299999237060547
      vertex -11.25 -5 2.299999237060547
      vertex -10.5 -2.3815696239471436 2.299999237060547
    endloop
  endfacet
  facet normal 0 0 1
    outer loop
      vertex -10.5 -2.3815696239471436 2.299999237060547
      vertex -11.25 -5 2.299999237060547
      vertex -10.5 -2.814582109451294 2.299999237060547
    endloop
  endfacet
  facet normal 0 0 1
    outer loop
      vertex -10.125 -3.897113800048828 2.299999237060547
      vertex -11.25 -5 2.299999237060547
      vertex -10.5 -4.979645729064941 2.299999237060547
    endloop
  endfacet
  facet normal 0 0 1
    outer loop
      vertex -10.5 -4.979645729064941 2.299999237060547
      vertex -11.25 -5 2.299999237060547
      vertex -10.5 -5.412657737731934 2.299999237060547
    endloop
  endfacet
  facet normal 0 0 1
    outer loop
      vertex -10.5 -5.412657737731934 2.299999237060547
      vertex -11.25 -5 2.299999237060547
      vertex -10.5 -6.046298980712891 2.299999237060547
    endloop
  endfacet
  facet normal 0 0 1
    outer loop
      vertex -10.5 -6.046298980712891 2.299999237060547
      vertex -11.25 -5 2.299999237060547
      vertex -10.5 -7.57772159576416 2.299999237060547
    endloop
  endfacet
  facet normal 0 0 1
    outer loop
      vertex -14.049999237060547 -5 2.299999237060547
      vertex -10.5 -7.57772159576416 2.299999237060547
      vertex -11.25 -5 2.299999237060547
    endloop
  endfacet
  facet normal 0 0 1
    outer loop
      vertex -10.5 -7.57772159576416 2.299999237060547
      vertex -14.049999237060547 -5 2.299999237060547
      vertex -10.5 -8.010734558105469 2.299999237060547
    endloop
  endfacet
  facet normal 0 0 1
    outer loop
      vertex -10.5 -8.010734558105469 2.299999237060547
      vertex -14.049999237060547 -5 2.299999237060547
      vertex -10.5 -8.02619743347168 2.299999237060547
    endloop
  endfacet
  facet normal 0 0 1
    outer loop
      vertex -10.5 6.046298980712891 2.299999237060547
      vertex -14.049999237060547 5 2.299999237060547
      vertex -11.25 5 2.299999237060547
    endloop
  endfacet
  facet normal 0 0 1
    outer loop
      vertex -14.049999237060547 5 2.299999237060547
      vertex -14.25 14.25 2.299999237060547
      vertex -14.049999237060547 -5 2.299999237060547
    endloop
  endfacet
  facet normal 0 0 1
    outer loop
      vertex -10.5 10.175798416137695 2.299999237060547
      vertex -14.25 14.25 2.299999237060547
      vertex -14.049999237060547 5 2.299999237060547
    endloop
  endfacet
  facet normal 0 0 1
    outer loop
      vertex -10.311534881591797 10.5 2.299999237060547
      vertex -14.25 14.25 2.299999237060547
      vertex -10.5 10.5 2.299999237060547
    endloop
  endfacet
  facet normal 0 0 1
    outer loop
      vertex -14.25 14.25 2.299999237060547
      vertex -5 14.049999237060547 2.299999237060547
      vertex 14.25 14.25 2.299999237060547
    endloop
  endfacet
  facet normal 0 0 1
    outer loop
      vertex 14.049999237060547 -5 2.299999237060547
      vertex 14.25 -14.25 2.299999237060547
      vertex 14.049999237060547 5 2.299999237060547
    endloop
  endfacet
  facet normal 0 0 1
    outer loop
      vertex 10.5 -7.57772159576416 2.299999237060547
      vertex 14.049999237060547 -5 2.299999237060547
      vertex 11.25 -5 2.299999237060547
    endloop
  endfacet
  facet normal 0 0 1
    outer loop
      vertex 10.5 8.010734558105469 2.299999237060547
      vertex 14.049999237060547 5 2.299999237060547
      vertex 10.5 8.02619743347168 2.299999237060547
    endloop
  endfacet
  facet normal 0 0 1
    outer loop
      vertex 10.5 7.57772159576416 2.299999237060547
      vertex 14.049999237060547 5 2.299999237060547
      vertex 10.5 8.010734558105469 2.299999237060547
    endloop
  endfacet
  facet normal 0 0 1
    outer loop
      vertex 14.049999237060547 5 2.299999237060547
      vertex 10.5 7.57772159576416 2.299999237060547
      vertex 11.25 5 2.299999237060547
    endloop
  endfacet
  facet normal 0 0 1
    outer loop
      vertex 10.5 6.046298980712891 2.299999237060547
      vertex 11.25 5 2.299999237060547
      vertex 10.5 7.57772159576416 2.299999237060547
    endloop
  endfacet
  facet normal 0 0 1
    outer loop
      vertex 10.5 5.412657737731934 2.299999237060547
      vertex 11.25 5 2.299999237060547
      vertex 10.5 6.046298980712891 2.299999237060547
    endloop
  endfacet
  facet normal 0 0 1
    outer loop
      vertex 10.5 4.979645729064941 2.299999237060547
      vertex 11.25 5 2.299999237060547
      vertex 10.5 5.412657737731934 2.299999237060547
    endloop
  endfacet
  facet normal 0 0 1
    outer loop
      vertex 10.5 2.814582109451294 2.299999237060547
      vertex 11.25 5 2.299999237060547
      vertex 10.5 4.979645729064941 2.299999237060547
    endloop
  endfacet
  facet normal 0 0 1
    outer loop
      vertex 10.5 2.3815696239471436 2.299999237060547
      vertex 11.25 5 2.299999237060547
      vertex 10.5 2.814582109451294 2.299999237060547
    endloop
  endfacet
  facet normal 0 0 1
    outer loop
      vertex 10.5 0.21650616824626923 2.299999237060547
      vertex 11.25 5 2.299999237060547
      vertex 10.5 2.3815696239471436 2.299999237060547
    endloop
  endfacet
  facet normal 0 0 1
    outer loop
      vertex 11.25 5 2.299999237060547
      vertex 10.5 0.21650616824626923 2.299999237060547
      vertex 11.25 -5 2.299999237060547
    endloop
  endfacet
  facet normal 0 0 1
    outer loop
      vertex 10.5 -0.21650616824626923 2.299999237060547
      vertex 11.25 -5 2.299999237060547
      vertex 10.5 0.21650616824626923 2.299999237060547
    endloop
  endfacet
  facet normal 0 0 1
    outer loop
      vertex 10.5 -2.3815696239471436 2.299999237060547
      vertex 11.25 -5 2.299999237060547
      vertex 10.5 -0.21650616824626923 2.299999237060547
    endloop
  endfacet
  facet normal 0 0 1
    outer loop
      vertex 10.5 -2.814582109451294 2.299999237060547
      vertex 11.25 -5 2.299999237060547
      vertex 10.5 -2.3815696239471436 2.299999237060547
    endloop
  endfacet
  facet normal 0 0 1
    outer loop
      vertex 10.5 -4.979645729064941 2.299999237060547
      vertex 11.25 -5 2.299999237060547
      vertex 10.5 -2.814582109451294 2.299999237060547
    endloop
  endfacet
  facet normal 0 0 1
    outer loop
      vertex 10.5 -5.41265869140625 2.299999237060547
      vertex 11.25 -5 2.299999237060547
      vertex 10.5 -4.979645729064941 2.299999237060547
    endloop
  endfacet
  facet normal 0 0 1
    outer loop
      vertex 10.5 -6.046298980712891 2.299999237060547
      vertex 11.25 -5 2.299999237060547
      vertex 10.5 -5.41265869140625 2.299999237060547
    endloop
  endfacet
  facet normal 0 0 1
    outer loop
      vertex 10.5 -7.57772159576416 2.299999237060547
      vertex 11.25 -5 2.299999237060547
      vertex 10.5 -6.046298980712891 2.299999237060547
    endloop
  endfacet
  facet normal 0 0 1
    outer loop
      vertex 14.049999237060547 -5 2.299999237060547
      vertex 10.5 -7.57772159576416 2.299999237060547
      vertex 10.5 -8.010735511779785 2.299999237060547
    endloop
  endfacet
  facet normal 0 0 1
    outer loop
      vertex 14.049999237060547 -5 2.299999237060547
      vertex 10.5 -8.010735511779785 2.299999237060547
      vertex 10.5 -8.02619743347168 2.299999237060547
    endloop
  endfacet
  facet normal 0 0 1
    outer loop
      vertex 10.5 -10.175798416137695 2.299999237060547
      vertex 14.049999237060547 -5 2.299999237060547
      vertex 10.5 -8.02619743347168 2.299999237060547
    endloop
  endfacet
  facet normal 0 0 1
    outer loop
      vertex 14.049999237060547 -5 2.299999237060547
      vertex 10.5 -10.175798416137695 2.299999237060547
      vertex 14.25 -14.25 2.299999237060547
    endloop
  endfacet
  facet normal 0 0 1
    outer loop
      vertex 10.5 -10.5 2.299999237060547
      vertex 14.25 -14.25 2.299999237060547
      vertex 10.5 -10.175798416137695 2.299999237060547
    endloop
  endfacet
  facet normal 0 0 1
    outer loop
      vertex 10.31153392791748 -10.5 2.299999237060547
      vertex 14.25 -14.25 2.299999237060547
      vertex 10.5 -10.5 2.299999237060547
    endloop
  endfacet
  facet normal 0 0 1
    outer loop
      vertex 8.02619743347168 -10.5 2.299999237060547
      vertex 10.31153392791748 -10.5 2.299999237060547
      vertex 10.125 -10.392304420471191 2.299999237060547
    endloop
  endfacet
  facet normal 0 0 1
    outer loop
      vertex 8.02619743347168 -10.5 2.299999237060547
      vertex 10.125 -10.392304420471191 2.299999237060547
      vertex 9 -9.742785453796387 2.299999237060547
    endloop
  endfacet
  facet normal 0 0 1
    outer loop
      vertex 8.02619743347168 -10.5 2.299999237060547
      vertex 9 -9.742785453796387 2.299999237060547
      vertex 8.862688064575195 -9.663508415222168 2.299999237060547
    endloop
  endfacet
  facet normal 0 0 1
    outer loop
      vertex 10.31153392791748 -10.5 2.299999237060547
      vertex 8.02619743347168 -10.5 2.299999237060547
      vertex 5 -14.049999237060547 2.299999237060547
    endloop
  endfacet
  facet normal 0 0 1
    outer loop
      vertex 5 -14.049999237060547 2.299999237060547
      vertex 8.02619743347168 -10.5 2.299999237060547
      vertex 7.688467025756836 -10.5 2.299999237060547
    endloop
  endfacet
  facet normal 0 0 1
    outer loop
      vertex 5 -14.049999237060547 2.299999237060547
      vertex 7.688467025756836 -10.5 2.299999237060547
      vertex 7.688466548919678 -10.5 2.299999237060547
    endloop
  endfacet
  facet normal 0 0 1
    outer loop
      vertex 5 -11.25 2.299999237060547
      vertex 7.688466548919678 -10.5 2.299999237060547
      vertex 5.811532497406006 -10.5 2.299999237060547
    endloop
  endfacet
  facet normal 0 0 1
    outer loop
      vertex 5 -11.25 2.299999237060547
      vertex 5.811532497406006 -10.5 2.299999237060547
      vertex 5.624999523162842 -10.392305374145508 2.299999237060547
    endloop
  endfacet
  facet normal 0 0 1
    outer loop
      vertex 7.688466548919678 -10.5 2.299999237060547
      vertex 5 -11.25 2.299999237060547
      vertex 5 -14.049999237060547 2.299999237060547
    endloop
  endfacet
  facet normal 0 0 1
    outer loop
      vertex 10.31153392791748 -10.5 2.299999237060547
      vertex 5 -14.049999237060547 2.299999237060547
      vertex 14.25 -14.25 2.299999237060547
    endloop
  endfacet
  facet normal 0 0 1
    outer loop
      vertex -5 -14.049999237060547 2.299999237060547
      vertex 14.25 -14.25 2.299999237060547
      vertex 5 -14.049999237060547 2.299999237060547
    endloop
  endfacet
  facet normal 0 0 1
    outer loop
      vertex -5.811532497406006 -10.5 2.299999237060547
      vertex -5 -11.25 2.299999237060547
      vertex -5.624999523162842 -10.392305374145508 2.299999237060547
    endloop
  endfacet
  facet normal 0 0 1
    outer loop
      vertex -7.6884660720825195 -10.5 2.299999237060547
      vertex -5 -11.25 2.299999237060547
      vertex -5.811532497406006 -10.5 2.299999237060547
    endloop
  endfacet
  facet normal 0 0 1
    outer loop
      vertex -5 -11.25 2.299999237060547
      vertex -7.6884660720825195 -10.5 2.299999237060547
      vertex -5 -14.049999237060547 2.299999237060547
    endloop
  endfacet
  facet normal 0 0 1
    outer loop
      vertex -7.688467025756836 -10.5 2.299999237060547
      vertex -5 -14.049999237060547 2.299999237060547
      vertex -7.6884660720825195 -10.5 2.299999237060547
    endloop
  endfacet
  facet normal 0 0 1
    outer loop
      vertex -8.02619743347168 -10.5 2.299999237060547
      vertex -5 -14.049999237060547 2.299999237060547
      vertex -7.688467025756836 -10.5 2.299999237060547
    endloop
  endfacet
  facet normal 0 0 1
    outer loop
      vertex -9 -9.742785453796387 2.299999237060547
      vertex -8.02619743347168 -10.5 2.299999237060547
      vertex -8.862688064575195 -9.663508415222168 2.299999237060547
    endloop
  endfacet
  facet normal 0 0 1
    outer loop
      vertex -10.125 -10.392304420471191 2.299999237060547
      vertex -8.02619743347168 -10.5 2.299999237060547
      vertex -9 -9.742785453796387 2.299999237060547
    endloop
  endfacet
  facet normal 0 0 1
    outer loop
      vertex -10.125 -10.392304420471191 2.299999237060547
      vertex -9 -9.742785453796387 2.299999237060547
      vertex -10.125 -9.093266487121582 2.299999237060547
    endloop
  endfacet
  facet normal 0 0 1
    outer loop
      vertex -10.311534881591797 -10.5 2.299999237060547
      vertex -8.02619743347168 -10.5 2.299999237060547
      vertex -10.125 -10.392304420471191 2.299999237060547
    endloop
  endfacet
  facet normal 0 0 1
    outer loop
      vertex -8.02619743347168 -10.5 2.299999237060547
      vertex -10.311534881591797 -10.5 2.299999237060547
      vertex -5 -14.049999237060547 2.299999237060547
    endloop
  endfacet
  facet normal 0 0 1
    outer loop
      vertex -14.25 -14.25 2.299999237060547
      vertex -10.311534881591797 -10.5 2.299999237060547
      vertex -10.5 -10.5 2.299999237060547
    endloop
  endfacet
  facet normal 0 0 1
    outer loop
      vertex -10.5 -8.02619743347168 2.299999237060547
      vertex -14.049999237060547 -5 2.299999237060547
      vertex -10.5 -10.175797462463379 2.299999237060547
    endloop
  endfacet
  facet normal 0 0 1
    outer loop
      vertex -14.25 -14.25 2.299999237060547
      vertex -10.5 -10.175797462463379 2.299999237060547
      vertex -14.049999237060547 -5 2.299999237060547
    endloop
  endfacet
  facet normal 0 0 1
    outer loop
      vertex -5 -14.049999237060547 2.299999237060547
      vertex -14.25 -14.25 2.299999237060547
      vertex 14.25 -14.25 2.299999237060547
    endloop
  endfacet
  facet normal 0 0 1
    outer loop
      vertex -10.311534881591797 -10.5 2.299999237060547
      vertex -14.25 -14.25 2.299999237060547
      vertex -5 -14.049999237060547 2.299999237060547
    endloop
  endfacet
  facet normal 0 0 1
    outer loop
      vertex -10.5 -10.175797462463379 2.299999237060547
      vertex -14.25 -14.25 2.299999237060547
      vertex -10.5 -10.5 2.299999237060547
    endloop
  endfacet
  facet normal 0 0 1
    outer loop
      vertex -14.25 -14.25 2.299999237060547
      vertex -14.049999237060547 -5 2.299999237060547
      vertex -14.25 14.25 2.299999237060547
    endloop
  endfacet
  facet normal 0.5000062355895658 0.8660218036351923 0
    outer loop
      vertex -6.749999523162842 9.742785453796387 2.299999237060547
      vertex -6.783925533294678 9.762372970581055 1.5999994277954102
      vertex -6.783925533294678 9.762372970581055 2.299999237060547
    endloop
  endfacet
  facet normal 0.5000062355895658 0.8660218036351923 0
    outer loop
      vertex -6.749999523162842 9.742785453796387 0
      vertex -6.783925533294678 9.762372970581055 1.5999994277954102
      vertex -6.749999523162842 9.742785453796387 2.299999237060547
    endloop
  endfacet
  facet normal 0.5000030708684201 0.8660236308104656 -8.947264949067027e-8
    outer loop
      vertex -6.963240146636963 9.865900993347168 0
      vertex -6.783925533294678 9.762372970581055 1.5999994277954102
      vertex -6.749999523162842 9.742785453796387 0
    endloop
  endfacet
  facet normal 0.5000024721064826 0.8660239765083909 0
    outer loop
      vertex -6.783925533294678 9.762372970581055 1.5999994277954102
      vertex -6.963240146636963 9.865900993347168 0
      vertex -6.963240146636963 9.865900993347168 1.5999994277954102
    endloop
  endfacet
  facet normal 0.4999999502534636 0.866025432505613 0
    outer loop
      vertex -4.499999523162842 8.443747520446777 0
      vertex -5.624999523162842 9.093266487121582 2.299999237060547
      vertex -4.499999523162842 8.443747520446777 2.299999237060547
    endloop
  endfacet
  facet normal 0.4999999502534636 0.866025432505613 0
    outer loop
      vertex -5.624999523162842 9.093266487121582 2.299999237060547
      vertex -4.499999523162842 8.443747520446777 0
      vertex -5.624999523162842 9.093266487121582 0
    endloop
  endfacet
  facet normal 0.4999999502534636 0.866025432505613 0
    outer loop
      vertex -2.249999761581421 7.144710063934326 0
      vertex -3.374999761581421 7.794229030609131 2.299999237060547
      vertex -2.249999761581421 7.144710063934326 2.299999237060547
    endloop
  endfacet
  facet normal 0.4999999502534636 0.866025432505613 0
    outer loop
      vertex -3.374999761581421 7.794229030609131 2.299999237060547
      vertex -2.249999761581421 7.144710063934326 0
      vertex -3.374999761581421 7.794229030609131 0
    endloop
  endfacet
  facet normal 0.5000001091992198 0.8660253407382305 0
    outer loop
      vertex 0 5.845671653747559 0
      vertex -1.1249995231628418 6.495190620422363 2.299999237060547
      vertex 0 5.845671653747559 2.299999237060547
    endloop
  endfacet
  facet normal 0.5000001091992198 0.8660253407382305 0
    outer loop
      vertex -1.1249995231628418 6.495190620422363 2.299999237060547
      vertex 0 5.845671653747559 0
      vertex -1.1249995231628418 6.495190620422363 0
    endloop
  endfacet
  facet normal 0.5000000297263312 0.8660253866219326 0
    outer loop
      vertex 2.250000238418579 4.546633720397949 0
      vertex 1.1250004768371582 5.196152687072754 2.299999237060547
      vertex 2.250000238418579 4.546633720397949 2.299999237060547
    endloop
  endfacet
  facet normal 0.5000000297263312 0.8660253866219326 0
    outer loop
      vertex 1.1250004768371582 5.196152687072754 2.299999237060547
      vertex 2.250000238418579 4.546633720397949 0
      vertex 1.1250004768371582 5.196152687072754 0
    endloop
  endfacet
  facet normal 0.5000000297263312 0.8660253866219326 0
    outer loop
      vertex 4.5 3.2475955486297607 0
      vertex 3.375000238418579 3.8971145153045654 2.299999237060547
      vertex 4.5 3.2475955486297607 2.299999237060547
    endloop
  endfacet
  facet normal 0.5000000297263312 0.8660253866219326 0
    outer loop
      vertex 3.375000238418579 3.8971145153045654 2.299999237060547
      vertex 4.5 3.2475955486297607 0
      vertex 3.375000238418579 3.8971145153045654 0
    endloop
  endfacet
  facet normal 0.5000001780247446 0.86602530100178 0
    outer loop
      vertex 6.750000476837158 1.9485570192337036 0
      vertex 5.625000953674316 2.598076105117798 2.299999237060547
      vertex 6.750000476837158 1.9485570192337036 2.299999237060547
    endloop
  endfacet
  facet normal 0.5000001780247446 0.86602530100178 0
    outer loop
      vertex 5.625000953674316 2.598076105117798 2.299999237060547
      vertex 6.750000476837158 1.9485570192337036 0
      vertex 5.625000953674316 2.598076105117798 0
    endloop
  endfacet
  facet normal 0.5000001436119834 0.8660253208700055 0
    outer loop
      vertex 9 0.6495190262794495 0
      vertex 7.875000476837158 1.299038052558899 2.299999237060547
      vertex 9 0.6495190262794495 2.299999237060547
    endloop
  endfacet
  facet normal 0.5000001436119834 0.8660253208700055 0
    outer loop
      vertex 7.875000476837158 1.299038052558899 2.299999237060547
      vertex 9 0.6495190262794495 0
      vertex 7.875000476837158 1.299038052558899 0
    endloop
  endfacet
  facet normal 0.4999996835544937 0.8660255864842599 0
    outer loop
      vertex 10.5 -0.21650616824626923 0
      vertex 10.125 0 2.299999237060547
      vertex 10.5 -0.21650616824626923 2.299999237060547
    endloop
  endfacet
  facet normal 0.4999996835544937 0.8660255864842599 0
    outer loop
      vertex 10.125 0 2.299999237060547
      vertex 10.5 -0.21650616824626923 0
      vertex 10.125 0 0
    endloop
  endfacet
  facet normal -0.4999999502534636 -0.866025432505613 0
    outer loop
      vertex -6.75 8.443747520446777 0
      vertex -5.625 7.794228553771973 2.299999237060547
      vertex -6.75 8.443747520446777 2.299999237060547
    endloop
  endfacet
  facet normal -0.4999999502534636 -0.866025432505613 0
    outer loop
      vertex -5.625 7.794228553771973 2.299999237060547
      vertex -6.75 8.443747520446777 0
      vertex -5.625 7.794228553771973 0
    endloop
  endfacet
  facet normal -0.4999999502534636 -0.866025432505613 0
    outer loop
      vertex -4.500000476837158 7.144709587097168 0
      vertex -3.375000476837158 6.495190620422363 2.299999237060547
      vertex -4.500000476837158 7.144709587097168 2.299999237060547
    endloop
  endfacet
  facet normal -0.4999999502534636 -0.866025432505613 0
    outer loop
      vertex -3.375000476837158 6.495190620422363 2.299999237060547
      vertex -4.500000476837158 7.144709587097168 0
      vertex -3.375000476837158 6.495190620422363 0
    endloop
  endfacet
  facet normal -0.49999983389702574 -0.8660254996840142 0
    outer loop
      vertex -2.25 5.8456711769104 0
      vertex -1.1250004768371582 5.196152687072754 2.299999237060547
      vertex -2.25 5.8456711769104 2.299999237060547
    endloop
  endfacet
  facet normal -0.49999983389702574 -0.8660254996840142 0
    outer loop
      vertex -1.1250004768371582 5.196152687072754 2.299999237060547
      vertex -2.25 5.8456711769104 0
      vertex -1.1250004768371582 5.196152687072754 0
    endloop
  endfacet
  facet normal -0.4999999899898947 -0.8660254095637755 0
    outer loop
      vertex 0 4.546633243560791 0
      vertex 1.1249998807907104 3.8971142768859863 2.299999237060547
      vertex 0 4.546633243560791 2.299999237060547
    endloop
  endfacet
  facet normal -0.4999999899898947 -0.8660254095637755 0
    outer loop
      vertex 1.1249998807907104 3.8971142768859863 2.299999237060547
      vertex 0 4.546633243560791 0
      vertex 1.1249998807907104 3.8971142768859863 0
    endloop
  endfacet
  facet normal -0.4999999502534636 -0.866025432505613 0
    outer loop
      vertex 2.249999761581421 3.2475953102111816 0
      vertex 3.374999761581421 2.598076343536377 2.299999237060547
      vertex 2.249999761581421 3.2475953102111816 2.299999237060547
    endloop
  endfacet
  facet normal -0.4999999502534636 -0.866025432505613 0
    outer loop
      vertex 3.374999761581421 2.598076343536377 2.299999237060547
      vertex 2.249999761581421 3.2475953102111816 0
      vertex 3.374999761581421 2.598076343536377 0
    endloop
  endfacet
  facet normal -0.4999999502534636 -0.866025432505613 0
    outer loop
      vertex 4.500000476837158 1.948556900024414 0
      vertex 5.625000476837158 1.2990379333496094 2.299999237060547
      vertex 4.500000476837158 1.948556900024414 2.299999237060547
    endloop
  endfacet
  facet normal -0.4999999502534636 -0.866025432505613 0
    outer loop
      vertex 5.625000476837158 1.2990379333496094 2.299999237060547
      vertex 4.500000476837158 1.948556900024414 0
      vertex 5.625000476837158 1.2990379333496094 0
    endloop
  endfacet
  facet normal -0.4999999502534636 -0.866025432505613 0
    outer loop
      vertex 6.750000476837158 0.6495189666748047 0
      vertex 7.875000476837158 0 2.299999237060547
      vertex 6.750000476837158 0.6495189666748047 2.299999237060547
    endloop
  endfacet
  facet normal -0.4999999502534636 -0.866025432505613 0
    outer loop
      vertex 7.875000476837158 0 2.299999237060547
      vertex 6.750000476837158 0.6495189666748047 0
      vertex 7.875000476837158 0 0
    endloop
  endfacet
  facet normal -0.49999995843004846 -0.8660254277848599 0
    outer loop
      vertex 9 -0.6495190262794495 0
      vertex 10.124999046325684 -1.2990374565124512 2.299999237060547
      vertex 9 -0.6495190262794495 2.299999237060547
    endloop
  endfacet
  facet normal -0.49999995843004846 -0.8660254277848599 0
    outer loop
      vertex 10.124999046325684 -1.2990374565124512 2.299999237060547
      vertex 9 -0.6495190262794495 0
      vertex 10.124999046325684 -1.2990374565124512 0
    endloop
  endfacet
  facet normal -0.4999997904205963 -0.8660255247851301 0
    outer loop
      vertex -9 9.742785453796387 1.5999994277954102
      vertex -8.862688064575195 9.663508415222168 2.299999237060547
      vertex -9 9.742785453796387 2.299999237060547
    endloop
  endfacet
  facet normal -0.4999997904205963 -0.8660255247851301 0
    outer loop
      vertex -8.862688064575195 9.663508415222168 2.299999237060547
      vertex -9 9.742785453796387 1.5999994277954102
      vertex -8.862688064575195 9.663508415222168 1.5999994277954102
    endloop
  endfacet
  facet normal -0.49999866091087364 -0.8660261769065257 0
    outer loop
      vertex -10.311534881591797 10.5 1.5999994277954102
      vertex -10.125 10.392304420471191 2.299999237060547
      vertex -10.311534881591797 10.5 2.299999237060547
    endloop
  endfacet
  facet normal -0.49999866091087364 -0.8660261769065257 0
    outer loop
      vertex -10.125 10.392304420471191 2.299999237060547
      vertex -10.311534881591797 10.5 1.5999994277954102
      vertex -10.125 10.392304420471191 1.5999994277954102
    endloop
  endfacet
  facet normal 0.4999999502534636 0.866025432505613 0
    outer loop
      vertex -2.249999523162842 9.742786407470703 0
      vertex -3.374999523162842 10.392305374145508 2.299999237060547
      vertex -2.249999523162842 9.742786407470703 2.299999237060547
    endloop
  endfacet
  facet normal 0.4999999502534636 0.866025432505613 0
    outer loop
      vertex -3.374999523162842 10.392305374145508 2.299999237060547
      vertex -2.249999523162842 9.742786407470703 0
      vertex -3.374999523162842 10.392305374145508 0
    endloop
  endfacet
  facet normal 0.4999999899898947 0.8660254095637755 0
    outer loop
      vertex 0 8.443748474121094 0
      vertex -1.1249998807907104 9.093267440795898 2.299999237060547
      vertex 0 8.443748474121094 2.299999237060547
    endloop
  endfacet
  facet normal 0.4999999899898947 0.8660254095637755 0
    outer loop
      vertex -1.1249998807907104 9.093267440795898 2.299999237060547
      vertex 0 8.443748474121094 0
      vertex -1.1249998807907104 9.093267440795898 0
    endloop
  endfacet
  facet normal 0.5000001091992198 0.8660253407382305 0
    outer loop
      vertex 2.249999761581421 7.144710063934326 0
      vertex 1.125000238418579 7.794229030609131 2.299999237060547
      vertex 2.249999761581421 7.144710063934326 2.299999237060547
    endloop
  endfacet
  facet normal 0.5000001091992198 0.8660253407382305 0
    outer loop
      vertex 1.125000238418579 7.794229030609131 2.299999237060547
      vertex 2.249999761581421 7.144710063934326 0
      vertex 1.125000238418579 7.794229030609131 0
    endloop
  endfacet
  facet normal 0.4999999502534636 0.866025432505613 0
    outer loop
      vertex 4.500000476837158 5.845671653747559 0
      vertex 3.375000476837158 6.495190620422363 2.299999237060547
      vertex 4.500000476837158 5.845671653747559 2.299999237060547
    endloop
  endfacet
  facet normal 0.4999999502534636 0.866025432505613 0
    outer loop
      vertex 3.375000476837158 6.495190620422363 2.299999237060547
      vertex 4.500000476837158 5.845671653747559 0
      vertex 3.375000476837158 6.495190620422363 0
    endloop
  endfacet
  facet normal 0.5000002255554769 0.8660252735598841 0
    outer loop
      vertex 6.75 4.546633243560791 0
      vertex 5.625 5.196152687072754 2.299999237060547
      vertex 6.75 4.546633243560791 2.299999237060547
    endloop
  endfacet
  facet normal 0.5000002255554769 0.8660252735598841 0
    outer loop
      vertex 5.625 5.196152687072754 2.299999237060547
      vertex 6.75 4.546633243560791 0
      vertex 5.625 5.196152687072754 0
    endloop
  endfacet
  facet normal 0.50000024685026 0.8660252612653276 0
    outer loop
      vertex 9 3.2475948333740234 0
      vertex 7.875000476837158 3.8971140384674072 2.299999237060547
      vertex 9 3.2475948333740234 2.299999237060547
    endloop
  endfacet
  facet normal 0.50000024685026 0.8660252612653276 0
    outer loop
      vertex 7.875000476837158 3.8971140384674072 2.299999237060547
      vertex 9 3.2475948333740234 0
      vertex 7.875000476837158 3.8971140384674072 0
    endloop
  endfacet
  facet normal 0.49999981260240006 0.8660255119784663 0
    outer loop
      vertex 10.5 2.3815696239471436 0
      vertex 10.125 2.5980758666992188 2.299999237060547
      vertex 10.5 2.3815696239471436 2.299999237060547
    endloop
  endfacet
  facet normal 0.49999981260240006 0.8660255119784663 0
    outer loop
      vertex 10.125 2.5980758666992188 2.299999237060547
      vertex 10.5 2.3815696239471436 0
      vertex 10.125 2.5980758666992188 0
    endloop
  endfacet
  facet normal -0.4999991746203252 -0.8660258803170917 0
    outer loop
      vertex -5.811532497406006 10.5 0
      vertex -5.624999523162842 10.392305374145508 2.299999237060547
      vertex -5.811532497406006 10.5 2.299999237060547
    endloop
  endfacet
  facet normal -0.4999991746203252 -0.8660258803170917 0
    outer loop
      vertex -5.624999523162842 10.392305374145508 2.299999237060547
      vertex -5.811532497406006 10.5 0
      vertex -5.624999523162842 10.392305374145508 0
    endloop
  endfacet
  facet normal -0.4999999502534636 -0.866025432505613 0
    outer loop
      vertex -4.499999523162842 9.742785453796387 0
      vertex -3.374999523162842 9.093266487121582 2.299999237060547
      vertex -4.499999523162842 9.742785453796387 2.299999237060547
    endloop
  endfacet
  facet normal -0.4999999502534636 -0.866025432505613 0
    outer loop
      vertex -3.374999523162842 9.093266487121582 2.299999237060547
      vertex -4.499999523162842 9.742785453796387 0
      vertex -3.374999523162842 9.093266487121582 0
    endloop
  endfacet
  facet normal -0.4999997544241518 -0.8660255455676744 0
    outer loop
      vertex -2.25 8.443747520446777 0
      vertex -1.125000238418579 7.794229030609131 2.299999237060547
      vertex -2.25 8.443747520446777 2.299999237060547
    endloop
  endfacet
  facet normal -0.4999997544241518 -0.8660255455676744 0
    outer loop
      vertex -1.125000238418579 7.794229030609131 2.299999237060547
      vertex -2.25 8.443747520446777 0
      vertex -1.125000238418579 7.794229030609131 0
    endloop
  endfacet
  facet normal -0.5000001091992198 -0.8660253407382305 0
    outer loop
      vertex 0 7.144709587097168 0
      vertex 1.1249995231628418 6.495190620422363 2.299999237060547
      vertex 0 7.144709587097168 2.299999237060547
    endloop
  endfacet
  facet normal -0.5000001091992198 -0.8660253407382305 0
    outer loop
      vertex 1.1249995231628418 6.495190620422363 2.299999237060547
      vertex 0 7.144709587097168 0
      vertex 1.1249995231628418 6.495190620422363 0
    endloop
  endfacet
  facet normal -0.5000000297263312 -0.8660253866219326 0
    outer loop
      vertex 2.25 5.8456711769104 0
      vertex 3.374999761581421 5.196152210235596 2.299999237060547
      vertex 2.25 5.8456711769104 2.299999237060547
    endloop
  endfacet
  facet normal -0.5000000297263312 -0.8660253866219326 0
    outer loop
      vertex 3.374999761581421 5.196152210235596 2.299999237060547
      vertex 2.25 5.8456711769104 0
      vertex 3.374999761581421 5.196152210235596 0
    endloop
  endfacet
  facet normal -0.5000000879044891 -0.8660253530327522 0
    outer loop
      vertex 4.499999523162842 4.546633243560791 0
      vertex 5.624999523162842 3.8971140384674072 2.299999237060547
      vertex 4.499999523162842 4.546633243560791 2.299999237060547
    endloop
  endfacet
  facet normal -0.5000000879044891 -0.8660253530327522 0
    outer loop
      vertex 5.624999523162842 3.8971140384674072 2.299999237060547
      vertex 4.499999523162842 4.546633243560791 0
      vertex 5.624999523162842 3.8971140384674072 0
    endloop
  endfacet
  facet normal -0.4999999502534636 -0.866025432505613 0
    outer loop
      vertex 6.75 3.2475945949554443 0
      vertex 7.875 2.5980756282806396 2.299999237060547
      vertex 6.75 3.2475945949554443 2.299999237060547
    endloop
  endfacet
  facet normal -0.4999999502534636 -0.866025432505613 0
    outer loop
      vertex 7.875 2.5980756282806396 2.299999237060547
      vertex 6.75 3.2475945949554443 0
      vertex 7.875 2.5980756282806396 0
    endloop
  endfacet
  facet normal -0.5000003369705923 -0.866025209234289 0
    outer loop
      vertex 9 1.9485565423965454 0
      vertex 10.124999046325684 1.2990374565124512 2.299999237060547
      vertex 9 1.9485565423965454 2.299999237060547
    endloop
  endfacet
  facet normal -0.5000003369705923 -0.866025209234289 0
    outer loop
      vertex 10.124999046325684 1.2990374565124512 2.299999237060547
      vertex 9 1.9485565423965454 0
      vertex 10.124999046325684 1.2990374565124512 0
    endloop
  endfacet
  facet normal 0.4999999502534636 0.866025432505613 0
    outer loop
      vertex 2.249999523162842 9.742786407470703 0
      vertex 1.1249995231628418 10.392305374145508 2.299999237060547
      vertex 2.249999523162842 9.742786407470703 2.299999237060547
    endloop
  endfacet
  facet normal 0.4999999502534636 0.866025432505613 0
    outer loop
      vertex 1.1249995231628418 10.392305374145508 2.299999237060547
      vertex 2.249999523162842 9.742786407470703 0
      vertex 1.1249995231628418 10.392305374145508 0
    endloop
  endfacet
  facet normal 0.4999999502534636 0.866025432505613 0
    outer loop
      vertex 4.499999523162842 8.443747520446777 0
      vertex 3.374999523162842 9.093266487121582 2.299999237060547
      vertex 4.499999523162842 8.443747520446777 2.299999237060547
    endloop
  endfacet
  facet normal 0.4999999502534636 0.866025432505613 0
    outer loop
      vertex 3.374999523162842 9.093266487121582 2.299999237060547
      vertex 4.499999523162842 8.443747520446777 0
      vertex 3.374999523162842 9.093266487121582 0
    endloop
  endfacet
  facet normal 0.5000002255554769 0.8660252735598841 0
    outer loop
      vertex 6.75 7.14470911026001 0
      vertex 5.625 7.794228553771973 2.299999237060547
      vertex 6.75 7.14470911026001 2.299999237060547
    endloop
  endfacet
  facet normal 0.5000002255554769 0.8660252735598841 0
    outer loop
      vertex 5.625 7.794228553771973 2.299999237060547
      vertex 6.75 7.14470911026001 0
      vertex 5.625 7.794228553771973 0
    endloop
  endfacet
  facet normal 0.4999999502534636 0.866025432505613 0
    outer loop
      vertex 9 5.8456711769104 0
      vertex 7.875 6.495190143585205 2.299999237060547
      vertex 9 5.8456711769104 2.299999237060547
    endloop
  endfacet
  facet normal 0.4999999502534636 0.866025432505613 0
    outer loop
      vertex 7.875 6.495190143585205 2.299999237060547
      vertex 9 5.8456711769104 0
      vertex 7.875 6.495190143585205 0
    endloop
  endfacet
  facet normal 0.4999993996489823 0.8660257503969828 0
    outer loop
      vertex 10.5 4.979645729064941 0
      vertex 10.125 5.1961517333984375 2.299999237060547
      vertex 10.5 4.979645729064941 2.299999237060547
    endloop
  endfacet
  facet normal 0.4999993996489823 0.8660257503969828 0
    outer loop
      vertex 10.125 5.1961517333984375 2.299999237060547
      vertex 10.5 4.979645729064941 0
      vertex 10.125 5.1961517333984375 0
    endloop
  endfacet
  facet normal -0.49999893496596215 -0.8660260186812538 0
    outer loop
      vertex -1.3115326166152954 10.5 0
      vertex -1.1249995231628418 10.392305374145508 2.299999237060547
      vertex -1.3115326166152954 10.5 2.299999237060547
    endloop
  endfacet
  facet normal -0.49999893496596215 -0.8660260186812538 0
    outer loop
      vertex -1.1249995231628418 10.392305374145508 2.299999237060547
      vertex -1.3115326166152954 10.5 0
      vertex -1.1249995231628418 10.392305374145508 0
    endloop
  endfacet
  facet normal -0.4999999899898947 -0.8660254095637755 0
    outer loop
      vertex 0 9.742786407470703 0
      vertex 1.1249998807907104 9.093267440795898 2.299999237060547
      vertex 0 9.742786407470703 2.299999237060547
    endloop
  endfacet
  facet normal -0.4999999899898947 -0.8660254095637755 0
    outer loop
      vertex 1.1249998807907104 9.093267440795898 2.299999237060547
      vertex 0 9.742786407470703 0
      vertex 1.1249998807907104 9.093267440795898 0
    endloop
  endfacet
  facet normal -0.4999997544241518 -0.8660255455676744 0
    outer loop
      vertex 2.25 8.443747520446777 0
      vertex 3.374999761581421 7.794229030609131 2.299999237060547
      vertex 2.25 8.443747520446777 2.299999237060547
    endloop
  endfacet
  facet normal -0.4999997544241518 -0.8660255455676744 0
    outer loop
      vertex 3.374999761581421 7.794229030609131 2.299999237060547
      vertex 2.25 8.443747520446777 0
      vertex 3.374999761581421 7.794229030609131 0
    endloop
  endfacet
  facet normal -0.5000001091992198 -0.8660253407382305 0
    outer loop
      vertex 4.500000476837158 7.144709587097168 0
      vertex 5.625 6.495190620422363 2.299999237060547
      vertex 4.500000476837158 7.144709587097168 2.299999237060547
    endloop
  endfacet
  facet normal -0.5000001091992198 -0.8660253407382305 0
    outer loop
      vertex 5.625 6.495190620422363 2.299999237060547
      vertex 4.500000476837158 7.144709587097168 0
      vertex 5.625 6.495190620422363 0
    endloop
  endfacet
  facet normal -0.4999999502534636 -0.866025432505613 0
    outer loop
      vertex 6.75 5.8456711769104 0
      vertex 7.875 5.196152210235596 2.299999237060547
      vertex 6.75 5.8456711769104 2.299999237060547
    endloop
  endfacet
  facet normal -0.4999999502534636 -0.866025432505613 0
    outer loop
      vertex 7.875 5.196152210235596 2.299999237060547
      vertex 6.75 5.8456711769104 0
      vertex 7.875 5.196152210235596 0
    endloop
  endfacet
  facet normal -0.5000002681450603 -0.8660252489707606 0
    outer loop
      vertex 9.000000953674316 4.546632766723633 0
      vertex 10.125 3.897113800048828 2.299999237060547
      vertex 9.000000953674316 4.546632766723633 2.299999237060547
    endloop
  endfacet
  facet normal -0.5000002681450603 -0.8660252489707606 0
    outer loop
      vertex 10.125 3.897113800048828 2.299999237060547
      vertex 9.000000953674316 4.546632766723633 0
      vertex 10.125 3.897113800048828 0
    endloop
  endfacet
  facet normal 0.5000005008573385 0.8660251146141265 0
    outer loop
      vertex 6.749999523162842 9.742785453796387 0
      vertex 5.624999523162842 10.392305374145508 2.299999237060547
      vertex 6.749999523162842 9.742785453796387 2.299999237060547
    endloop
  endfacet
  facet normal 0.5000005008573385 0.8660251146141265 0
    outer loop
      vertex 5.624999523162842 10.392305374145508 2.299999237060547
      vertex 6.749999523162842 9.742785453796387 0
      vertex 5.624999523162842 10.392305374145508 0
    endloop
  endfacet
  facet normal -0.4999986953117906 -0.8660261570452171 0
    outer loop
      vertex 3.1884663105010986 10.5 0
      vertex 3.374999523162842 10.392305374145508 2.299999237060547
      vertex 3.1884663105010986 10.5 2.299999237060547
    endloop
  endfacet
  facet normal -0.4999986953117906 -0.8660261570452171 0
    outer loop
      vertex 3.374999523162842 10.392305374145508 2.299999237060547
      vertex 3.1884663105010986 10.5 0
      vertex 3.374999523162842 10.392305374145508 0
    endloop
  endfacet
  facet normal -0.4999999502534636 -0.866025432505613 0
    outer loop
      vertex 4.499999523162842 9.742785453796387 0
      vertex 5.624999523162842 9.093266487121582 2.299999237060547
      vertex 4.499999523162842 9.742785453796387 2.299999237060547
    endloop
  endfacet
  facet normal -0.4999999502534636 -0.866025432505613 0
    outer loop
      vertex 5.624999523162842 9.093266487121582 2.299999237060547
      vertex 4.499999523162842 9.742785453796387 0
      vertex 5.624999523162842 9.093266487121582 0
    endloop
  endfacet
  facet normal -0.5000002255554769 -0.8660252735598841 0
    outer loop
      vertex 6.75 8.443747520446777 0
      vertex 7.875 7.7942280769348145 2.299999237060547
      vertex 6.75 8.443747520446777 2.299999237060547
    endloop
  endfacet
  facet normal -0.5000002255554769 -0.8660252735598841 0
    outer loop
      vertex 7.875 7.7942280769348145 2.299999237060547
      vertex 6.75 8.443747520446777 0
      vertex 7.875 7.7942280769348145 0
    endloop
  endfacet
  facet normal -0.5000002710002472 -0.8660252473223163 0
    outer loop
      vertex 9 7.14470911026001 2.299999237060547
      vertex 9.950170516967773 6.596127510070801 1.5999994277954102
      vertex 9.950170516967773 6.596127510070801 2.299999237060547
    endloop
  endfacet
  facet normal -0.5000002710002474 -0.8660252473223164 0
    outer loop
      vertex 9 7.14470911026001 0
      vertex 9.950170516967773 6.596127510070801 1.5999994277954102
      vertex 9 7.14470911026001 2.299999237060547
    endloop
  endfacet
  facet normal -0.5000002681450603 -0.8660252489707605 -2.260763743167899e-9
    outer loop
      vertex 10.124999046325684 6.495190143585205 0
      vertex 9.950170516967773 6.596127510070801 1.5999994277954102
      vertex 9 7.14470911026001 0
    endloop
  endfacet
  facet normal -0.5000002526274866 -0.8660252579298422 0
    outer loop
      vertex 9.950170516967773 6.596127510070801 1.5999994277954102
      vertex 10.124999046325684 6.495190143585205 0
      vertex 10.124999046325684 6.495190143585205 1.5999994277954102
    endloop
  endfacet
  facet normal 0.4999993996489824 0.8660257503969829 0
    outer loop
      vertex 10.5 10.175798416137695 1.5999994277954102
      vertex 10.125 10.392304420471191 2.299999237060547
      vertex 10.5 10.175798416137695 2.299999237060547
    endloop
  endfacet
  facet normal 0.4999993996489824 0.8660257503969829 0
    outer loop
      vertex 10.125 10.392304420471191 2.299999237060547
      vertex 10.5 10.175798416137695 1.5999994277954102
      vertex 10.125 10.392304420471191 1.5999994277954102
    endloop
  endfacet
  facet normal -0.49999995025346355 -0.8660254325056129 0
    outer loop
      vertex 9 9.742785453796387 1.5999994277954102
      vertex 10.125 9.093266487121582 2.299999237060547
      vertex 9 9.742785453796387 2.299999237060547
    endloop
  endfacet
  facet normal -0.49999995025346355 -0.8660254325056129 0
    outer loop
      vertex 10.125 9.093266487121582 2.299999237060547
      vertex 9 9.742785453796387 1.5999994277954102
      vertex 10.125 9.093266487121582 1.5999994277954102
    endloop
  endfacet
  facet normal 0 -1 0
    outer loop
      vertex 7.6884660720825195 10.5 1.5999994277954102
      vertex 7.688467025756836 10.5 2.299999237060547
      vertex 7.6884660720825195 10.5 2.299999237060547
    endloop
  endfacet
  facet normal 0 -1 0
    outer loop
      vertex 7.688467025756836 10.5 2.299999237060547
      vertex 7.6884660720825195 10.5 1.5999994277954102
      vertex 7.688467025756836 10.5 1.5999994277954102
    endloop
  endfacet
  facet normal 0.4999999502534636 0.866025432505613 0
    outer loop
      vertex -6.75 7.14470911026001 0
      vertex -7.875 7.7942280769348145 2.299999237060547
      vertex -6.75 7.14470911026001 2.299999237060547
    endloop
  endfacet
  facet normal 0.4999999502534636 0.866025432505613 0
    outer loop
      vertex -7.875 7.7942280769348145 2.299999237060547
      vertex -6.75 7.14470911026001 0
      vertex -7.875 7.7942280769348145 0
    endloop
  endfacet
  facet normal 0.5000001091992198 0.8660253407382305 0
    outer loop
      vertex -4.500000476837158 5.845671653747559 0
      vertex -5.625 6.495190620422363 2.299999237060547
      vertex -4.500000476837158 5.845671653747559 2.299999237060547
    endloop
  endfacet
  facet normal 0.5000001091992198 0.8660253407382305 0
    outer loop
      vertex -5.625 6.495190620422363 2.299999237060547
      vertex -4.500000476837158 5.845671653747559 0
      vertex -5.625 6.495190620422363 0
    endloop
  endfacet
  facet normal 0.49999983389702574 0.8660254996840142 0
    outer loop
      vertex -2.250000238418579 4.546633720397949 0
      vertex -3.374999761581421 5.196152210235596 2.299999237060547
      vertex -2.250000238418579 4.546633720397949 2.299999237060547
    endloop
  endfacet
  facet normal 0.49999983389702574 0.8660254996840142 0
    outer loop
      vertex -3.374999761581421 5.196152210235596 2.299999237060547
      vertex -2.250000238418579 4.546633720397949 0
      vertex -3.374999761581421 5.196152210235596 0
    endloop
  endfacet
  facet normal 0.4999999899898947 0.8660254095637755 0
    outer loop
      vertex 0 3.2475953102111816 0
      vertex -1.1249998807907104 3.8971142768859863 2.299999237060547
      vertex 0 3.2475953102111816 2.299999237060547
    endloop
  endfacet
  facet normal 0.4999999899898947 0.8660254095637755 0
    outer loop
      vertex -1.1249998807907104 3.8971142768859863 2.299999237060547
      vertex 0 3.2475953102111816 0
      vertex -1.1249998807907104 3.8971142768859863 0
    endloop
  endfacet
  facet normal 0.4999999899898947 0.8660254095637755 0
    outer loop
      vertex 2.249999761581421 1.9485573768615723 0
      vertex 1.1249998807907104 2.598076343536377 2.299999237060547
      vertex 2.249999761581421 1.9485573768615723 2.299999237060547
    endloop
  endfacet
  facet normal 0.4999999899898947 0.8660254095637755 0
    outer loop
      vertex 1.1249998807907104 2.598076343536377 2.299999237060547
      vertex 2.249999761581421 1.9485573768615723 0
      vertex 1.1249998807907104 2.598076343536377 0
    endloop
  endfacet
  facet normal 0.5000000297263312 0.8660253866219326 0
    outer loop
      vertex 4.500000476837158 0.6495189666748047 0
      vertex 3.3750007152557373 1.2990379333496094 2.299999237060547
      vertex 4.500000476837158 0.6495189666748047 2.299999237060547
    endloop
  endfacet
  facet normal 0.5000000297263312 0.8660253866219326 0
    outer loop
      vertex 3.3750007152557373 1.2990379333496094 2.299999237060547
      vertex 4.500000476837158 0.6495189666748047 0
      vertex 3.3750007152557373 1.2990379333496094 0
    endloop
  endfacet
  facet normal 0.4999999502534636 0.866025432505613 0
    outer loop
      vertex 6.750000476837158 -0.6495189666748047 0
      vertex 5.625000476837158 0 2.299999237060547
      vertex 6.750000476837158 -0.6495189666748047 2.299999237060547
    endloop
  endfacet
  facet normal 0.4999999502534636 0.866025432505613 0
    outer loop
      vertex 5.625000476837158 0 2.299999237060547
      vertex 6.750000476837158 -0.6495189666748047 0
      vertex 5.625000476837158 0 0
    endloop
  endfacet
  facet normal 0.49999983389702574 0.8660254996840142 0
    outer loop
      vertex 9 -1.9485565423965454 0
      vertex 7.875000476837158 -1.299038052558899 2.299999237060547
      vertex 9 -1.9485565423965454 2.299999237060547
    endloop
  endfacet
  facet normal 0.49999983389702574 0.8660254996840142 0
    outer loop
      vertex 7.875000476837158 -1.299038052558899 2.299999237060547
      vertex 9 -1.9485565423965454 0
      vertex 7.875000476837158 -1.299038052558899 0
    endloop
  endfacet
  facet normal 0.49999981260240006 0.8660255119784663 0
    outer loop
      vertex 10.5 -2.814582109451294 0
      vertex 10.125 -2.5980758666992188 2.299999237060547
      vertex 10.5 -2.814582109451294 2.299999237060547
    endloop
  endfacet
  facet normal 0.49999981260240006 0.8660255119784663 0
    outer loop
      vertex 10.125 -2.5980758666992188 2.299999237060547
      vertex 10.5 -2.814582109451294 0
      vertex 10.125 -2.5980758666992188 0
    endloop
  endfacet
  facet normal 0.5000002734707827 0.8660252458959512 0
    outer loop
      vertex -9.686245918273926 8.839951515197754 1.5999994277954102
      vertex -10.125 9.093266487121582 2.299999237060547
      vertex -9.686245918273926 8.839951515197754 2.299999237060547
    endloop
  endfacet
  facet normal 0.5000002734707827 0.8660252458959512 0
    outer loop
      vertex -10.125 9.093266487121582 2.299999237060547
      vertex -9.686245918273926 8.839951515197754 1.5999994277954102
      vertex -10.125 9.093266487121582 1.5999994277954102
    endloop
  endfacet
  facet normal -0.4999999502534636 -0.866025432505613 0
    outer loop
      vertex -9 7.14470911026001 0
      vertex -7.875 6.495190143585205 2.299999237060547
      vertex -9 7.14470911026001 2.299999237060547
    endloop
  endfacet
  facet normal -0.4999999502534636 -0.866025432505613 0
    outer loop
      vertex -7.875 6.495190143585205 2.299999237060547
      vertex -9 7.14470911026001 0
      vertex -7.875 6.495190143585205 0
    endloop
  endfacet
  facet normal -0.49999967495129877 -0.8660255914513125 0
    outer loop
      vertex -6.75 5.8456711769104 0
      vertex -5.625 5.196152687072754 2.299999237060547
      vertex -6.75 5.8456711769104 2.299999237060547
    endloop
  endfacet
  facet normal -0.49999967495129877 -0.8660255914513125 0
    outer loop
      vertex -5.625 5.196152687072754 2.299999237060547
      vertex -6.75 5.8456711769104 0
      vertex -5.625 5.196152687072754 0
    endloop
  endfacet
  facet normal -0.5000000510210442 -0.866025374327423 0
    outer loop
      vertex -4.499999523162842 4.546633243560791 0
      vertex -3.375000238418579 3.8971145153045654 2.299999237060547
      vertex -4.499999523162842 4.546633243560791 2.299999237060547
    endloop
  endfacet
  facet normal -0.5000000510210442 -0.866025374327423 0
    outer loop
      vertex -3.375000238418579 3.8971145153045654 2.299999237060547
      vertex -4.499999523162842 4.546633243560791 0
      vertex -3.375000238418579 3.8971145153045654 0
    endloop
  endfacet
  facet normal -0.4999999899898947 -0.8660254095637755 0
    outer loop
      vertex -2.249999761581421 3.2475953102111816 0
      vertex -1.1249998807907104 2.598076343536377 2.299999237060547
      vertex -2.249999761581421 3.2475953102111816 2.299999237060547
    endloop
  endfacet
  facet normal -0.4999999899898947 -0.8660254095637755 0
    outer loop
      vertex -1.1249998807907104 2.598076343536377 2.299999237060547
      vertex -2.249999761581421 3.2475953102111816 0
      vertex -1.1249998807907104 2.598076343536377 0
    endloop
  endfacet
  facet normal -0.4999999899898947 -0.8660254095637755 0
    outer loop
      vertex 0 1.9485573768615723 0
      vertex 1.1249998807907104 1.2990384101867676 2.299999237060547
      vertex 0 1.9485573768615723 2.299999237060547
    endloop
  endfacet
  facet normal -0.4999999899898947 -0.8660254095637755 0
    outer loop
      vertex 1.1249998807907104 1.2990384101867676 2.299999237060547
      vertex 0 1.9485573768615723 0
      vertex 1.1249998807907104 1.2990384101867676 0
    endloop
  endfacet
  facet normal -0.4999999502534636 -0.866025432505613 0
    outer loop
      vertex 2.2500007152557373 0.6495189666748047 0
      vertex 3.3750007152557373 0 2.299999237060547
      vertex 2.2500007152557373 0.6495189666748047 2.299999237060547
    endloop
  endfacet
  facet normal -0.4999999502534636 -0.866025432505613 0
    outer loop
      vertex 3.3750007152557373 0 2.299999237060547
      vertex 2.2500007152557373 0.6495189666748047 0
      vertex 3.3750007152557373 0 0
    endloop
  endfacet
  facet normal -0.4999999502534636 -0.866025432505613 0
    outer loop
      vertex 4.500000476837158 -0.6495189666748047 0
      vertex 5.625000476837158 -1.2990379333496094 2.299999237060547
      vertex 4.500000476837158 -0.6495189666748047 2.299999237060547
    endloop
  endfacet
  facet normal -0.4999999502534636 -0.866025432505613 0
    outer loop
      vertex 5.625000476837158 -1.2990379333496094 2.299999237060547
      vertex 4.500000476837158 -0.6495189666748047 0
      vertex 5.625000476837158 -1.2990379333496094 0
    endloop
  endfacet
  facet normal -0.49999990272258854 -0.8660254599475711 0
    outer loop
      vertex 6.750000476837158 -1.9485570192337036 0
      vertex 7.875 -2.5980756282806396 2.299999237060547
      vertex 6.750000476837158 -1.9485570192337036 2.299999237060547
    endloop
  endfacet
  facet normal -0.49999990272258854 -0.8660254599475711 0
    outer loop
      vertex 7.875 -2.5980756282806396 2.299999237060547
      vertex 6.750000476837158 -1.9485570192337036 0
      vertex 7.875 -2.5980756282806396 0
    endloop
  endfacet
  facet normal -0.4999999502534636 -0.866025432505613 0
    outer loop
      vertex 9 -3.2475948333740234 0
      vertex 10.125 -3.897113800048828 2.299999237060547
      vertex 9 -3.2475948333740234 2.299999237060547
    endloop
  endfacet
  facet normal -0.4999999502534636 -0.866025432505613 0
    outer loop
      vertex 10.125 -3.897113800048828 2.299999237060547
      vertex 9 -3.2475948333740234 0
      vertex 10.125 -3.897113800048828 0
    endloop
  endfacet
  facet normal 0.49999996106073014 0.8660254262660355 0
    outer loop
      vertex -9 5.8456711769104 2.299999237060547
      vertex -10.078154563903809 6.468143939971924 1.5999994277954102
      vertex -10.078154563903809 6.468143939971924 2.299999237060547
    endloop
  endfacet
  facet normal 0.4999999610607301 0.8660254262660354 0
    outer loop
      vertex -9 5.8456711769104 0
      vertex -10.078154563903809 6.468143939971924 1.5999994277954102
      vertex -9 5.8456711769104 2.299999237060547
    endloop
  endfacet
  facet normal 0.5000002681450412 0.8660252489707275 2.7590375599383905e-7
    outer loop
      vertex -10.124999046325684 6.495190143585205 0
      vertex -10.078154563903809 6.468143939971924 1.5999994277954102
      vertex -9 5.8456711769104 0
    endloop
  endfacet
  facet normal 0.5000073358275979 0.8660211684009737 0
    outer loop
      vertex -10.078154563903809 6.468143939971924 1.5999994277954102
      vertex -10.124999046325684 6.495190143585205 0
      vertex -10.124999046325684 6.495190143585205 1.5999994277954102
    endloop
  endfacet
  facet normal 0.4999999502534636 0.866025432505613 0
    outer loop
      vertex -6.75 4.546633243560791 0
      vertex -7.875 5.196152210235596 2.299999237060547
      vertex -6.75 4.546633243560791 2.299999237060547
    endloop
  endfacet
  facet normal 0.4999999502534636 0.866025432505613 0
    outer loop
      vertex -7.875 5.196152210235596 2.299999237060547
      vertex -6.75 4.546633243560791 0
      vertex -7.875 5.196152210235596 0
    endloop
  endfacet
  facet normal 0.49999997154814174 0.866025420211126 0
    outer loop
      vertex -4.5 3.2475953102111816 0
      vertex -5.624999523162842 3.8971140384674072 2.299999237060547
      vertex -4.5 3.2475953102111816 2.299999237060547
    endloop
  endfacet
  facet normal 0.49999997154814174 0.866025420211126 0
    outer loop
      vertex -5.624999523162842 3.8971140384674072 2.299999237060547
      vertex -4.5 3.2475953102111816 0
      vertex -5.624999523162842 3.8971140384674072 0
    endloop
  endfacet
  facet normal 0.5000000190789811 0.8660253927691834 0
    outer loop
      vertex -2.25 1.9485572576522827 0
      vertex -3.375 2.598076343536377 2.299999237060547
      vertex -2.25 1.9485572576522827 2.299999237060547
    endloop
  endfacet
  facet normal 0.5000000190789811 0.8660253927691834 0
    outer loop
      vertex -3.375 2.598076343536377 2.299999237060547
      vertex -2.25 1.9485572576522827 0
      vertex -3.375 2.598076343536377 0
    endloop
  endfacet
  facet normal 0.4999999899898947 0.8660254095637755 0
    outer loop
      vertex -2.384185791015625e-7 0.6495193243026733 0
      vertex -1.1250001192092896 1.299038290977478 2.299999237060547
      vertex -2.384185791015625e-7 0.6495193243026733 2.299999237060547
    endloop
  endfacet
  facet normal 0.4999999899898947 0.8660254095637755 0
    outer loop
      vertex -1.1250001192092896 1.299038290977478 2.299999237060547
      vertex -2.384185791015625e-7 0.6495193243026733 0
      vertex -1.1250001192092896 1.299038290977478 0
    endloop
  endfacet
  facet normal 0.49999996589096873 0.866025423477296 0
    outer loop
      vertex 2.250000476837158 -0.649519145488739 0
      vertex 1.1250004768371582 -1.5172898315540806e-7 2.299999237060547
      vertex 2.250000476837158 -0.649519145488739 2.299999237060547
    endloop
  endfacet
  facet normal 0.49999996589096873 0.866025423477296 0
    outer loop
      vertex 1.1250004768371582 -1.5172898315540806e-7 2.299999237060547
      vertex 2.250000476837158 -0.649519145488739 0
      vertex 1.1250004768371582 -1.5172898315540806e-7 0
    endloop
  endfacet
  facet normal 0.5000000297263312 0.8660253866219326 0
    outer loop
      vertex 4.5 -1.9485571384429932 0
      vertex 3.375000238418579 -1.2990381717681885 2.299999237060547
      vertex 4.5 -1.9485571384429932 2.299999237060547
    endloop
  endfacet
  facet normal 0.5000000297263312 0.8660253866219326 0
    outer loop
      vertex 3.375000238418579 -1.2990381717681885 2.299999237060547
      vertex 4.5 -1.9485571384429932 0
      vertex 3.375000238418579 -1.2990381717681885 0
    endloop
  endfacet
  facet normal 0.4999999928428371 0.8660254079166285 0
    outer loop
      vertex 6.749999523162842 -3.2475948333740234 0
      vertex 5.625000476837158 -2.598076343536377 2.299999237060547
      vertex 6.749999523162842 -3.2475948333740234 2.299999237060547
    endloop
  endfacet
  facet normal 0.4999999928428371 0.8660254079166285 0
    outer loop
      vertex 5.625000476837158 -2.598076343536377 2.299999237060547
      vertex 6.749999523162842 -3.2475948333740234 0
      vertex 5.625000476837158 -2.598076343536377 0
    endloop
  endfacet
  facet normal 0.4999999502534636 0.866025432505613 0
    outer loop
      vertex 9 -4.546633243560791 0
      vertex 7.875 -3.8971142768859863 2.299999237060547
      vertex 9 -4.546633243560791 2.299999237060547
    endloop
  endfacet
  facet normal 0.4999999502534636 0.866025432505613 0
    outer loop
      vertex 7.875 -3.8971142768859863 2.299999237060547
      vertex 9 -4.546633243560791 0
      vertex 7.875 -3.8971142768859863 0
    endloop
  endfacet
  facet normal 0.5000002255554769 0.8660252735598842 0
    outer loop
      vertex 10.5 -5.41265869140625 0
      vertex 10.125 -5.196152210235596 2.299999237060547
      vertex 10.5 -5.41265869140625 2.299999237060547
    endloop
  endfacet
  facet normal 0.5000002255554769 0.8660252735598842 0
    outer loop
      vertex 10.125 -5.196152210235596 2.299999237060547
      vertex 10.5 -5.41265869140625 0
      vertex 10.125 -5.196152210235596 0
    endloop
  endfacet
  facet normal -0.4999993996489823 -0.8660257503969828 0
    outer loop
      vertex -10.5 5.412657737731934 0
      vertex -10.125 5.1961517333984375 2.299999237060547
      vertex -10.5 5.412657737731934 2.299999237060547
    endloop
  endfacet
  facet normal -0.4999993996489823 -0.8660257503969828 0
    outer loop
      vertex -10.125 5.1961517333984375 2.299999237060547
      vertex -10.5 5.412657737731934 0
      vertex -10.125 5.1961517333984375 0
    endloop
  endfacet
  facet normal -0.49999965365674265 -0.8660256037457191 0
    outer loop
      vertex -9.000000953674316 4.546632766723633 0
      vertex -7.875000476837158 3.8971140384674072 2.299999237060547
      vertex -9.000000953674316 4.546632766723633 2.299999237060547
    endloop
  endfacet
  facet normal -0.49999965365674265 -0.8660256037457191 0
    outer loop
      vertex -7.875000476837158 3.8971140384674072 2.299999237060547
      vertex -9.000000953674316 4.546632766723633 0
      vertex -7.875000476837158 3.8971140384674072 0
    endloop
  endfacet
  facet normal -0.4999999928428371 -0.8660254079166285 0
    outer loop
      vertex -6.75 3.2475945949554443 0
      vertex -5.625000953674316 2.598076105117798 2.299999237060547
      vertex -6.75 3.2475945949554443 2.299999237060547
    endloop
  endfacet
  facet normal -0.4999999928428371 -0.8660254079166285 0
    outer loop
      vertex -5.625000953674316 2.598076105117798 2.299999237060547
      vertex -6.75 3.2475945949554443 0
      vertex -5.625000953674316 2.598076105117798 0
    endloop
  endfacet
  facet normal -0.5000000297263312 -0.8660253866219326 0
    outer loop
      vertex -4.500000476837158 1.948556900024414 0
      vertex -3.3750007152557373 1.2990379333496094 2.299999237060547
      vertex -4.500000476837158 1.948556900024414 2.299999237060547
    endloop
  endfacet
  facet normal -0.5000000297263312 -0.8660253866219326 0
    outer loop
      vertex -3.3750007152557373 1.2990379333496094 2.299999237060547
      vertex -4.500000476837158 1.948556900024414 0
      vertex -3.3750007152557373 1.2990379333496094 0
    endloop
  endfacet
  facet normal -0.4999999502534636 -0.866025432505613 0
    outer loop
      vertex -2.2500007152557373 0.6495189666748047 0
      vertex -1.1250007152557373 0 2.299999237060547
      vertex -2.2500007152557373 0.6495189666748047 2.299999237060547
    endloop
  endfacet
  facet normal -0.4999999502534636 -0.866025432505613 0
    outer loop
      vertex -1.1250007152557373 0 2.299999237060547
      vertex -2.2500007152557373 0.6495189666748047 0
      vertex -1.1250007152557373 0 0
    endloop
  endfacet
  facet normal -0.4999999899898947 -0.8660254095637755 0
    outer loop
      vertex 0 -0.6495194435119629 0
      vertex 1.1249998807907104 -1.2990384101867676 2.299999237060547
      vertex 0 -0.6495194435119629 2.299999237060547
    endloop
  endfacet
  facet normal -0.4999999899898947 -0.8660254095637755 0
    outer loop
      vertex 1.1249998807907104 -1.2990384101867676 2.299999237060547
      vertex 0 -0.6495194435119629 0
      vertex 1.1249998807907104 -1.2990384101867676 0
    endloop
  endfacet
  facet normal -0.4999999502534636 -0.866025432505613 0
    outer loop
      vertex 2.249999761581421 -1.9485573768615723 0
      vertex 3.374999761581421 -2.598076343536377 2.299999237060547
      vertex 2.249999761581421 -1.9485573768615723 2.299999237060547
    endloop
  endfacet
  facet normal -0.4999999502534636 -0.866025432505613 0
    outer loop
      vertex 3.374999761581421 -2.598076343536377 2.299999237060547
      vertex 2.249999761581421 -1.9485573768615723 0
      vertex 3.374999761581421 -2.598076343536377 0
    endloop
  endfacet
  facet normal -0.49999983389702574 -0.8660254996840142 0
    outer loop
      vertex 4.5 -3.2475955486297607 0
      vertex 5.624999523162842 -3.8971140384674072 2.299999237060547
      vertex 4.5 -3.2475955486297607 2.299999237060547
    endloop
  endfacet
  facet normal -0.49999983389702574 -0.8660254996840142 0
    outer loop
      vertex 5.624999523162842 -3.8971140384674072 2.299999237060547
      vertex 4.5 -3.2475955486297607 0
      vertex 5.624999523162842 -3.8971140384674072 0
    endloop
  endfacet
  facet normal -0.4999999502534636 -0.866025432505613 0
    outer loop
      vertex 6.75 -4.546633243560791 0
      vertex 7.875 -5.196152210235596 2.299999237060547
      vertex 6.75 -4.546633243560791 2.299999237060547
    endloop
  endfacet
  facet normal -0.4999999502534636 -0.866025432505613 0
    outer loop
      vertex 7.875 -5.196152210235596 2.299999237060547
      vertex 6.75 -4.546633243560791 0
      vertex 7.875 -5.196152210235596 0
    endloop
  endfacet
  facet normal -0.49999996106073014 -0.8660254262660355 0
    outer loop
      vertex 9 -5.8456711769104 2.299999237060547
      vertex 10.078154563903809 -6.468143939971924 1.5999994277954102
      vertex 10.078154563903809 -6.468143939971924 2.299999237060547
    endloop
  endfacet
  facet normal -0.4999999610607301 -0.8660254262660354 0
    outer loop
      vertex 9 -5.8456711769104 0
      vertex 10.078154563903809 -6.468143939971924 1.5999994277954102
      vertex 9 -5.8456711769104 2.299999237060547
    endloop
  endfacet
  facet normal -0.5000002681450412 -0.8660252489707275 2.7590375599383905e-7
    outer loop
      vertex 10.124999046325684 -6.495190143585205 0
      vertex 10.078154563903809 -6.468143939971924 1.5999994277954102
      vertex 9 -5.8456711769104 0
    endloop
  endfacet
  facet normal -0.5000073358275979 -0.8660211684009737 0
    outer loop
      vertex 10.078154563903809 -6.468143939971924 1.5999994277954102
      vertex 10.124999046325684 -6.495190143585205 0
      vertex 10.124999046325684 -6.495190143585205 1.5999994277954102
    endloop
  endfacet
  facet normal 0.5000002681450603 0.8660252489707606 0
    outer loop
      vertex -9.000000953674316 3.2475948333740234 0
      vertex -10.125 3.897113800048828 2.299999237060547
      vertex -9.000000953674316 3.2475948333740234 2.299999237060547
    endloop
  endfacet
  facet normal 0.5000002681450603 0.8660252489707606 0
    outer loop
      vertex -10.125 3.897113800048828 2.299999237060547
      vertex -9.000000953674316 3.2475948333740234 0
      vertex -10.125 3.897113800048828 0
    endloop
  endfacet
  facet normal 0.500000061668407 0.8660253681801642 0
    outer loop
      vertex -6.750000953674316 1.9485570192337036 0
      vertex -7.875 2.5980756282806396 2.299999237060547
      vertex -6.750000953674316 1.9485570192337036 2.299999237060547
    endloop
  endfacet
  facet normal 0.500000061668407 0.8660253681801642 0
    outer loop
      vertex -7.875 2.5980756282806396 2.299999237060547
      vertex -6.750000953674316 1.9485570192337036 0
      vertex -7.875 2.5980756282806396 0
    endloop
  endfacet
  facet normal 0.4999999158407013 0.866025452373827 0
    outer loop
      vertex -4.500000476837158 0.6495189070701599 0
      vertex -5.625000476837158 1.2990378141403198 2.299999237060547
      vertex -4.500000476837158 0.6495189070701599 2.299999237060547
    endloop
  endfacet
  facet normal 0.4999999158407013 0.866025452373827 0
    outer loop
      vertex -5.625000476837158 1.2990378141403198 2.299999237060547
      vertex -4.500000476837158 0.6495189070701599 0
      vertex -5.625000476837158 1.2990378141403198 0
    endloop
  endfacet
  facet normal 0.500000043462715 0.866025378691227 0
    outer loop
      vertex -2.2500009536743164 -0.6495190858840942 0
      vertex -3.3750007152557373 -9.541717815864104e-8 2.299999237060547
      vertex -2.2500009536743164 -0.6495190858840942 2.299999237060547
    endloop
  endfacet
  facet normal 0.500000043462715 0.866025378691227 0
    outer loop
      vertex -3.3750007152557373 -9.541717815864104e-8 2.299999237060547
      vertex -2.2500009536743164 -0.6495190858840942 0
      vertex -3.3750007152557373 -9.541717815864104e-8 0
    endloop
  endfacet
  facet normal 0.4999999899898947 0.8660254095637755 0
    outer loop
      vertex -2.384185791015625e-7 -1.9485574960708618 0
      vertex -1.1250001192092896 -1.2990385293960571 2.299999237060547
      vertex -2.384185791015625e-7 -1.9485574960708618 2.299999237060547
    endloop
  endfacet
  facet normal 0.4999999899898947 0.8660254095637755 0
    outer loop
      vertex -1.1250001192092896 -1.2990385293960571 2.299999237060547
      vertex -2.384185791015625e-7 -1.9485574960708618 0
      vertex -1.1250001192092896 -1.2990385293960571 0
    endloop
  endfacet
  facet normal 0.4999999899898947 0.8660254095637755 0
    outer loop
      vertex 2.249999523162842 -3.2475955486297607 0
      vertex 1.1249996423721313 -2.598076581954956 2.299999237060547
      vertex 2.249999523162842 -3.2475955486297607 2.299999237060547
    endloop
  endfacet
  facet normal 0.4999999899898947 0.8660254095637755 0
    outer loop
      vertex 1.1249996423721313 -2.598076581954956 2.299999237060547
      vertex 2.249999523162842 -3.2475955486297607 0
      vertex 1.1249996423721313 -2.598076581954956 0
    endloop
  endfacet
  facet normal 0.49999983389702574 0.8660254996840142 0
    outer loop
      vertex 4.499999523162842 -4.546633243560791 0
      vertex 3.375 -3.8971147537231445 2.299999237060547
      vertex 4.499999523162842 -4.546633243560791 2.299999237060547
    endloop
  endfacet
  facet normal 0.49999983389702574 0.8660254996840142 0
    outer loop
      vertex 3.375 -3.8971147537231445 2.299999237060547
      vertex 4.499999523162842 -4.546633243560791 0
      vertex 3.375 -3.8971147537231445 0
    endloop
  endfacet
  facet normal 0.4999999502534636 0.866025432505613 0
    outer loop
      vertex 6.749999523162842 -5.845671653747559 0
      vertex 5.624999523162842 -5.196152687072754 2.299999237060547
      vertex 6.749999523162842 -5.845671653747559 2.299999237060547
    endloop
  endfacet
  facet normal 0.4999999502534636 0.866025432505613 0
    outer loop
      vertex 5.624999523162842 -5.196152687072754 2.299999237060547
      vertex 6.749999523162842 -5.845671653747559 0
      vertex 5.624999523162842 -5.196152687072754 0
    endloop
  endfacet
  facet normal 0.5000001091992198 0.8660253407382305 0
    outer loop
      vertex 8.999999046325684 -7.144709587097168 0
      vertex 7.874999523162842 -6.495190620422363 2.299999237060547
      vertex 8.999999046325684 -7.144709587097168 2.299999237060547
    endloop
  endfacet
  facet normal 0.5000001091992198 0.8660253407382305 0
    outer loop
      vertex 7.874999523162842 -6.495190620422363 2.299999237060547
      vertex 8.999999046325684 -7.144709587097168 0
      vertex 7.874999523162842 -6.495190620422363 0
    endloop
  endfacet
  facet normal -0.49999981260240006 -0.8660255119784663 0
    outer loop
      vertex -10.5 2.814582109451294 0
      vertex -10.125 2.5980758666992188 2.299999237060547
      vertex -10.5 2.814582109451294 2.299999237060547
    endloop
  endfacet
  facet normal -0.49999981260240006 -0.8660255119784663 0
    outer loop
      vertex -10.125 2.5980758666992188 2.299999237060547
      vertex -10.5 2.814582109451294 0
      vertex -10.125 2.5980758666992188 0
    endloop
  endfacet
  facet normal -0.49999983389702574 -0.8660254996840142 0
    outer loop
      vertex -9 1.9485565423965454 0
      vertex -7.875000476837158 1.299038052558899 2.299999237060547
      vertex -9 1.9485565423965454 2.299999237060547
    endloop
  endfacet
  facet normal -0.49999983389702574 -0.8660254996840142 0
    outer loop
      vertex -7.875000476837158 1.299038052558899 2.299999237060547
      vertex -9 1.9485565423965454 0
      vertex -7.875000476837158 1.299038052558899 0
    endloop
  endfacet
  facet normal -0.4999999502534636 -0.866025432505613 0
    outer loop
      vertex -6.750000476837158 0.6495189666748047 0
      vertex -5.625000476837158 0 2.299999237060547
      vertex -6.750000476837158 0.6495189666748047 2.299999237060547
    endloop
  endfacet
  facet normal -0.4999999502534636 -0.866025432505613 0
    outer loop
      vertex -5.625000476837158 0 2.299999237060547
      vertex -6.750000476837158 0.6495189666748047 0
      vertex -5.625000476837158 0 0
    endloop
  endfacet
  facet normal -0.5000000297263312 -0.8660253866219326 0
    outer loop
      vertex -4.500000476837158 -0.6495189666748047 0
      vertex -3.3750007152557373 -1.2990379333496094 2.299999237060547
      vertex -4.500000476837158 -0.6495189666748047 2.299999237060547
    endloop
  endfacet
  facet normal -0.5000000297263312 -0.8660253866219326 0
    outer loop
      vertex -3.3750007152557373 -1.2990379333496094 2.299999237060547
      vertex -4.500000476837158 -0.6495189666748047 0
      vertex -3.3750007152557373 -1.2990379333496094 0
    endloop
  endfacet
  facet normal -0.4999999899898947 -0.8660254095637755 0
    outer loop
      vertex -2.249999761581421 -1.9485573768615723 0
      vertex -1.1249998807907104 -2.598076343536377 2.299999237060547
      vertex -2.249999761581421 -1.9485573768615723 2.299999237060547
    endloop
  endfacet
  facet normal -0.4999999899898947 -0.8660254095637755 0
    outer loop
      vertex -1.1249998807907104 -2.598076343536377 2.299999237060547
      vertex -2.249999761581421 -1.9485573768615723 0
      vertex -1.1249998807907104 -2.598076343536377 0
    endloop
  endfacet
  facet normal -0.4999999899898947 -0.8660254095637755 0
    outer loop
      vertex 0 -3.2475953102111816 0
      vertex 1.1249998807907104 -3.8971142768859863 2.299999237060547
      vertex 0 -3.2475953102111816 2.299999237060547
    endloop
  endfacet
  facet normal -0.4999999899898947 -0.8660254095637755 0
    outer loop
      vertex 1.1249998807907104 -3.8971142768859863 2.299999237060547
      vertex 0 -3.2475953102111816 0
      vertex 1.1249998807907104 -3.8971142768859863 0
    endloop
  endfacet
  facet normal -0.49999983389702574 -0.8660254996840142 0
    outer loop
      vertex 2.250000238418579 -4.546633720397949 0
      vertex 3.374999761581421 -5.196152210235596 2.299999237060547
      vertex 2.250000238418579 -4.546633720397949 2.299999237060547
    endloop
  endfacet
  facet normal -0.49999983389702574 -0.8660254996840142 0
    outer loop
      vertex 3.374999761581421 -5.196152210235596 2.299999237060547
      vertex 2.250000238418579 -4.546633720397949 0
      vertex 3.374999761581421 -5.196152210235596 0
    endloop
  endfacet
  facet normal -0.5000001091992198 -0.8660253407382305 0
    outer loop
      vertex 4.500000476837158 -5.845671653747559 0
      vertex 5.625 -6.495190620422363 2.299999237060547
      vertex 4.500000476837158 -5.845671653747559 2.299999237060547
    endloop
  endfacet
  facet normal -0.5000001091992198 -0.8660253407382305 0
    outer loop
      vertex 5.625 -6.495190620422363 2.299999237060547
      vertex 4.500000476837158 -5.845671653747559 0
      vertex 5.625 -6.495190620422363 0
    endloop
  endfacet
  facet normal -0.4999999502534636 -0.866025432505613 0
    outer loop
      vertex 6.75 -7.14470911026001 0
      vertex 7.875 -7.7942280769348145 2.299999237060547
      vertex 6.75 -7.14470911026001 2.299999237060547
    endloop
  endfacet
  facet normal -0.4999999502534636 -0.866025432505613 0
    outer loop
      vertex 7.875 -7.7942280769348145 2.299999237060547
      vertex 6.75 -7.14470911026001 0
      vertex 7.875 -7.7942280769348145 0
    endloop
  endfacet
  facet normal -0.5000002734707827 -0.8660252458959512 0
    outer loop
      vertex 9.686245918273926 -8.839951515197754 1.5999994277954102
      vertex 10.125 -9.093266487121582 2.299999237060547
      vertex 9.686245918273926 -8.839951515197754 2.299999237060547
    endloop
  endfacet
  facet normal -0.5000002734707827 -0.8660252458959512 0
    outer loop
      vertex 10.125 -9.093266487121582 2.299999237060547
      vertex 9.686245918273926 -8.839951515197754 1.5999994277954102
      vertex 10.125 -9.093266487121582 1.5999994277954102
    endloop
  endfacet
  facet normal 0.4999996405385175 0.8660256113195228 0
    outer loop
      vertex -9 0.6495190262794495 0
      vertex -10.125 1.2990374565124512 2.299999237060547
      vertex -9 0.6495190262794495 2.299999237060547
    endloop
  endfacet
  facet normal 0.4999996405385175 0.8660256113195228 0
    outer loop
      vertex -10.125 1.2990374565124512 2.299999237060547
      vertex -9 0.6495190262794495 0
      vertex -10.125 1.2990374565124512 0
    endloop
  endfacet
  facet normal 0.4999999620887082 0.866025425672532 0
    outer loop
      vertex -6.750000476837158 -0.6495190262794495 0
      vertex -7.875000476837158 -3.9105401583583443e-8 2.299999237060547
      vertex -6.750000476837158 -0.6495190262794495 2.299999237060547
    endloop
  endfacet
  facet normal 0.4999999620887082 0.866025425672532 0
    outer loop
      vertex -7.875000476837158 -3.9105401583583443e-8 2.299999237060547
      vertex -6.750000476837158 -0.6495190262794495 0
      vertex -7.875000476837158 -3.9105401583583443e-8 0
    endloop
  endfacet
  facet normal 0.4999999502534636 0.866025432505613 0
    outer loop
      vertex -4.500000476837158 -1.9485570192337036 0
      vertex -5.625000476837158 -1.299038052558899 2.299999237060547
      vertex -4.500000476837158 -1.9485570192337036 2.299999237060547
    endloop
  endfacet
  facet normal 0.4999999502534636 0.866025432505613 0
    outer loop
      vertex -5.625000476837158 -1.299038052558899 2.299999237060547
      vertex -4.500000476837158 -1.9485570192337036 0
      vertex -5.625000476837158 -1.299038052558899 0
    endloop
  endfacet
  facet normal 0.4999999502534636 0.866025432505613 0
    outer loop
      vertex -2.25 -3.2475953102111816 0
      vertex -3.375 -2.598076343536377 2.299999237060547
      vertex -2.25 -3.2475953102111816 2.299999237060547
    endloop
  endfacet
  facet normal 0.4999999502534636 0.866025432505613 0
    outer loop
      vertex -3.375 -2.598076343536377 2.299999237060547
      vertex -2.25 -3.2475953102111816 0
      vertex -3.375 -2.598076343536377 0
    endloop
  endfacet
  facet normal 0.4999998523388276 0.8660254890366395 0
    outer loop
      vertex -2.384185791015625e-7 -4.546633243560791 0
      vertex -1.1250001192092896 -3.8971145153045654 2.299999237060547
      vertex -2.384185791015625e-7 -4.546633243560791 2.299999237060547
    endloop
  endfacet
  facet normal 0.4999998523388276 0.8660254890366395 0
    outer loop
      vertex -1.1250001192092896 -3.8971145153045654 2.299999237060547
      vertex -2.384185791015625e-7 -4.546633243560791 0
      vertex -1.1250001192092896 -3.8971145153045654 0
    endloop
  endfacet
  facet normal 0.5000001091992198 0.8660253407382305 0
    outer loop
      vertex 2.249999761581421 -5.845671653747559 0
      vertex 1.125000238418579 -5.196152687072754 2.299999237060547
      vertex 2.249999761581421 -5.845671653747559 2.299999237060547
    endloop
  endfacet
  facet normal 0.5000001091992198 0.8660253407382305 0
    outer loop
      vertex 1.125000238418579 -5.196152687072754 2.299999237060547
      vertex 2.249999761581421 -5.845671653747559 0
      vertex 1.125000238418579 -5.196152687072754 0
    endloop
  endfacet
  facet normal 0.4999999502534636 0.866025432505613 0
    outer loop
      vertex 4.5 -7.144709587097168 0
      vertex 3.375 -6.495190620422363 2.299999237060547
      vertex 4.5 -7.144709587097168 2.299999237060547
    endloop
  endfacet
  facet normal 0.4999999502534636 0.866025432505613 0
    outer loop
      vertex 3.375 -6.495190620422363 2.299999237060547
      vertex 4.5 -7.144709587097168 0
      vertex 3.375 -6.495190620422363 0
    endloop
  endfacet
  facet normal 0.4999999502534636 0.866025432505613 0
    outer loop
      vertex 6.749999523162842 -8.443747520446777 0
      vertex 5.624999523162842 -7.794228553771973 2.299999237060547
      vertex 6.749999523162842 -8.443747520446777 2.299999237060547
    endloop
  endfacet
  facet normal 0.4999999502534636 0.866025432505613 0
    outer loop
      vertex 5.624999523162842 -7.794228553771973 2.299999237060547
      vertex 6.749999523162842 -8.443747520446777 0
      vertex 5.624999523162842 -7.794228553771973 0
    endloop
  endfacet
  facet normal 0.4999997904205963 0.8660255247851301 0
    outer loop
      vertex 9 -9.742785453796387 1.5999994277954102
      vertex 8.862688064575195 -9.663508415222168 2.299999237060547
      vertex 9 -9.742785453796387 2.299999237060547
    endloop
  endfacet
  facet normal 0.4999997904205963 0.8660255247851301 0
    outer loop
      vertex 8.862688064575195 -9.663508415222168 2.299999237060547
      vertex 9 -9.742785453796387 1.5999994277954102
      vertex 8.862688064575195 -9.663508415222168 1.5999994277954102
    endloop
  endfacet
  facet normal 0.5000005781324093 0.8660250699992792 0
    outer loop
      vertex 10.31153392791748 -10.5 1.5999994277954102
      vertex 10.125 -10.392304420471191 2.299999237060547
      vertex 10.31153392791748 -10.5 2.299999237060547
    endloop
  endfacet
  facet normal 0.5000005781324093 0.8660250699992792 0
    outer loop
      vertex 10.125 -10.392304420471191 2.299999237060547
      vertex 10.31153392791748 -10.5 1.5999994277954102
      vertex 10.125 -10.392304420471191 1.5999994277954102
    endloop
  endfacet
  facet normal -0.4999996835544937 -0.8660255864842599 0
    outer loop
      vertex -10.5 0.21650616824626923 0
      vertex -10.125 0 2.299999237060547
      vertex -10.5 0.21650616824626923 2.299999237060547
    endloop
  endfacet
  facet normal -0.4999996835544937 -0.8660255864842599 0
    outer loop
      vertex -10.125 0 2.299999237060547
      vertex -10.5 0.21650616824626923 0
      vertex -10.125 0 0
    endloop
  endfacet
  facet normal -0.5000001436119834 -0.8660253208700055 0
    outer loop
      vertex -9 -0.6495190262794495 0
      vertex -7.875000476837158 -1.299038052558899 2.299999237060547
      vertex -9 -0.6495190262794495 2.299999237060547
    endloop
  endfacet
  facet normal -0.5000001436119834 -0.8660253208700055 0
    outer loop
      vertex -7.875000476837158 -1.299038052558899 2.299999237060547
      vertex -9 -0.6495190262794495 0
      vertex -7.875000476837158 -1.299038052558899 0
    endloop
  endfacet
  facet normal -0.5000001780247446 -0.86602530100178 0
    outer loop
      vertex -6.750000476837158 -1.9485570192337036 0
      vertex -5.625000953674316 -2.598076105117798 2.299999237060547
      vertex -6.750000476837158 -1.9485570192337036 2.299999237060547
    endloop
  endfacet
  facet normal -0.5000001780247446 -0.86602530100178 0
    outer loop
      vertex -5.625000953674316 -2.598076105117798 2.299999237060547
      vertex -6.750000476837158 -1.9485570192337036 0
      vertex -5.625000953674316 -2.598076105117798 0
    endloop
  endfacet
  facet normal -0.5000000297263312 -0.8660253866219326 0
    outer loop
      vertex -4.5 -3.2475955486297607 0
      vertex -3.375000238418579 -3.8971145153045654 2.299999237060547
      vertex -4.5 -3.2475955486297607 2.299999237060547
    endloop
  endfacet
  facet normal -0.5000000297263312 -0.8660253866219326 0
    outer loop
      vertex -3.375000238418579 -3.8971145153045654 2.299999237060547
      vertex -4.5 -3.2475955486297607 0
      vertex -3.375000238418579 -3.8971145153045654 0
    endloop
  endfacet
  facet normal -0.5000000297263312 -0.8660253866219326 0
    outer loop
      vertex -2.250000238418579 -4.546633720397949 0
      vertex -1.1250004768371582 -5.196152687072754 2.299999237060547
      vertex -2.250000238418579 -4.546633720397949 2.299999237060547
    endloop
  endfacet
  facet normal -0.5000000297263312 -0.8660253866219326 0
    outer loop
      vertex -1.1250004768371582 -5.196152687072754 2.299999237060547
      vertex -2.250000238418579 -4.546633720397949 0
      vertex -1.1250004768371582 -5.196152687072754 0
    endloop
  endfacet
  facet normal -0.5000001091992198 -0.8660253407382305 0
    outer loop
      vertex 0 -5.845671653747559 0
      vertex 1.1249995231628418 -6.495190620422363 2.299999237060547
      vertex 0 -5.845671653747559 2.299999237060547
    endloop
  endfacet
  facet normal -0.5000001091992198 -0.8660253407382305 0
    outer loop
      vertex 1.1249995231628418 -6.495190620422363 2.299999237060547
      vertex 0 -5.845671653747559 0
      vertex 1.1249995231628418 -6.495190620422363 0
    endloop
  endfacet
  facet normal -0.4999999502534636 -0.866025432505613 0
    outer loop
      vertex 2.249999761581421 -7.144710063934326 0
      vertex 3.374999761581421 -7.794229030609131 2.299999237060547
      vertex 2.249999761581421 -7.144710063934326 2.299999237060547
    endloop
  endfacet
  facet normal -0.4999999502534636 -0.866025432505613 0
    outer loop
      vertex 3.374999761581421 -7.794229030609131 2.299999237060547
      vertex 2.249999761581421 -7.144710063934326 0
      vertex 3.374999761581421 -7.794229030609131 0
    endloop
  endfacet
  facet normal -0.4999999502534636 -0.866025432505613 0
    outer loop
      vertex 4.499999523162842 -8.443747520446777 0
      vertex 5.624999523162842 -9.093266487121582 2.299999237060547
      vertex 4.499999523162842 -8.443747520446777 2.299999237060547
    endloop
  endfacet
  facet normal -0.4999999502534636 -0.866025432505613 0
    outer loop
      vertex 5.624999523162842 -9.093266487121582 2.299999237060547
      vertex 4.499999523162842 -8.443747520446777 0
      vertex 5.624999523162842 -9.093266487121582 0
    endloop
  endfacet
  facet normal -0.5000062355895658 -0.8660218036351923 0
    outer loop
      vertex 6.749999523162842 -9.742785453796387 2.299999237060547
      vertex 6.783925533294678 -9.762372970581055 1.5999994277954102
      vertex 6.783925533294678 -9.762372970581055 2.299999237060547
    endloop
  endfacet
  facet normal -0.5000062355895658 -0.8660218036351923 0
    outer loop
      vertex 6.749999523162842 -9.742785453796387 0
      vertex 6.783925533294678 -9.762372970581055 1.5999994277954102
      vertex 6.749999523162842 -9.742785453796387 2.299999237060547
    endloop
  endfacet
  facet normal -0.5000030708684201 -0.8660236308104656 -8.947264949067027e-8
    outer loop
      vertex 6.963240146636963 -9.865900993347168 0
      vertex 6.783925533294678 -9.762372970581055 1.5999994277954102
      vertex 6.749999523162842 -9.742785453796387 0
    endloop
  endfacet
  facet normal -0.5000024721064826 -0.8660239765083909 0
    outer loop
      vertex 6.783925533294678 -9.762372970581055 1.5999994277954102
      vertex 6.963240146636963 -9.865900993347168 0
      vertex 6.963240146636963 -9.865900993347168 1.5999994277954102
    endloop
  endfacet
  facet normal -0.50000024685026 -0.8660252612653276 0
    outer loop
      vertex -9 -3.2475948333740234 0
      vertex -7.875000476837158 -3.8971140384674072 2.299999237060547
      vertex -9 -3.2475948333740234 2.299999237060547
    endloop
  endfacet
  facet normal -0.50000024685026 -0.8660252612653276 0
    outer loop
      vertex -7.875000476837158 -3.8971140384674072 2.299999237060547
      vertex -9 -3.2475948333740234 0
      vertex -7.875000476837158 -3.8971140384674072 0
    endloop
  endfacet
  facet normal -0.49999981260240006 -0.8660255119784663 0
    outer loop
      vertex -10.5 -2.3815696239471436 0
      vertex -10.125 -2.5980758666992188 2.299999237060547
      vertex -10.5 -2.3815696239471436 2.299999237060547
    endloop
  endfacet
  facet normal -0.49999981260240006 -0.8660255119784663 0
    outer loop
      vertex -10.125 -2.5980758666992188 2.299999237060547
      vertex -10.5 -2.3815696239471436 0
      vertex -10.125 -2.5980758666992188 0
    endloop
  endfacet
  facet normal -0.5000002255554769 -0.8660252735598841 0
    outer loop
      vertex -6.75 -4.546633243560791 0
      vertex -5.625 -5.196152687072754 2.299999237060547
      vertex -6.75 -4.546633243560791 2.299999237060547
    endloop
  endfacet
  facet normal -0.5000002255554769 -0.8660252735598841 0
    outer loop
      vertex -5.625 -5.196152687072754 2.299999237060547
      vertex -6.75 -4.546633243560791 0
      vertex -5.625 -5.196152687072754 0
    endloop
  endfacet
  facet normal -0.4999999502534636 -0.866025432505613 0
    outer loop
      vertex -4.500000476837158 -5.845671653747559 0
      vertex -3.375000476837158 -6.495190620422363 2.299999237060547
      vertex -4.500000476837158 -5.845671653747559 2.299999237060547
    endloop
  endfacet
  facet normal -0.4999999502534636 -0.866025432505613 0
    outer loop
      vertex -3.375000476837158 -6.495190620422363 2.299999237060547
      vertex -4.500000476837158 -5.845671653747559 0
      vertex -3.375000476837158 -6.495190620422363 0
    endloop
  endfacet
  facet normal -0.5000001091992198 -0.8660253407382305 0
    outer loop
      vertex -2.249999761581421 -7.144710063934326 0
      vertex -1.125000238418579 -7.794229030609131 2.299999237060547
      vertex -2.249999761581421 -7.144710063934326 2.299999237060547
    endloop
  endfacet
  facet normal -0.5000001091992198 -0.8660253407382305 0
    outer loop
      vertex -1.125000238418579 -7.794229030609131 2.299999237060547
      vertex -2.249999761581421 -7.144710063934326 0
      vertex -1.125000238418579 -7.794229030609131 0
    endloop
  endfacet
  facet normal -0.4999999899898947 -0.8660254095637755 0
    outer loop
      vertex 0 -8.443748474121094 0
      vertex 1.1249998807907104 -9.093267440795898 2.299999237060547
      vertex 0 -8.443748474121094 2.299999237060547
    endloop
  endfacet
  facet normal -0.4999999899898947 -0.8660254095637755 0
    outer loop
      vertex 1.1249998807907104 -9.093267440795898 2.299999237060547
      vertex 0 -8.443748474121094 0
      vertex 1.1249998807907104 -9.093267440795898 0
    endloop
  endfacet
  facet normal -0.4999999502534636 -0.866025432505613 0
    outer loop
      vertex 2.249999523162842 -9.742786407470703 0
      vertex 3.374999523162842 -10.392305374145508 2.299999237060547
      vertex 2.249999523162842 -9.742786407470703 2.299999237060547
    endloop
  endfacet
  facet normal -0.4999999502534636 -0.866025432505613 0
    outer loop
      vertex 3.374999523162842 -10.392305374145508 2.299999237060547
      vertex 2.249999523162842 -9.742786407470703 0
      vertex 3.374999523162842 -10.392305374145508 0
    endloop
  endfacet
  facet normal 0.5000003369705923 0.866025209234289 0
    outer loop
      vertex -9 -1.9485565423965454 0
      vertex -10.124999046325684 -1.2990374565124512 2.299999237060547
      vertex -9 -1.9485565423965454 2.299999237060547
    endloop
  endfacet
  facet normal 0.5000003369705923 0.866025209234289 0
    outer loop
      vertex -10.124999046325684 -1.2990374565124512 2.299999237060547
      vertex -9 -1.9485565423965454 0
      vertex -10.124999046325684 -1.2990374565124512 0
    endloop
  endfacet
  facet normal 0.4999999502534636 0.866025432505613 0
    outer loop
      vertex -6.75 -3.2475945949554443 0
      vertex -7.875 -2.5980756282806396 2.299999237060547
      vertex -6.75 -3.2475945949554443 2.299999237060547
    endloop
  endfacet
  facet normal 0.4999999502534636 0.866025432505613 0
    outer loop
      vertex -7.875 -2.5980756282806396 2.299999237060547
      vertex -6.75 -3.2475945949554443 0
      vertex -7.875 -2.5980756282806396 0
    endloop
  endfacet
  facet normal 0.5000000879044891 0.8660253530327522 0
    outer loop
      vertex -4.499999523162842 -4.546633243560791 0
      vertex -5.624999523162842 -3.8971140384674072 2.299999237060547
      vertex -4.499999523162842 -4.546633243560791 2.299999237060547
    endloop
  endfacet
  facet normal 0.5000000879044891 0.8660253530327522 0
    outer loop
      vertex -5.624999523162842 -3.8971140384674072 2.299999237060547
      vertex -4.499999523162842 -4.546633243560791 0
      vertex -5.624999523162842 -3.8971140384674072 0
    endloop
  endfacet
  facet normal 0.5000000297263312 0.8660253866219326 0
    outer loop
      vertex -2.25 -5.8456711769104 0
      vertex -3.374999761581421 -5.196152210235596 2.299999237060547
      vertex -2.25 -5.8456711769104 2.299999237060547
    endloop
  endfacet
  facet normal 0.5000000297263312 0.8660253866219326 0
    outer loop
      vertex -3.374999761581421 -5.196152210235596 2.299999237060547
      vertex -2.25 -5.8456711769104 0
      vertex -3.374999761581421 -5.196152210235596 0
    endloop
  endfacet
  facet normal 0.5000001091992198 0.8660253407382305 0
    outer loop
      vertex 0 -7.144709587097168 0
      vertex -1.1249995231628418 -6.495190620422363 2.299999237060547
      vertex 0 -7.144709587097168 2.299999237060547
    endloop
  endfacet
  facet normal 0.5000001091992198 0.8660253407382305 0
    outer loop
      vertex -1.1249995231628418 -6.495190620422363 2.299999237060547
      vertex 0 -7.144709587097168 0
      vertex -1.1249995231628418 -6.495190620422363 0
    endloop
  endfacet
  facet normal 0.4999997544241518 0.8660255455676744 0
    outer loop
      vertex 2.25 -8.443747520446777 0
      vertex 1.125000238418579 -7.794229030609131 2.299999237060547
      vertex 2.25 -8.443747520446777 2.299999237060547
    endloop
  endfacet
  facet normal 0.4999997544241518 0.8660255455676744 0
    outer loop
      vertex 1.125000238418579 -7.794229030609131 2.299999237060547
      vertex 2.25 -8.443747520446777 0
      vertex 1.125000238418579 -7.794229030609131 0
    endloop
  endfacet
  facet normal 0.4999999502534636 0.866025432505613 0
    outer loop
      vertex 4.499999523162842 -9.742785453796387 0
      vertex 3.374999523162842 -9.093266487121582 2.299999237060547
      vertex 4.499999523162842 -9.742785453796387 2.299999237060547
    endloop
  endfacet
  facet normal 0.4999999502534636 0.866025432505613 0
    outer loop
      vertex 3.374999523162842 -9.093266487121582 2.299999237060547
      vertex 4.499999523162842 -9.742785453796387 0
      vertex 3.374999523162842 -9.093266487121582 0
    endloop
  endfacet
  facet normal 0.4999991746203252 0.8660258803170917 0
    outer loop
      vertex 5.811532497406006 -10.5 0
      vertex 5.624999523162842 -10.392305374145508 2.299999237060547
      vertex 5.811532497406006 -10.5 2.299999237060547
    endloop
  endfacet
  facet normal 0.4999991746203252 0.8660258803170917 0
    outer loop
      vertex 5.624999523162842 -10.392305374145508 2.299999237060547
      vertex 5.811532497406006 -10.5 0
      vertex 5.624999523162842 -10.392305374145508 0
    endloop
  endfacet
  facet normal -0.4999993996489823 -0.8660257503969828 0
    outer loop
      vertex -10.5 -4.979645729064941 0
      vertex -10.125 -5.1961517333984375 2.299999237060547
      vertex -10.5 -4.979645729064941 2.299999237060547
    endloop
  endfacet
  facet normal -0.4999993996489823 -0.8660257503969828 0
    outer loop
      vertex -10.125 -5.1961517333984375 2.299999237060547
      vertex -10.5 -4.979645729064941 0
      vertex -10.125 -5.1961517333984375 0
    endloop
  endfacet
  facet normal -0.4999999502534636 -0.866025432505613 0
    outer loop
      vertex -9 -5.8456711769104 0
      vertex -7.875 -6.495190143585205 2.299999237060547
      vertex -9 -5.8456711769104 2.299999237060547
    endloop
  endfacet
  facet normal -0.4999999502534636 -0.866025432505613 0
    outer loop
      vertex -7.875 -6.495190143585205 2.299999237060547
      vertex -9 -5.8456711769104 0
      vertex -7.875 -6.495190143585205 0
    endloop
  endfacet
  facet normal -0.5000002255554769 -0.8660252735598841 0
    outer loop
      vertex -6.75 -7.14470911026001 0
      vertex -5.625 -7.794228553771973 2.299999237060547
      vertex -6.75 -7.14470911026001 2.299999237060547
    endloop
  endfacet
  facet normal -0.5000002255554769 -0.8660252735598841 0
    outer loop
      vertex -5.625 -7.794228553771973 2.299999237060547
      vertex -6.75 -7.14470911026001 0
      vertex -5.625 -7.794228553771973 0
    endloop
  endfacet
  facet normal -0.4999999502534636 -0.866025432505613 0
    outer loop
      vertex -4.499999523162842 -8.443747520446777 0
      vertex -3.374999523162842 -9.093266487121582 2.299999237060547
      vertex -4.499999523162842 -8.443747520446777 2.299999237060547
    endloop
  endfacet
  facet normal -0.4999999502534636 -0.866025432505613 0
    outer loop
      vertex -3.374999523162842 -9.093266487121582 2.299999237060547
      vertex -4.499999523162842 -8.443747520446777 0
      vertex -3.374999523162842 -9.093266487121582 0
    endloop
  endfacet
  facet normal -0.4999999502534636 -0.866025432505613 0
    outer loop
      vertex -2.249999523162842 -9.742786407470703 0
      vertex -1.1249995231628418 -10.392305374145508 2.299999237060547
      vertex -2.249999523162842 -9.742786407470703 2.299999237060547
    endloop
  endfacet
  facet normal -0.4999999502534636 -0.866025432505613 0
    outer loop
      vertex -1.1249995231628418 -10.392305374145508 2.299999237060547
      vertex -2.249999523162842 -9.742786407470703 0
      vertex -1.1249995231628418 -10.392305374145508 0
    endloop
  endfacet
  facet normal 0.5000002681450603 0.8660252489707606 0
    outer loop
      vertex -9.000000953674316 -4.546632766723633 0
      vertex -10.125 -3.897113800048828 2.299999237060547
      vertex -9.000000953674316 -4.546632766723633 2.299999237060547
    endloop
  endfacet
  facet normal 0.5000002681450603 0.8660252489707606 0
    outer loop
      vertex -10.125 -3.897113800048828 2.299999237060547
      vertex -9.000000953674316 -4.546632766723633 0
      vertex -10.125 -3.897113800048828 0
    endloop
  endfacet
  facet normal 0.4999999502534636 0.866025432505613 0
    outer loop
      vertex -6.75 -5.8456711769104 0
      vertex -7.875 -5.196152210235596 2.299999237060547
      vertex -6.75 -5.8456711769104 2.299999237060547
    endloop
  endfacet
  facet normal 0.4999999502534636 0.866025432505613 0
    outer loop
      vertex -7.875 -5.196152210235596 2.299999237060547
      vertex -6.75 -5.8456711769104 0
      vertex -7.875 -5.196152210235596 0
    endloop
  endfacet
  facet normal 0.5000001091992198 0.8660253407382305 0
    outer loop
      vertex -4.500000476837158 -7.144709587097168 0
      vertex -5.625 -6.495190620422363 2.299999237060547
      vertex -4.500000476837158 -7.144709587097168 2.299999237060547
    endloop
  endfacet
  facet normal 0.5000001091992198 0.8660253407382305 0
    outer loop
      vertex -5.625 -6.495190620422363 2.299999237060547
      vertex -4.500000476837158 -7.144709587097168 0
      vertex -5.625 -6.495190620422363 0
    endloop
  endfacet
  facet normal 0.4999997544241518 0.8660255455676744 0
    outer loop
      vertex -2.25 -8.443747520446777 0
      vertex -3.374999761581421 -7.794229030609131 2.299999237060547
      vertex -2.25 -8.443747520446777 2.299999237060547
    endloop
  endfacet
  facet normal 0.4999997544241518 0.8660255455676744 0
    outer loop
      vertex -3.374999761581421 -7.794229030609131 2.299999237060547
      vertex -2.25 -8.443747520446777 0
      vertex -3.374999761581421 -7.794229030609131 0
    endloop
  endfacet
  facet normal 0.4999999899898947 0.8660254095637755 0
    outer loop
      vertex 0 -9.742786407470703 0
      vertex -1.1249998807907104 -9.093267440795898 2.299999237060547
      vertex 0 -9.742786407470703 2.299999237060547
    endloop
  endfacet
  facet normal 0.4999999899898947 0.8660254095637755 0
    outer loop
      vertex -1.1249998807907104 -9.093267440795898 2.299999237060547
      vertex 0 -9.742786407470703 0
      vertex -1.1249998807907104 -9.093267440795898 0
    endloop
  endfacet
  facet normal 0.49999893496596215 0.8660260186812538 0
    outer loop
      vertex 1.3115326166152954 -10.5 0
      vertex 1.1249995231628418 -10.392305374145508 2.299999237060547
      vertex 1.3115326166152954 -10.5 2.299999237060547
    endloop
  endfacet
  facet normal 0.49999893496596215 0.8660260186812538 0
    outer loop
      vertex 1.1249995231628418 -10.392305374145508 2.299999237060547
      vertex 1.3115326166152954 -10.5 0
      vertex 1.1249995231628418 -10.392305374145508 0
    endloop
  endfacet
  facet normal -0.5000005008573385 -0.8660251146141265 0
    outer loop
      vertex -6.749999523162842 -9.742785453796387 0
      vertex -5.624999523162842 -10.392305374145508 2.299999237060547
      vertex -6.749999523162842 -9.742785453796387 2.299999237060547
    endloop
  endfacet
  facet normal -0.5000005008573385 -0.8660251146141265 0
    outer loop
      vertex -5.624999523162842 -10.392305374145508 2.299999237060547
      vertex -6.749999523162842 -9.742785453796387 0
      vertex -5.624999523162842 -10.392305374145508 0
    endloop
  endfacet
  facet normal 0.5000002710002472 0.8660252473223163 0
    outer loop
      vertex -9 -7.14470911026001 2.299999237060547
      vertex -9.950170516967773 -6.596127510070801 1.5999994277954102
      vertex -9.950170516967773 -6.596127510070801 2.299999237060547
    endloop
  endfacet
  facet normal 0.5000002710002474 0.8660252473223164 0
    outer loop
      vertex -9 -7.14470911026001 0
      vertex -9.950170516967773 -6.596127510070801 1.5999994277954102
      vertex -9 -7.14470911026001 2.299999237060547
    endloop
  endfacet
  facet normal 0.5000002681450603 0.8660252489707605 -2.260763743167899e-9
    outer loop
      vertex -10.124999046325684 -6.495190143585205 0
      vertex -9.950170516967773 -6.596127510070801 1.5999994277954102
      vertex -9 -7.14470911026001 0
    endloop
  endfacet
  facet normal 0.5000002526274866 0.8660252579298422 0
    outer loop
      vertex -9.950170516967773 -6.596127510070801 1.5999994277954102
      vertex -10.124999046325684 -6.495190143585205 0
      vertex -10.124999046325684 -6.495190143585205 1.5999994277954102
    endloop
  endfacet
  facet normal 0.5000002255554769 0.8660252735598841 0
    outer loop
      vertex -6.75 -8.443747520446777 0
      vertex -7.875 -7.7942280769348145 2.299999237060547
      vertex -6.75 -8.443747520446777 2.299999237060547
    endloop
  endfacet
  facet normal 0.5000002255554769 0.8660252735598841 0
    outer loop
      vertex -7.875 -7.7942280769348145 2.299999237060547
      vertex -6.75 -8.443747520446777 0
      vertex -7.875 -7.7942280769348145 0
    endloop
  endfacet
  facet normal 0.4999999502534636 0.866025432505613 0
    outer loop
      vertex -4.499999523162842 -9.742785453796387 0
      vertex -5.624999523162842 -9.093266487121582 2.299999237060547
      vertex -4.499999523162842 -9.742785453796387 2.299999237060547
    endloop
  endfacet
  facet normal 0.4999999502534636 0.866025432505613 0
    outer loop
      vertex -5.624999523162842 -9.093266487121582 2.299999237060547
      vertex -4.499999523162842 -9.742785453796387 0
      vertex -5.624999523162842 -9.093266487121582 0
    endloop
  endfacet
  facet normal 0.4999986953117906 0.8660261570452171 0
    outer loop
      vertex -3.1884663105010986 -10.5 0
      vertex -3.374999523162842 -10.392305374145508 2.299999237060547
      vertex -3.1884663105010986 -10.5 2.299999237060547
    endloop
  endfacet
  facet normal 0.4999986953117906 0.8660261570452171 0
    outer loop
      vertex -3.374999523162842 -10.392305374145508 2.299999237060547
      vertex -3.1884663105010986 -10.5 0
      vertex -3.374999523162842 -10.392305374145508 0
    endloop
  endfacet
  facet normal -0.500001051460607 -0.866024796722523 0
    outer loop
      vertex -10.5 -10.175797462463379 1.5999994277954102
      vertex -10.125 -10.392304420471191 2.299999237060547
      vertex -10.5 -10.175797462463379 2.299999237060547
    endloop
  endfacet
  facet normal -0.500001051460607 -0.866024796722523 0
    outer loop
      vertex -10.125 -10.392304420471191 2.299999237060547
      vertex -10.5 -10.175797462463379 1.5999994277954102
      vertex -10.125 -10.392304420471191 1.5999994277954102
    endloop
  endfacet
  facet normal 0.49999995025346355 0.8660254325056129 0
    outer loop
      vertex -9 -9.742785453796387 1.5999994277954102
      vertex -10.125 -9.093266487121582 2.299999237060547
      vertex -9 -9.742785453796387 2.299999237060547
    endloop
  endfacet
  facet normal 0.49999995025346355 0.8660254325056129 0
    outer loop
      vertex -10.125 -9.093266487121582 2.299999237060547
      vertex -9 -9.742785453796387 1.5999994277954102
      vertex -10.125 -9.093266487121582 1.5999994277954102
    endloop
  endfacet
  facet normal 0 1 0
    outer loop
      vertex -7.6884660720825195 -10.5 1.5999994277954102
      vertex -7.688467025756836 -10.5 2.299999237060547
      vertex -7.6884660720825195 -10.5 2.299999237060547
    endloop
  endfacet
  facet normal 0 1 0
    outer loop
      vertex -7.688467025756836 -10.5 2.299999237060547
      vertex -7.6884660720825195 -10.5 1.5999994277954102
      vertex -7.688467025756836 -10.5 1.5999994277954102
    endloop
  endfacet
  facet normal 0 1 0
    outer loop
      vertex 14.25 14.25 0
      vertex -14.25 14.25 2.299999237060547
      vertex 14.25 14.25 2.299999237060547
    endloop
  endfacet
  facet normal 0 1 0
    outer loop
      vertex -14.25 14.25 2.299999237060547
      vertex 14.25 14.25 0
      vertex -14.25 14.25 0
    endloop
  endfacet
  facet normal -1 0 0
    outer loop
      vertex -14.25 -14.25 0
      vertex -14.25 14.25 2.299999237060547
      vertex -14.25 14.25 0
    endloop
  endfacet
  facet normal -1 0 0
    outer loop
      vertex -14.25 14.25 2.299999237060547
      vertex -14.25 -14.25 0
      vertex -14.25 -14.25 2.299999237060547
    endloop
  endfacet
  facet normal 0 -1 0
    outer loop
      vertex -14.25 -14.25 0
      vertex 14.25 -14.25 2.299999237060547
      vertex -14.25 -14.25 2.299999237060547
    endloop
  endfacet
  facet normal 0 -1 0
    outer loop
      vertex 14.25 -14.25 2.299999237060547
      vertex -14.25 -14.25 0
      vertex 14.25 -14.25 0
    endloop
  endfacet
  facet normal 1 0 0
    outer loop
      vertex 14.25 -14.25 2.299999237060547
      vertex 14.25 14.25 0
      vertex 14.25 14.25 2.299999237060547
    endloop
  endfacet
  facet normal 1 0 0
    outer loop
      vertex 14.25 14.25 0
      vertex 14.25 -14.25 2.299999237060547
      vertex 14.25 -14.25 0
    endloop
  endfacet
  facet normal 1 0 0
    outer loop
      vertex -10.5 10.175798416137695 2.299999237060547
      vertex -10.5 10.5 1.5999994277954102
      vertex -10.5 10.5 2.299999237060547
    endloop
  endfacet
  facet normal 1 0 0
    outer loop
      vertex -10.5 10.5 1.5999994277954102
      vertex -10.5 10.175798416137695 2.299999237060547
      vertex -10.5 10.175798416137695 1.5999994277954102
    endloop
  endfacet
  facet normal 1 0 0
    outer loop
      vertex -10.5 -10.5 2.299999237060547
      vertex -10.5 -10.175797462463379 1.5999994277954102
      vertex -10.5 -10.175797462463379 2.299999237060547
    endloop
  endfacet
  facet normal 1 0 0
    outer loop
      vertex -10.5 -10.175797462463379 1.5999994277954102
      vertex -10.5 -10.5 2.299999237060547
      vertex -10.5 -10.5 1.5999994277954102
    endloop
  endfacet
  facet normal 1 0 0
    outer loop
      vertex -10.5 7.57772159576416 2.299999237060547
      vertex -10.5 8.010734558105469 1.5999994277954102
      vertex -10.5 8.010734558105469 2.299999237060547
    endloop
  endfacet
  facet normal 1 0 0
    outer loop
      vertex -10.5 8.010734558105469 1.5999994277954102
      vertex -10.5 7.57772159576416 2.299999237060547
      vertex -10.5 7.57772159576416 1.5999994277954102
    endloop
  endfacet
  facet normal 1 0 0
    outer loop
      vertex -10.5 4.979645729064941 2.299999237060547
      vertex -10.5 5.412657737731934 0
      vertex -10.5 5.412657737731934 2.299999237060547
    endloop
  endfacet
  facet normal 1 0 0
    outer loop
      vertex -10.5 5.412657737731934 0
      vertex -10.5 4.979645729064941 2.299999237060547
      vertex -10.5 4.979645729064941 0
    endloop
  endfacet
  facet normal 1 0 0
    outer loop
      vertex -10.5 2.3815696239471436 2.299999237060547
      vertex -10.5 2.814582109451294 0
      vertex -10.5 2.814582109451294 2.299999237060547
    endloop
  endfacet
  facet normal 1 0 0
    outer loop
      vertex -10.5 2.814582109451294 0
      vertex -10.5 2.3815696239471436 2.299999237060547
      vertex -10.5 2.3815696239471436 0
    endloop
  endfacet
  facet normal 1 0 0
    outer loop
      vertex -10.5 -0.21650616824626923 2.299999237060547
      vertex -10.5 0.21650616824626923 0
      vertex -10.5 0.21650616824626923 2.299999237060547
    endloop
  endfacet
  facet normal 1 0 0
    outer loop
      vertex -10.5 0.21650616824626923 0
      vertex -10.5 -0.21650616824626923 2.299999237060547
      vertex -10.5 -0.21650616824626923 0
    endloop
  endfacet
  facet normal 1 0 0
    outer loop
      vertex -10.5 -2.814582109451294 2.299999237060547
      vertex -10.5 -2.3815696239471436 0
      vertex -10.5 -2.3815696239471436 2.299999237060547
    endloop
  endfacet
  facet normal 1 0 0
    outer loop
      vertex -10.5 -2.3815696239471436 0
      vertex -10.5 -2.814582109451294 2.299999237060547
      vertex -10.5 -2.814582109451294 0
    endloop
  endfacet
  facet normal 1 0 0
    outer loop
      vertex -10.5 -5.412657737731934 2.299999237060547
      vertex -10.5 -4.979645729064941 0
      vertex -10.5 -4.979645729064941 2.299999237060547
    endloop
  endfacet
  facet normal 1 0 0
    outer loop
      vertex -10.5 -4.979645729064941 0
      vertex -10.5 -5.412657737731934 2.299999237060547
      vertex -10.5 -5.412657737731934 0
    endloop
  endfacet
  facet normal 1 0 0
    outer loop
      vertex -10.5 -8.010734558105469 2.299999237060547
      vertex -10.5 -7.57772159576416 1.5999994277954102
      vertex -10.5 -7.57772159576416 2.299999237060547
    endloop
  endfacet
  facet normal 1 0 0
    outer loop
      vertex -10.5 -7.57772159576416 1.5999994277954102
      vertex -10.5 -8.010734558105469 2.299999237060547
      vertex -10.5 -8.010734558105469 1.5999994277954102
    endloop
  endfacet
  facet normal 0 -1 0
    outer loop
      vertex -10.5 10.5 1.5999994277954102
      vertex -10.311534881591797 10.5 2.299999237060547
      vertex -10.5 10.5 2.299999237060547
    endloop
  endfacet
  facet normal 0 -1 0
    outer loop
      vertex -10.311534881591797 10.5 2.299999237060547
      vertex -10.5 10.5 1.5999994277954102
      vertex -10.311534881591797 10.5 1.5999994277954102
    endloop
  endfacet
  facet normal 0 -1 0
    outer loop
      vertex 10.311534881591797 10.5 1.5999994277954102
      vertex 10.5 10.5 2.299999237060547
      vertex 10.311534881591797 10.5 2.299999237060547
    endloop
  endfacet
  facet normal 0 -1 0
    outer loop
      vertex 10.5 10.5 2.299999237060547
      vertex 10.311534881591797 10.5 1.5999994277954102
      vertex 10.5 10.5 1.5999994277954102
    endloop
  endfacet
  facet normal 0 -1 0
    outer loop
      vertex -6.329140663146973 10.5 1.5999994277954102
      vertex -7.688466548919678 10.5 2.299999237060547
      vertex -7.688466548919678 10.5 1.5999994277954102
    endloop
  endfacet
  facet normal 0 -1 0
    outer loop
      vertex -7.688466548919678 10.5 2.299999237060547
      vertex -6.329140663146973 10.5 1.5999994277954102
      vertex -5.811532497406006 10.5 2.299999237060547
    endloop
  endfacet
  facet normal 0 -1 0
    outer loop
      vertex -5.811532497406006 10.5 0
      vertex -6.329140663146973 10.5 1.5999994277954102
      vertex -6.329140663146973 10.5 0
    endloop
  endfacet
  facet normal 0 -1 0
    outer loop
      vertex -6.329140663146973 10.5 1.5999994277954102
      vertex -5.811532497406006 10.5 0
      vertex -5.811532497406006 10.5 2.299999237060547
    endloop
  endfacet
  facet normal 0 -1 0
    outer loop
      vertex 5.811532497406006 10.5 2.299999237060547
      vertex 6.329140663146973 10.5 1.5999994277954102
      vertex 7.6884660720825195 10.5 2.299999237060547
    endloop
  endfacet
  facet normal 0 -1 0
    outer loop
      vertex 5.811532497406006 10.5 0
      vertex 6.329140663146973 10.5 1.5999994277954102
      vertex 5.811532497406006 10.5 2.299999237060547
    endloop
  endfacet
  facet normal 0 -1 0
    outer loop
      vertex 6.329140663146973 10.5 1.5999994277954102
      vertex 5.811532497406006 10.5 0
      vertex 6.329140663146973 10.5 0
    endloop
  endfacet
  facet normal 0 -1 0
    outer loop
      vertex 7.6884660720825195 10.5 2.299999237060547
      vertex 6.329140663146973 10.5 1.5999994277954102
      vertex 7.6884660720825195 10.5 1.5999994277954102
    endloop
  endfacet
  facet normal 0 -1 0
    outer loop
      vertex -3.1884663105010986 10.5 0
      vertex -1.3115326166152954 10.5 2.299999237060547
      vertex -3.1884663105010986 10.5 2.299999237060547
    endloop
  endfacet
  facet normal 0 -1 0
    outer loop
      vertex -1.3115326166152954 10.5 2.299999237060547
      vertex -3.1884663105010986 10.5 0
      vertex -1.3115326166152954 10.5 0
    endloop
  endfacet
  facet normal 0 -1 0
    outer loop
      vertex 1.3115326166152954 10.5 0
      vertex 3.1884663105010986 10.5 2.299999237060547
      vertex 1.3115326166152954 10.5 2.299999237060547
    endloop
  endfacet
  facet normal 0 -1 0
    outer loop
      vertex 3.1884663105010986 10.5 2.299999237060547
      vertex 1.3115326166152954 10.5 0
      vertex 3.1884663105010986 10.5 0
    endloop
  endfacet
  facet normal -1 0 0
    outer loop
      vertex 10.5 10.175798416137695 1.5999994277954102
      vertex 10.5 10.5 2.299999237060547
      vertex 10.5 10.5 1.5999994277954102
    endloop
  endfacet
  facet normal -1 0 0
    outer loop
      vertex 10.5 10.5 2.299999237060547
      vertex 10.5 10.175798416137695 1.5999994277954102
      vertex 10.5 10.175798416137695 2.299999237060547
    endloop
  endfacet
  facet normal -1 0 0
    outer loop
      vertex 10.5 -10.5 1.5999994277954102
      vertex 10.5 -10.175798416137695 2.299999237060547
      vertex 10.5 -10.175798416137695 1.5999994277954102
    endloop
  endfacet
  facet normal -1 0 0
    outer loop
      vertex 10.5 -10.175798416137695 2.299999237060547
      vertex 10.5 -10.5 1.5999994277954102
      vertex 10.5 -10.5 2.299999237060547
    endloop
  endfacet
  facet normal -1 0 0
    outer loop
      vertex 10.5 -8.010735511779785 1.5999994277954102
      vertex 10.5 -7.57772159576416 2.299999237060547
      vertex 10.5 -7.57772159576416 1.5999994277954102
    endloop
  endfacet
  facet normal -1 0 0
    outer loop
      vertex 10.5 -7.57772159576416 2.299999237060547
      vertex 10.5 -8.010735511779785 1.5999994277954102
      vertex 10.5 -8.010735511779785 2.299999237060547
    endloop
  endfacet
  facet normal -1 0 0
    outer loop
      vertex 10.5 7.57772159576416 1.5999994277954102
      vertex 10.5 8.010734558105469 2.299999237060547
      vertex 10.5 8.010734558105469 1.5999994277954102
    endloop
  endfacet
  facet normal -1 0 0
    outer loop
      vertex 10.5 8.010734558105469 2.299999237060547
      vertex 10.5 7.57772159576416 1.5999994277954102
      vertex 10.5 7.57772159576416 2.299999237060547
    endloop
  endfacet
  facet normal -1 0 0
    outer loop
      vertex 10.5 -5.41265869140625 0
      vertex 10.5 -4.979645729064941 2.299999237060547
      vertex 10.5 -4.979645729064941 0
    endloop
  endfacet
  facet normal -1 0 0
    outer loop
      vertex 10.5 -4.979645729064941 2.299999237060547
      vertex 10.5 -5.41265869140625 0
      vertex 10.5 -5.41265869140625 2.299999237060547
    endloop
  endfacet
  facet normal -1 0 0
    outer loop
      vertex 10.5 2.3815696239471436 0
      vertex 10.5 2.814582109451294 2.299999237060547
      vertex 10.5 2.814582109451294 0
    endloop
  endfacet
  facet normal -1 0 0
    outer loop
      vertex 10.5 2.814582109451294 2.299999237060547
      vertex 10.5 2.3815696239471436 0
      vertex 10.5 2.3815696239471436 2.299999237060547
    endloop
  endfacet
  facet normal -1 0 0
    outer loop
      vertex 10.5 -2.814582109451294 0
      vertex 10.5 -2.3815696239471436 2.299999237060547
      vertex 10.5 -2.3815696239471436 0
    endloop
  endfacet
  facet normal -1 0 0
    outer loop
      vertex 10.5 -2.3815696239471436 2.299999237060547
      vertex 10.5 -2.814582109451294 0
      vertex 10.5 -2.814582109451294 2.299999237060547
    endloop
  endfacet
  facet normal -1 0 0
    outer loop
      vertex 10.5 4.979645729064941 0
      vertex 10.5 5.412657737731934 2.299999237060547
      vertex 10.5 5.412657737731934 0
    endloop
  endfacet
  facet normal -1 0 0
    outer loop
      vertex 10.5 5.412657737731934 2.299999237060547
      vertex 10.5 4.979645729064941 0
      vertex 10.5 4.979645729064941 2.299999237060547
    endloop
  endfacet
  facet normal -1 0 0
    outer loop
      vertex 10.5 -0.21650616824626923 0
      vertex 10.5 0.21650616824626923 2.299999237060547
      vertex 10.5 0.21650616824626923 0
    endloop
  endfacet
  facet normal -1 0 0
    outer loop
      vertex 10.5 0.21650616824626923 2.299999237060547
      vertex 10.5 -0.21650616824626923 0
      vertex 10.5 -0.21650616824626923 2.299999237060547
    endloop
  endfacet
  facet normal 0 1 0
    outer loop
      vertex -10.311534881591797 -10.5 1.5999994277954102
      vertex -10.5 -10.5 2.299999237060547
      vertex -10.311534881591797 -10.5 2.299999237060547
    endloop
  endfacet
  facet normal 0 1 0
    outer loop
      vertex -10.5 -10.5 2.299999237060547
      vertex -10.311534881591797 -10.5 1.5999994277954102
      vertex -10.5 -10.5 1.5999994277954102
    endloop
  endfacet
  facet normal 0 1 0
    outer loop
      vertex 10.5 -10.5 1.5999994277954102
      vertex 10.31153392791748 -10.5 2.299999237060547
      vertex 10.5 -10.5 2.299999237060547
    endloop
  endfacet
  facet normal 0 1 0
    outer loop
      vertex 10.31153392791748 -10.5 2.299999237060547
      vertex 10.5 -10.5 1.5999994277954102
      vertex 10.31153392791748 -10.5 1.5999994277954102
    endloop
  endfacet
  facet normal 0 1 0
    outer loop
      vertex -5.811532497406006 -10.5 2.299999237060547
      vertex -6.329140663146973 -10.5 1.5999994277954102
      vertex -7.6884660720825195 -10.5 2.299999237060547
    endloop
  endfacet
  facet normal 0 1 0
    outer loop
      vertex -5.811532497406006 -10.5 0
      vertex -6.329140663146973 -10.5 1.5999994277954102
      vertex -5.811532497406006 -10.5 2.299999237060547
    endloop
  endfacet
  facet normal 0 1 0
    outer loop
      vertex -6.329140663146973 -10.5 1.5999994277954102
      vertex -5.811532497406006 -10.5 0
      vertex -6.329140663146973 -10.5 0
    endloop
  endfacet
  facet normal 0 1 0
    outer loop
      vertex -7.6884660720825195 -10.5 2.299999237060547
      vertex -6.329140663146973 -10.5 1.5999994277954102
      vertex -7.6884660720825195 -10.5 1.5999994277954102
    endloop
  endfacet
  facet normal 0 1 0
    outer loop
      vertex 6.329140663146973 -10.5 1.5999994277954102
      vertex 7.688466548919678 -10.5 2.299999237060547
      vertex 7.688466548919678 -10.5 1.5999994277954102
    endloop
  endfacet
  facet normal 0 1 0
    outer loop
      vertex 7.688466548919678 -10.5 2.299999237060547
      vertex 6.329140663146973 -10.5 1.5999994277954102
      vertex 5.811532497406006 -10.5 2.299999237060547
    endloop
  endfacet
  facet normal 0 1 0
    outer loop
      vertex 5.811532497406006 -10.5 0
      vertex 6.329140663146973 -10.5 1.5999994277954102
      vertex 6.329140663146973 -10.5 0
    endloop
  endfacet
  facet normal 0 1 0
    outer loop
      vertex 6.329140663146973 -10.5 1.5999994277954102
      vertex 5.811532497406006 -10.5 0
      vertex 5.811532497406006 -10.5 2.299999237060547
    endloop
  endfacet
  facet normal 0 1 0
    outer loop
      vertex -1.3115326166152954 -10.5 0
      vertex -3.1884663105010986 -10.5 2.299999237060547
      vertex -1.3115326166152954 -10.5 2.299999237060547
    endloop
  endfacet
  facet normal 0 1 0
    outer loop
      vertex -3.1884663105010986 -10.5 2.299999237060547
      vertex -1.3115326166152954 -10.5 0
      vertex -3.1884663105010986 -10.5 0
    endloop
  endfacet
  facet normal 0 1 0
    outer loop
      vertex 3.1884663105010986 -10.5 0
      vertex 1.3115326166152954 -10.5 2.299999237060547
      vertex 3.1884663105010986 -10.5 2.299999237060547
    endloop
  endfacet
  facet normal 0 1 0
    outer loop
      vertex 1.3115326166152954 -10.5 2.299999237060547
      vertex 3.1884663105010986 -10.5 0
      vertex 1.3115326166152954 -10.5 0
    endloop
  endfacet
  facet normal -1 0 0
    outer loop
      vertex 10.5 6.046298980712891 1.5999994277954102
      vertex 10.5 7.57772159576416 2.299999237060547
      vertex 10.5 7.57772159576416 1.5999994277954102
    endloop
  endfacet
  facet normal -1 0 0
    outer loop
      vertex 10.5 7.57772159576416 2.299999237060547
      vertex 10.5 6.046298980712891 1.5999994277954102
      vertex 10.5 6.046298980712891 2.299999237060547
    endloop
  endfacet
  facet normal -1 0 0
    outer loop
      vertex 10.5 8.010734558105469 1.5999994277954102
      vertex 10.5 8.02619743347168 2.299999237060547
      vertex 10.5 8.02619743347168 1.5999994277954102
    endloop
  endfacet
  facet normal -1 0 0
    outer loop
      vertex 10.5 8.02619743347168 2.299999237060547
      vertex 10.5 8.010734558105469 1.5999994277954102
      vertex 10.5 8.010734558105469 2.299999237060547
    endloop
  endfacet
  facet normal 0 -1 0
    outer loop
      vertex 7.688467025756836 10.5 1.5999994277954102
      vertex 8.02619743347168 10.5 2.299999237060547
      vertex 7.688467025756836 10.5 2.299999237060547
    endloop
  endfacet
  facet normal 0 -1 0
    outer loop
      vertex 8.02619743347168 10.5 2.299999237060547
      vertex 7.688467025756836 10.5 1.5999994277954102
      vertex 8.02619743347168 10.5 1.5999994277954102
    endloop
  endfacet
  facet normal -0.7071071842687665 -0.7071063781040987 0
    outer loop
      vertex 8.862688064575195 9.663508415222168 1.5999994277954102
      vertex 8.02619743347168 10.5 2.299999237060547
      vertex 8.02619743347168 10.5 1.5999994277954102
    endloop
  endfacet
  facet normal -0.7071071842687665 -0.7071063781040987 0
    outer loop
      vertex 8.02619743347168 10.5 2.299999237060547
      vertex 8.862688064575195 9.663508415222168 1.5999994277954102
      vertex 8.862688064575195 9.663508415222168 2.299999237060547
    endloop
  endfacet
  facet normal -0.7071067811865475 -0.7071067811865475 0
    outer loop
      vertex 10.5 8.02619743347168 1.5999994277954102
      vertex 9.686245918273926 8.839951515197754 2.299999237060547
      vertex 9.686245918273926 8.839951515197754 1.5999994277954102
    endloop
  endfacet
  facet normal -0.7071067811865475 -0.7071067811865475 0
    outer loop
      vertex 9.686245918273926 8.839951515197754 2.299999237060547
      vertex 10.5 8.02619743347168 1.5999994277954102
      vertex 10.5 8.02619743347168 2.299999237060547
    endloop
  endfacet
  facet normal -0.7071067811865476 -0.7071067811865476 0
    outer loop
      vertex 10.217156410217285 8.309040069580078 3.3999996185302734
      vertex 8.309040069580078 10.217156410217285 4.299999713897705
      vertex 8.309040069580078 10.217156410217285 3.3999996185302734
    endloop
  endfacet
  facet normal -0.7071067811865476 -0.7071067811865476 0
    outer loop
      vertex 8.309040069580078 10.217156410217285 4.299999713897705
      vertex 10.217156410217285 8.309040069580078 3.3999996185302734
      vertex 10.217156410217285 8.309040069580078 4.299999713897705
    endloop
  endfacet
  facet normal 0.7071063815436391 0.70710718082923 0
    outer loop
      vertex 10.5 6.046298980712891 1.5999994277954102
      vertex 10.078154563903809 6.468143939971924 2.299999237060547
      vertex 10.5 6.046298980712891 2.299999237060547
    endloop
  endfacet
  facet normal 0.7071063815436391 0.70710718082923 0
    outer loop
      vertex 10.078154563903809 6.468143939971924 2.299999237060547
      vertex 10.5 6.046298980712891 1.5999994277954102
      vertex 10.078154563903809 6.468143939971924 1.5999994277954102
    endloop
  endfacet
  facet normal 0.7071068344317563 0.7071067279413348 0
    outer loop
      vertex 9.950170516967773 6.596127510070801 2.299999237060547
      vertex 6.783925533294678 9.762372970581055 1.5999994277954102
      vertex 6.783925533294678 9.762372970581055 2.299999237060547
    endloop
  endfacet
  facet normal 0.7071068344317563 0.7071067279413348 0
    outer loop
      vertex 6.783925533294678 9.762372970581055 1.5999994277954102
      vertex 9.950170516967773 6.596127510070801 2.299999237060547
      vertex 9.950170516967773 6.596127510070801 1.5999994277954102
    endloop
  endfacet
  facet normal 0 -1 0
    outer loop
      vertex -8.02619743347168 10.5 1.5999994277954102
      vertex -7.688467025756836 10.5 2.299999237060547
      vertex -8.02619743347168 10.5 2.299999237060547
    endloop
  endfacet
  facet normal 0 -1 0
    outer loop
      vertex -7.688467025756836 10.5 2.299999237060547
      vertex -8.02619743347168 10.5 1.5999994277954102
      vertex -7.688467025756836 10.5 1.5999994277954102
    endloop
  endfacet
  facet normal 1 0 0
    outer loop
      vertex -10.5 6.046298980712891 2.299999237060547
      vertex -10.5 7.57772159576416 1.5999994277954102
      vertex -10.5 7.57772159576416 2.299999237060547
    endloop
  endfacet
  facet normal 1 0 0
    outer loop
      vertex -10.5 7.57772159576416 1.5999994277954102
      vertex -10.5 6.046298980712891 2.299999237060547
      vertex -10.5 6.046298980712891 1.5999994277954102
    endloop
  endfacet
  facet normal 1 0 0
    outer loop
      vertex -10.5 8.010734558105469 2.299999237060547
      vertex -10.5 8.02619743347168 1.5999994277954102
      vertex -10.5 8.02619743347168 2.299999237060547
    endloop
  endfacet
  facet normal 1 0 0
    outer loop
      vertex -10.5 8.02619743347168 1.5999994277954102
      vertex -10.5 8.010734558105469 2.299999237060547
      vertex -10.5 8.010734558105469 1.5999994277954102
    endloop
  endfacet
  facet normal 0.7071067811865475 -0.7071067811865475 0
    outer loop
      vertex -10.5 8.02619743347168 2.299999237060547
      vertex -9.686245918273926 8.839951515197754 1.5999994277954102
      vertex -9.686245918273926 8.839951515197754 2.299999237060547
    endloop
  endfacet
  facet normal 0.7071067811865475 -0.7071067811865475 0
    outer loop
      vertex -9.686245918273926 8.839951515197754 1.5999994277954102
      vertex -10.5 8.02619743347168 2.299999237060547
      vertex -10.5 8.02619743347168 1.5999994277954102
    endloop
  endfacet
  facet normal 0.7071071842687665 -0.7071063781040987 0
    outer loop
      vertex -8.862688064575195 9.663508415222168 2.299999237060547
      vertex -8.02619743347168 10.5 1.5999994277954102
      vertex -8.02619743347168 10.5 2.299999237060547
    endloop
  endfacet
  facet normal 0.7071071842687665 -0.7071063781040987 0
    outer loop
      vertex -8.02619743347168 10.5 1.5999994277954102
      vertex -8.862688064575195 9.663508415222168 2.299999237060547
      vertex -8.862688064575195 9.663508415222168 1.5999994277954102
    endloop
  endfacet
  facet normal 0.7071067811865476 -0.7071067811865476 0
    outer loop
      vertex -10.217156410217285 8.309040069580078 4.299999713897705
      vertex -8.309040069580078 10.217156410217285 3.3999996185302734
      vertex -8.309040069580078 10.217156410217285 4.299999713897705
    endloop
  endfacet
  facet normal 0.7071067811865476 -0.7071067811865476 0
    outer loop
      vertex -8.309040069580078 10.217156410217285 3.3999996185302734
      vertex -10.217156410217285 8.309040069580078 4.299999713897705
      vertex -10.217156410217285 8.309040069580078 3.3999996185302734
    endloop
  endfacet
  facet normal -0.7071063815436391 0.70710718082923 0
    outer loop
      vertex -10.078154563903809 6.468143939971924 1.5999994277954102
      vertex -10.5 6.046298980712891 2.299999237060547
      vertex -10.078154563903809 6.468143939971924 2.299999237060547
    endloop
  endfacet
  facet normal -0.7071063815436391 0.70710718082923 0
    outer loop
      vertex -10.5 6.046298980712891 2.299999237060547
      vertex -10.078154563903809 6.468143939971924 1.5999994277954102
      vertex -10.5 6.046298980712891 1.5999994277954102
    endloop
  endfacet
  facet normal -0.7071068344317563 0.7071067279413348 0
    outer loop
      vertex -9.950170516967773 6.596127510070801 1.5999994277954102
      vertex -6.783925533294678 9.762372970581055 2.299999237060547
      vertex -6.783925533294678 9.762372970581055 1.5999994277954102
    endloop
  endfacet
  facet normal -0.7071068344317563 0.7071067279413348 0
    outer loop
      vertex -6.783925533294678 9.762372970581055 2.299999237060547
      vertex -9.950170516967773 6.596127510070801 1.5999994277954102
      vertex -9.950170516967773 6.596127510070801 2.299999237060547
    endloop
  endfacet
  facet normal 1 0 0
    outer loop
      vertex -10.5 -7.57772159576416 2.299999237060547
      vertex -10.5 -6.046298980712891 1.5999994277954102
      vertex -10.5 -6.046298980712891 2.299999237060547
    endloop
  endfacet
  facet normal 1 0 0
    outer loop
      vertex -10.5 -6.046298980712891 1.5999994277954102
      vertex -10.5 -7.57772159576416 2.299999237060547
      vertex -10.5 -7.57772159576416 1.5999994277954102
    endloop
  endfacet
  facet normal 1 0 0
    outer loop
      vertex -10.5 -8.02619743347168 2.299999237060547
      vertex -10.5 -8.010734558105469 1.5999994277954102
      vertex -10.5 -8.010734558105469 2.299999237060547
    endloop
  endfacet
  facet normal 1 0 0
    outer loop
      vertex -10.5 -8.010734558105469 1.5999994277954102
      vertex -10.5 -8.02619743347168 2.299999237060547
      vertex -10.5 -8.02619743347168 1.5999994277954102
    endloop
  endfacet
  facet normal 0 1 0
    outer loop
      vertex -7.688467025756836 -10.5 1.5999994277954102
      vertex -8.02619743347168 -10.5 2.299999237060547
      vertex -7.688467025756836 -10.5 2.299999237060547
    endloop
  endfacet
  facet normal 0 1 0
    outer loop
      vertex -8.02619743347168 -10.5 2.299999237060547
      vertex -7.688467025756836 -10.5 1.5999994277954102
      vertex -8.02619743347168 -10.5 1.5999994277954102
    endloop
  endfacet
  facet normal 0.7071071842687665 0.7071063781040987 0
    outer loop
      vertex -8.02619743347168 -10.5 2.299999237060547
      vertex -8.862688064575195 -9.663508415222168 1.5999994277954102
      vertex -8.862688064575195 -9.663508415222168 2.299999237060547
    endloop
  endfacet
  facet normal 0.7071071842687665 0.7071063781040987 0
    outer loop
      vertex -8.862688064575195 -9.663508415222168 1.5999994277954102
      vertex -8.02619743347168 -10.5 2.299999237060547
      vertex -8.02619743347168 -10.5 1.5999994277954102
    endloop
  endfacet
  facet normal 0.7071067811865475 0.7071067811865475 0
    outer loop
      vertex -9.686245918273926 -8.839951515197754 2.299999237060547
      vertex -10.5 -8.02619743347168 1.5999994277954102
      vertex -10.5 -8.02619743347168 2.299999237060547
    endloop
  endfacet
  facet normal 0.7071067811865475 0.7071067811865475 0
    outer loop
      vertex -10.5 -8.02619743347168 1.5999994277954102
      vertex -9.686245918273926 -8.839951515197754 2.299999237060547
      vertex -9.686245918273926 -8.839951515197754 1.5999994277954102
    endloop
  endfacet
  facet normal 0.7071067811865476 0.7071067811865476 0
    outer loop
      vertex -8.309040069580078 -10.217156410217285 4.299999713897705
      vertex -10.217156410217285 -8.309040069580078 3.3999996185302734
      vertex -10.217156410217285 -8.309040069580078 4.299999713897705
    endloop
  endfacet
  facet normal 0.7071067811865476 0.7071067811865476 0
    outer loop
      vertex -10.217156410217285 -8.309040069580078 3.3999996185302734
      vertex -8.309040069580078 -10.217156410217285 4.299999713897705
      vertex -8.309040069580078 -10.217156410217285 3.3999996185302734
    endloop
  endfacet
  facet normal -0.7071063815436391 -0.70710718082923 0
    outer loop
      vertex -10.5 -6.046298980712891 1.5999994277954102
      vertex -10.078154563903809 -6.468143939971924 2.299999237060547
      vertex -10.5 -6.046298980712891 2.299999237060547
    endloop
  endfacet
  facet normal -0.7071063815436391 -0.70710718082923 0
    outer loop
      vertex -10.078154563903809 -6.468143939971924 2.299999237060547
      vertex -10.5 -6.046298980712891 1.5999994277954102
      vertex -10.078154563903809 -6.468143939971924 1.5999994277954102
    endloop
  endfacet
  facet normal -0.7071068344317563 -0.7071067279413348 0
    outer loop
      vertex -6.783925533294678 -9.762372970581055 1.5999994277954102
      vertex -9.950170516967773 -6.596127510070801 2.299999237060547
      vertex -9.950170516967773 -6.596127510070801 1.5999994277954102
    endloop
  endfacet
  facet normal -0.7071068344317563 -0.7071067279413348 0
    outer loop
      vertex -9.950170516967773 -6.596127510070801 2.299999237060547
      vertex -6.783925533294678 -9.762372970581055 1.5999994277954102
      vertex -6.783925533294678 -9.762372970581055 2.299999237060547
    endloop
  endfacet
  facet normal 0 1 0
    outer loop
      vertex 8.02619743347168 -10.5 1.5999994277954102
      vertex 7.688467025756836 -10.5 2.299999237060547
      vertex 8.02619743347168 -10.5 2.299999237060547
    endloop
  endfacet
  facet normal 0 1 0
    outer loop
      vertex 7.688467025756836 -10.5 2.299999237060547
      vertex 8.02619743347168 -10.5 1.5999994277954102
      vertex 7.688467025756836 -10.5 1.5999994277954102
    endloop
  endfacet
  facet normal -1 0 0
    outer loop
      vertex 10.5 -7.57772159576416 1.5999994277954102
      vertex 10.5 -6.046298980712891 2.299999237060547
      vertex 10.5 -6.046298980712891 1.5999994277954102
    endloop
  endfacet
  facet normal -1 0 0
    outer loop
      vertex 10.5 -6.046298980712891 2.299999237060547
      vertex 10.5 -7.57772159576416 1.5999994277954102
      vertex 10.5 -7.57772159576416 2.299999237060547
    endloop
  endfacet
  facet normal -1 0 0
    outer loop
      vertex 10.5 -8.02619743347168 1.5999994277954102
      vertex 10.5 -8.010735511779785 2.299999237060547
      vertex 10.5 -8.010735511779785 1.5999994277954102
    endloop
  endfacet
  facet normal -1 0 0
    outer loop
      vertex 10.5 -8.010735511779785 2.299999237060547
      vertex 10.5 -8.02619743347168 1.5999994277954102
      vertex 10.5 -8.02619743347168 2.299999237060547
    endloop
  endfacet
  facet normal -0.7071067811865475 0.7071067811865475 0
    outer loop
      vertex 9.686245918273926 -8.839951515197754 1.5999994277954102
      vertex 10.5 -8.02619743347168 2.299999237060547
      vertex 10.5 -8.02619743347168 1.5999994277954102
    endloop
  endfacet
  facet normal -0.7071067811865475 0.7071067811865475 0
    outer loop
      vertex 10.5 -8.02619743347168 2.299999237060547
      vertex 9.686245918273926 -8.839951515197754 1.5999994277954102
      vertex 9.686245918273926 -8.839951515197754 2.299999237060547
    endloop
  endfacet
  facet normal -0.7071071842687665 0.7071063781040987 0
    outer loop
      vertex 8.02619743347168 -10.5 1.5999994277954102
      vertex 8.862688064575195 -9.663508415222168 2.299999237060547
      vertex 8.862688064575195 -9.663508415222168 1.5999994277954102
    endloop
  endfacet
  facet normal -0.7071071842687665 0.7071063781040987 0
    outer loop
      vertex 8.862688064575195 -9.663508415222168 2.299999237060547
      vertex 8.02619743347168 -10.5 1.5999994277954102
      vertex 8.02619743347168 -10.5 2.299999237060547
    endloop
  endfacet
  facet normal -0.7071067811865476 0.7071067811865476 0
    outer loop
      vertex 8.309040069580078 -10.217156410217285 3.3999996185302734
      vertex 10.217156410217285 -8.309040069580078 4.299999713897705
      vertex 10.217156410217285 -8.309040069580078 3.3999996185302734
    endloop
  endfacet
  facet normal -0.7071067811865476 0.7071067811865476 0
    outer loop
      vertex 10.217156410217285 -8.309040069580078 4.299999713897705
      vertex 8.309040069580078 -10.217156410217285 3.3999996185302734
      vertex 8.309040069580078 -10.217156410217285 4.299999713897705
    endloop
  endfacet
  facet normal 0.7071063815436391 -0.70710718082923 0
    outer loop
      vertex 10.078154563903809 -6.468143939971924 1.5999994277954102
      vertex 10.5 -6.046298980712891 2.299999237060547
      vertex 10.078154563903809 -6.468143939971924 2.299999237060547
    endloop
  endfacet
  facet normal 0.7071063815436391 -0.70710718082923 0
    outer loop
      vertex 10.5 -6.046298980712891 2.299999237060547
      vertex 10.078154563903809 -6.468143939971924 1.5999994277954102
      vertex 10.5 -6.046298980712891 1.5999994277954102
    endloop
  endfacet
  facet normal 0.7071068344317563 -0.7071067279413348 0
    outer loop
      vertex 6.783925533294678 -9.762372970581055 2.299999237060547
      vertex 9.950170516967773 -6.596127510070801 1.5999994277954102
      vertex 9.950170516967773 -6.596127510070801 2.299999237060547
    endloop
  endfacet
  facet normal 0.7071068344317563 -0.7071067279413348 0
    outer loop
      vertex 9.950170516967773 -6.596127510070801 1.5999994277954102
      vertex 6.783925533294678 -9.762372970581055 2.299999237060547
      vertex 6.783925533294678 -9.762372970581055 1.5999994277954102
    endloop
  endfacet
endsolid OpenSCAD_Model
